"train_SR","valid_SR","test_SR","portsN","V1","V2","V3","V4","V5","V6","V7","V8","V9","V10","V11","V12","V13","V14","V15","V16","V17","V18","V19","V20","V21","V22","V23","V24","V25","V26","V27","V28","V29","V30","V31","V32","V33","V34","V35","V36","V37","V38","V39","V40","V41","V42","V43","V44","V45","V46","V47","V48","V49","V50","V51","V52","V53","V54","V55","V56","V57","V58","V59","V60","V61","V62","V63","V64"
0.36619278433352,0.192328477244202,0.297022915835627,5,0,0,0,0,0,0.417710066810608,0,0,1.42245800354002,0,0,0,0,0,0,0,0,0,0,0,0,0,0,-0.344148906820166,0,0,0,0,0,0,0,0,0,0,0,-0.570174167796878,0,0,0,0,0,0,0,0,0,0,0,0,0,0,0,0,0,0,0,0,0.0741550042664173,0,0,0,0,0,0,0
0.42797867410983,0.260278439409077,0.351364219951917,6,0,0,0,0,0,0.570508712618279,0,0,1.30414471769419,0,0,0,0,0,0,0,0,0,0,0,0,0,0,-0.751432540259117,0,0,0,0,0,0,0,0,0,0,0,-0.631475921629746,0,0,0,0,0.223102933961521,0,0,0,0,0,0,0,0,0,0,0,0,0,0,0,0.285152097614873,0,0,0,0,0,0,0
0.428093968085906,0.260414512714003,0.351471232196106,7,0,0,0,0,0,0.570754724391547,0,0,1.30386042137102,0,0,0,0,0,0,0,0,0,0,0,0,0,0,-0.752274811062376,0,0,0,0,0,0,0,0,0,0,0,-0.631582261908811,0,0,0,0,0.223384131948563,0,0,0,0.0003883667245544,0,0,0,0,0,0,0,0,0,0,0,0.285469428535498,0,0,0,0,0,0,0
0.435032848228807,0.269841666225236,0.359981320922152,8,0,0,0,-0.0282892127779589,0,0.593131221177296,0,0,1.29544691529183,0,0,0,0,0,0,0,0,0,0,0,0,0,0,-0.778478100583318,0,0,0,0,0,0,0,0,0,0,0,-0.632542047226555,0,0,0,0,0.234849508794997,0,0,0,0.0202324344622793,0,0,0,0,0,0,0,0,0,0,0,0.29564928086143,0,0,0,0,0,0,0
0.445165347045621,0.284066818576509,0.370824011826022,9,0,0,0,-0.0646329298447161,0,0.616245918745542,0,0,1.27763155059648,0,0,0,0,0,0,0,0,0,0,0,0,0,0,-0.819931395635921,0,0,0,0,0,0.0358223406521374,0,0,0,0,0,-0.636746515497009,0,0,0,0,0.245002764725094,0,0,0,0.0385463520292117,0,0,0,0,0,0,0,0,0,0,0,0.308061914229184,0,0,0,0,0,0,0
0.45204172970223,0.296291480369055,0.378736890004187,10,0,0,0,-0.0824253663728054,0,0.633746389508412,0,0,1.26809897351681,0,0,0,0,0,0,0,0,0,0,-0.0216116539802618,0,0,0,-0.838182746124572,0,0,0,0,0,0.0624599140820992,0,0,0,0,0,-0.636232343447781,0,0,0,0,0.250972705370998,0,0,0,0.047238072606095,0,0,0,0,0,0,0,0,0,0,0,0.315936054841009,0,0,0,0,0,0,0
0.473622588139528,0.333384678982715,0.400481450856688,11,0,0,0,-0.140446487883944,0,0.677080053370341,0,0,1.22656769396971,0,0,0,0,0,0.0459506692798631,0,0,0,0,-0.0835203464295939,0,0,0,-0.903260909890765,0,0,0,0,0,0.129572619593739,0,0,0,0,0,-0.631909713713524,0,0,0,0,0.268794309614833,0,0,0,0.0744939648346449,0,0,0,0,0,0,0,0,0,0,0,0.336678147254695,0,0,0,0,0,0,0
0.492886761483915,0.365774658617203,0.419925580557498,12,0,0,0,-0.183491434482308,0,0.697136805291903,0,0,1.1766554754167,0,0,0,0,0,0.0798989271686697,0,0,0,0,-0.141088901959939,0,0.0674686436496905,0,-0.962985617728617,0,0,0,0,0,0.181009028669914,0,0,0,0,0,-0.628977115417084,0,0,0,0,0.275900299445613,0,0,0,0.0906244177496419,0,0,0,0,0,0,0,0,0,0,0,0.34784947219581,0,0,0,0,0,0,0
0.500487282889406,0.377304724866163,0.427115950526466,13,0,0,0,-0.194646149426695,0,0.708205507095902,0,-0.025800299189746,1.16220174488303,0,0,0,0,0,0.0936707634791182,0,0,0,0,-0.154198963422702,0,0.0911716806253134,0,-0.979653468618036,0,0,0,0,0,0.202181205421289,0,0,0,0,0,-0.626577958879139,0,0,0,0,0.276871514697526,0,0,0,0.0963313467416087,0,0,0,0,0,0,0,0,0,0,0,0.350243076592525,0,0,0,0,0,0,0
0.506492965279955,0.385183387228167,0.432802539024811,14,0,0,0,-0.203441615927962,0,0.713967805526433,0,-0.0442139105727815,1.15154686337634,0,0,0,0,0,0.100969103854015,0,0,0,0,-0.163838658073813,0,0.102671635916514,0.0273662686910455,-0.994331966074835,0,0,0,0,0,0.212769923012649,0,0,0,0,0,-0.628282738284001,0,0,0,0,0.276366231183096,0,0,0,0.0990303117871185,0,0,0,0,0,0,0,0,0,0,0,0.349420745586178,0,0,0,0,0,0,0
0.523093028626768,0.409299935189851,0.448652235642341,15,0,0,0,-0.230535261419902,0,0.73023799816138,0,-0.0963343026823342,1.1165834479767,0.0178710277453005,0,0,0,0,0.119657167844263,0,0,0,0,-0.192583905363381,0,0.136304235337992,0.100209966299142,-1.0347003114375,0,0,0,0,0,0.238442659046086,0,0,0,0,0,-0.630106506075927,0,0,0,0,0.271776552767433,0,0,0,0.107507227801314,0,0,0,0,0,0,0,0,0,0,0,0.345670003999437,0,0,0,0,0,0,0
0.526628018574849,0.414578196132673,0.451607766479487,16,0,0,0,-0.235861613270002,0,0.733271201050553,0,-0.107304408338913,1.1095943846976,0.0218157501474633,0,0,0,0,0.122610009204909,0,0,0,0,-0.19948016255613,0,0.142048965674776,0.115452152630752,-1.04339626490172,0,0,0,0,0,0.24387336533908,0,0,0,0,0.00556684622271786,-0.631364572535234,0,0,0,0,0.270656569182444,0,0,0,0.109502873664285,0,0,0,0,0,0,0,0,0,0,0,0.343014903787429,0,0,0,0,0,0,0
0.540149478046929,0.434417009057215,0.461679673204354,17,0,0,0,-0.255203017034657,0,0.744041241774836,0,-0.148690643049413,1.07997660764136,0.0375587124017557,0,0,0,0,0.135547515413219,0,0,0,0,-0.227562909702249,0,0.162256109638567,0.174379470793972,-1.0761371537611,0,0,0,0,0,0.264136520213298,0,0,0,0,0.0277325366508196,-0.638735882302417,0,0,0,0,0.265011503059725,0,0,0,0.11376690027704,0,0,0,0.0137791165985893,0,0,0,0,0,0,0,0.32814337138665,0,0,0,0,0,0,0
0.550364350280345,0.449309268257514,0.471520998448787,18,0,0,0,-0.262322423069107,0,0.753464119464703,0,-0.168177219536304,1.05497618471257,0.051461923434707,0,0,0,0,0.148291666186822,-0.04302742993883,0,0,0,-0.241938109618049,0,0.182279556967373,0.214814307742098,-1.08805704858053,0,0,0,0,0,0.290229514158837,0,0,0,0,0.0398131495529166,-0.643425369043267,0,0,0,0,0.256982050224848,0,0,0,0.113753956288133,0,0,0,0.0208262463809341,0,0,0,0,0,0,0,0.320054924672144,0,0,0,0,0,0,0
0.551318709468663,0.450506368708002,0.472509054482923,19,0,0,0,-0.262868410046046,0,0.753747829351828,0,-0.169134021355146,1.05221046407444,0.0526101686558845,0,0,0,0,0.149368398871771,-0.0460618876200041,0,0,0,-0.242274832902492,0,0.184027317245634,0.218037782240741,-1.08763421063355,0,0,0,0,0,0.292927226656601,0,-0.00463427023542748,0,0,0.0411498290232144,-0.643077771045574,0,0,0,0,0.256501927966604,0,0,0,0.114312665821078,0,0,0,0.021405388951655,0,0,0,0,0,0,0,0.319386404978785,0,0,0,0,0,0,0
0.56190195382163,0.459582347473801,0.481163021019422,20,0,0,0,-0.273029722069283,0,0.757319801865464,0,-0.179142615696762,1.03439601411713,0.0610673476830024,0,0,0,0,0.15908179722938,-0.0805432148599685,0,0,0,-0.2499833281163,0,0.206121412788824,0.254004878382639,-1.08546165180512,0,0,0,0,0,0.323103678607702,0,-0.0377762181785366,0,0,0.0578724323082767,-0.644495731003119,0,0,0,0,0.250945738271061,0,0,0,0.123895978070974,0,0,0,0.0329767185402041,0,0,0,0,0,0,-0.0273009610194202,0.316947644883849,0,0,0,0,0,0,0
0.580688470933695,0.478628286642644,0.494895782126361,21,0,0,0,-0.288403491338938,0,0.755616911744911,0,-0.191235268379717,0.988353124946529,0.0772078404632751,0,0,0,0,0.174241199097088,-0.140558724867189,0,0,0,-0.263098360441674,0,0.238469536554924,0.319521070799842,-1.07511877778011,0,0,0,0,0,0.376196577669987,0,-0.0978660799265717,0,0,0.0886904508961178,-0.64258703247592,0,0,0,0,0.234639094778776,0,0,0,0.137773634128055,0,0,0,0.0514621469184117,0,0,0,0,0,0,-0.0859943555189343,0.299697750363611,0,0,0,0,0.0429927523675286,0,0
0.584270361828973,0.482585889833184,0.49709962690657,22,0,0,0,-0.290753185244572,0,0.75335154647625,0,-0.193304108447016,0.97873269648151,0.0803028510797523,0,0,0,0,0.177842639700049,-0.15203409277717,0,0,0,-0.26589729102283,0,0.24413642348915,0.330718067895212,-1.07073129492729,0,0,0,0,0,0.385803265198824,0,-0.109529672590054,0,0,0.0935048241423737,-0.641789280983389,0,0,0,0,0.230454028270839,0,0,0,0.140033676100034,0,0,0,0.0538298648063445,0,0,0,0,0,0.00999557628173443,-0.0992259813868661,0.294465058802763,0,0,0,0,0.0500943886543528,0,0
0.601034566364504,0.494417368177389,0.503640630503004,23,0,0,0,-0.30680304709106,0,0.757699767084229,0,-0.201801082158531,0.969661056180336,0.0905416890983123,0,0,0,0,0.187074445841481,-0.172304474294635,0,0,0,-0.264986152303401,0,0.276739347430544,0.349215410064108,-1.09025846860187,0,0,0,0,0,0.411011820652823,0,-0.16336099654456,0,0,0.116675286649733,-0.642721501491368,0,0,0,0,0.24663171509199,0,0,0,0.158591085778274,0,0,0,0.0732396533759929,0,0,0,0,-0.115450747763145,0.0555569788133961,-0.119981125632302,0.303297529528475,0,0,0,0,0.0817318102911784,0,0
0.607746912301379,0.500369020062313,0.506163150781011,24,0,0,-0.0118804630694624,-0.31169469202204,0,0.760343301524853,0,-0.204991521419482,0.967973633937506,0.0949730170497399,0,0,0,0,0.190984021692075,-0.179695982086733,0,0,0,-0.262613747186274,0,0.290931485776762,0.35727028138607,-1.09561587321319,0,0,0,0,0,0.421198872347758,0,-0.184923074398636,0,0,0.126066441055785,-0.644005524783695,0,0,0,0,0.255173784598768,0,0,0,0.166554533438901,0,0,0,0.080095934069249,0,0,0,0,-0.161443248600579,0.0733477370335581,-0.129145113937992,0.306684882066039,0,0,0,0,0.0944113147410226,0,0
0.610075125470376,0.502265215640802,0.507295062558438,25,0,0,-0.0153227534470643,-0.312105718397343,0,0.760647126129171,0,-0.205735623472035,0.967110782964857,0.0959230345730294,0,0,0,0,0.191991969112239,-0.182131237673409,0,0,0,-0.261786228515567,0,0.295218744442873,0.360651078330692,-1.09685535271809,0,0,0,0,0,0.423964668098938,0,-0.193560414252936,0,0,0.128527640891928,-0.644751980934905,0,0,0,0,0.25803266983102,0,0,0,0.16789566715002,0,0,0,0.0813324995350266,0,0,0,0,-0.175869643079308,0.0780600151132056,-0.13349054667286,0.30843105372382,0,0,0,0,0.0967905672304725,0,0.00703198203622314
0.632725485849689,0.522246267285971,0.517681810568351,26,0,0,-0.0512896083995191,-0.316556834934161,0,0.759659022727989,0,-0.212471249576282,0.95694849212399,0.103513216522494,0,0,0,0,0.201843997274592,-0.206369853082413,0,0,0,-0.252889405405343,0,0.335252132930876,0.392360343732315,-1.10702810968169,0,0.0215834430728019,0,0,0,0.447419808447272,0,-0.283171462302207,0,0,0.153154426143665,-0.649682859425638,0,0,0,0,0.284071224487879,0,0,0,0.181707299521644,0,0,0,0.0931303893368398,0,0,0,0,-0.323937720031451,0.126099725879838,-0.179255156520372,0.324797949442721,0,0,0,0,0.121477263864964,0,0.0796335238492008
0.64063757117273,0.528598954906999,0.521466865536105,27,0,0,-0.0664876520526163,-0.318228748767617,0,0.757678207045879,0,-0.216703929344686,0.951630819290224,0.105954696462257,0,0,0,0.0148722621107838,0.204415941165465,-0.215510736725547,0,0,0,-0.251582121036824,0,0.347148264986838,0.40411118087699,-1.10829141535982,0,0.02640056442739,0,0,0,0.455444485541432,0,-0.315089706942719,0,0,0.162732353748979,-0.651194100801793,0,0,0,0,0.294799108202947,0,0,0,0.183866598704202,0,0,0,0.0958762175163078,0,0,0,0,-0.376227721338029,0.143003499813573,-0.195530039879197,0.331474673348643,0,0,0,0,0.129654350996222,0,0.105782948010718
0.655530091892325,0.540397763373651,0.527948793112125,28,0,0,-0.0966095505143083,-0.321435511568218,0,0.752044859280053,0,-0.223664044201118,0.939941609704748,0.111014418450585,0,0,0,0.0452240717580373,0.20838050283513,-0.233958828584265,0,0,0,-0.248718453466326,0,0.370437598817696,0.426331688666257,-1.10943989689678,0,0.0365647918083288,0,0,0,0.469970667477112,0,-0.378637900357551,0,0,0.182075584531535,-0.652969350447756,0,0,0,0,0.315766927410881,0,0,0,0.18761464791188,0,0,0,0.100907387034142,0,0,0,0,-0.481596065376839,0.173581260628735,-0.229371787616853,0.344035245423329,0,0.0109769827584535,0,0,0.146005066975951,0,0.155528077557163
0.665376344395906,0.551725476630442,0.526877469452003,29,0,0,-0.109847131256924,-0.316087647957594,0,0.745827197212169,0,-0.233128490383226,0.938537189517913,0.117987003648247,0,0,0,0.0630544801342869,0.2086897185504,-0.246315911493555,-0.0665356644009789,0,0,-0.240956495671734,0,0.387162710761365,0.449212883849532,-1.09998961400808,0,0.0498606763652295,0,0,0,0.48125890473636,0,-0.405433757176411,0,0,0.195598702992716,-0.652317619287078,0,0,0,0,0.327635685939182,0,0,0,0.197757205944632,0,0,0,0.111493970669788,0,0,0,0,-0.541644775944929,0.184467984511147,-0.25166800567039,0.35106823835385,0,0.0187396986587187,0,0,0.155194824125606,0,0.180378037279753
0.671993944091172,0.560415633025731,0.525505684973053,30,0,0,-0.119490910180033,-0.311091013204388,0,0.739463091653499,0,-0.237474992679904,0.934845063571539,0.123219585957907,0,0,0,0.0749442675061436,0.208114680039684,-0.254827308219177,-0.114763188216702,0,0,-0.234572688875731,0,0.398975712813311,0.465350539165699,-1.09155447775617,0,0.0594730140918316,0,0,0,0.487972960397743,0,-0.425788912711372,0,0,0.205993143541887,-0.650707032302329,0,0,0,0,0.335057324034917,0,0,0,0.203291180772489,0,0,0,0.118752705287116,0,0,0,0,-0.5833821575091,0.189764327649651,-0.267934809984915,0.354684484798672,0,0.0246513757738154,0,0.00787971264551036,0.161003835554338,0,0.198150486384069
0.683382238377307,0.575530157037133,0.522134261386977,31,0,0,-0.135755330908633,-0.301569863106614,0,0.726066211856558,0,-0.246756106679685,0.931278968443425,0.130495513437027,0,0,0,0.0952160665981318,0.204538044046906,-0.271336192021265,-0.199706935429811,0,0,-0.224358867720518,0,0.41906720878363,0.49228941523679,-1.08029585553648,0,0.0690360147793755,0.0321755064853282,0,0,0.498083262449914,0,-0.464104182976813,0,0,0.223899371627286,-0.649911926891796,0,0,0,0,0.345966948097992,0,0,0,0.213029403054374,0,0,0,0.132206726875363,0,0,0,0,-0.660544596955364,0.202072317138099,-0.299395633595122,0.36221556765385,0,0.0350027373592164,0,0.0186034440474571,0.171220626110845,0,0.231272137740531
0.686878257560061,0.580773365370877,0.521045300857827,32,0,0,-0.140592043366332,-0.29883078363033,0,0.722968218211148,0,-0.249022323337646,0.930977784267853,0.132842674166737,0,0,0,0.101296838662375,0.205557981335683,-0.275274908666848,-0.220837139265939,-0.0142465255954063,0,-0.222362188438561,0,0.426797207077294,0.502348090018297,-1.07696401977485,0,0.0714998343370234,0.0400791620603449,0,0,0.502303777167946,0,-0.475411017963332,0,0,0.230556848920982,-0.649629338126864,0,0,0,0,0.350018373489853,0,0,0,0.215280154140295,0,0,0,0.137410749252748,0,0,0,0,-0.682063225607011,0.205544069164324,-0.310084372194526,0.364308697302257,0,0.0383729934171535,0,0.0215390747284551,0.174040349407615,0,0.241575008839265
0.693724811490489,0.590982965606688,0.518563671180766,33,0,0,-0.150869071122375,-0.294569809896095,0,0.717107343904863,0,-0.25373493721406,0.929301778687841,0.13758416037363,0,0,0.00716769937629852,0.113178302129285,0.207408406206674,-0.284130898690045,-0.265450541650347,-0.0440163964917984,0,-0.218972178096126,0,0.442348702402896,0.523068910262771,-1.069588143636,0,0.0757745539326641,0.0554089948747776,0,0,0.510612244564886,0,-0.498236698872849,0,0,0.242508548680024,-0.648867993871244,0,0,0,0,0.357939603383677,0,0,0,0.220506068739798,0,0,0,0.14810808306254,0,0,0,0,-0.7246562930174,0.213119784675989,-0.332001055400975,0.368937272458943,0,0.0455811966425174,0,0.0277217494031827,0.179331072364821,0,0.262379541831237
0.698487378300338,0.598220269277989,0.516549845571813,34,0,0,-0.157451217513585,-0.290214959652957,0,0.707970741868917,0,-0.254358461095924,0.92711626639893,0.140549505273154,0,0,0.0132493603549379,0.120858553598141,0.208136278858272,-0.288745821530684,-0.29812243250395,-0.0664083975614309,0,-0.218365598424493,0,0.451389655662802,0.534462169754285,-1.06134337443065,0,0.0764852225874272,0.0621053236980422,0,0,0.515584309571582,0,-0.518620696947658,0,0,0.249556505169818,-0.648800347211876,0,0,0.0307210763013227,0,0.361417834543736,0,0,0,0.221144462781056,0,0,0,0.154172643703858,0,0,0,0,-0.75252776859636,0.215899055473964,-0.345622122903186,0.370159568572763,0,0.0511210277049963,0,0.0326273321838169,0.18182036171998,0,0.274033942590957
0.71208785924286,0.610046729590796,0.508960061039165,35,0,0,-0.173592605319152,-0.289700577455626,0,0.69903810326902,0,-0.269204847698626,0.947328985188989,0.14286156851013,0,0,0.0264078418117493,0.142973827120387,0.213955857666165,-0.302233557386568,-0.380143826179393,-0.126893543152425,0,-0.224365332116964,0,0.481075700546502,0.578900088734867,-1.06322888421612,0,0.0815877155621491,0.0745216915075459,0,0,0.544285629742505,0,-0.571592085695426,0,0,0.271945582143771,-0.664907692301615,0,0,0.102817685908623,0,0.386822913674948,0,0,0,0.235356186242475,0,0,0,0.176570225299474,0,0,0,0,-0.828464629895798,0.232262843732566,-0.374853511944686,0.39118749384191,-0.0866482197528916,0.0762288350227573,0,0.0428661734994325,0.192760035431041,0,0.314074328658283
0.714586253569823,0.612156557572948,0.507508717635614,36,0,0,-0.176702746114495,-0.289156786679311,0,0.697383320997402,0,-0.271842998138664,0.951173745465749,0.14272439176941,0,0,0.0286479146620087,0.146679639130365,0.214905310689241,-0.303994712248395,-0.395214963849013,-0.138072717014494,0,-0.225904362946262,0,0.485845162373143,0.586070566714208,-1.06333950285153,0,0.0817354059228212,0.0776732702702896,0,0,0.550913287198813,0,-0.581384754184557,0,0,0.276619992738004,-0.668593314767961,0,0,0.118189035724689,0,0.391185815224874,0,0,0,0.237810819250443,0,0,0,0.18060001804527,0,0,0,0,-0.841661221707053,0.236311883249881,-0.379164484537528,0.395230193971855,-0.102211142335932,0.0828618980962327,-0.00916949061640485,0.0450519010385579,0.194503312952046,0,0.324296312506294
0.716609518715803,0.61290976224417,0.506706831678228,37,0,0,-0.179752454271817,-0.288491833448541,0,0.698392092709464,0,-0.272604491616501,0.952620374322654,0.141957890471758,0,0,0.0297260264244473,0.148522315731765,0.216293605163663,-0.305178399567474,-0.405042829200616,-0.145166960913007,0,-0.225821566682147,0,0.490511221038217,0.590191813393881,-1.06219023270202,0,0.0834118053281978,0.0810569659078838,0,0,0.557071934916653,0,-0.587428031554638,0,0,0.278892983861317,-0.671365645864469,0,0,0.131549655462105,0,0.395661971703536,0,-0.0187877775776197,0,0.239416369787137,0,0,0,0.183701781920446,0,0,0,0,-0.848638554334042,0.239049377706149,-0.381393566507615,0.398232594336611,-0.110943571129902,0.0883807371440193,-0.0146548322308305,0.0464731848663829,0.196023755934258,0,0.330322289470691
0.717647587195368,0.613338655094391,0.506152034477634,38,0,0,-0.181172370992978,-0.288223107607557,0,0.698341680678899,0,-0.273351671486539,0.953080922203126,0.141575970532195,0,0.00265607742578553,0.0298333393060832,0.149388531735003,0.216795360810815,-0.306332743881746,-0.410087982919846,-0.148791717436558,0,-0.225496484300734,0,0.492704358014524,0.592475418851636,-1.0616786955551,0,0.0841010831323547,0.0827384997151274,0,0,0.559909575880754,0,-0.591007102222999,0,0,0.279706149105434,-0.672712905379065,0,0,0.138586006878861,0,0.397934598310466,0,-0.0276566234914257,0,0.240075963786424,0,0,0,0.185153207017697,0,0,0,0,-0.852258900735621,0.240516286513042,-0.382303364415501,0.399709133124694,-0.115055666657536,0.0907424802904959,-0.0172339759964005,0.0470944717298607,0.196728134216708,0,0.333516063819622
0.728413328017215,0.61244095655991,0.499088477466812,39,0,0,-0.194511020731675,-0.291458037625389,0,0.708116517553851,-0.0373610463837707,-0.285991347284383,0.968819860647225,0.139486202292885,0,0.0316213399268666,0.0357985686329691,0.15963528392118,0.225906991416166,-0.31577267849699,-0.459314459734416,-0.180521049027668,0,-0.215496782014769,0,0.514868421293905,0.62577616828737,-1.06582148026416,0,0.083140823765844,0.103600405690746,0,0,0.595258459993044,0,-0.629408642997205,0,0,0.286554470395365,-0.690731943066923,0,0,0.206859516828825,0,0.42396787323036,0,-0.117167055490556,0,0.250956695263867,0,0,0,0.200694484676587,0,0,0,0,-0.896694238436159,0.261928392900142,-0.394779380550187,0.418515759017836,-0.160689760545419,0.111519106489949,-0.0388968889991836,0.0507292075364749,0.202319505344546,0,0.368541756542852
0.728840589440448,0.612335362302894,0.498779526828753,40,0,0,-0.195134329807767,-0.291614946933905,0,0.708531575147094,-0.0388890898645789,-0.286460518031392,0.969389478661878,0.139412190408137,0,0.0329286869789397,0.0360761424160384,0.16007399797336,0.226288343261395,-0.316206642245317,-0.461360595305447,-0.181799994536933,0,-0.214979410328455,0,0.515692149602054,0.627112308806539,-1.06589526382129,0,0.0829829303847849,0.104430703464046,0,0,0.596626634728285,0,-0.631010922129054,0,0,0.28667289253044,-0.691466116157777,0,0,0.209767067831324,0,0.424980895254661,0,-0.120896976341695,0,0.251410870085212,0,0,0,0.201362117864455,0,0.00078814796951932,0,0,-0.898728896854721,0.262747975472206,-0.395329277520543,0.4193263847314,-0.162483486932728,0.112227284190198,-0.0397538815331628,0.0508544687951243,0.202408164601104,0,0.369918937186565
0.745267325978423,0.602714351626791,0.488091604424873,41,0,0,-0.219112911887177,-0.308432229170601,0,0.733097489787345,-0.0976749996317847,-0.304801649055713,1.00020184858964,0.133088990735398,0,0.0817676131874742,0.0485249896179143,0.176441929571268,0.239205024718954,-0.332852546883047,-0.532437943393937,-0.221756443264856,0,-0.194554383674879,0,0.551034961530321,0.675130020430558,-1.07032847427962,0,0.093163636453832,0.136137292397867,0,0,0.658041327086009,0,-0.692191335605632,0,0,0.287612567279323,-0.72811628865719,0,0,0.314185128190644,0,0.476013617453872,-0.106557456902756,-0.232915524502705,0,0.277129880652167,0,0,0,0.231701057601198,0,0.040059199839195,0,0,-0.982212838547225,0.294726163871902,-0.419782745239708,0.456629096413563,-0.218879893684585,0.148538774465605,-0.0768445592971027,0.0601864003048694,0.209206232223569,0,0.417628981276029
0.757509936329792,0.592171534015451,0.47699042308243,42,-0.029694528372159,0,-0.235411342183999,-0.319220148256554,0,0.758374386939636,-0.14938179328937,-0.31810742055208,1.02915555956833,0.127278728738071,0,0.124458247975718,0.0640343044100508,0.192735815319733,0.251257128893683,-0.345957002824172,-0.58649072071034,-0.255737724544229,0,-0.175783810543955,0,0.583958446981647,0.718801770444829,-1.07394789801021,0,0.10171041680361,0.163706546838682,0,0,0.709377141696984,0,-0.747320569326274,0,0,0.286545431859313,-0.757400291135599,0,0,0.403800750340088,0,0.519680047862871,-0.193984389051,-0.335785132851262,0,0.297855170702604,0,0,0,0.257938919687114,0,0.0734552441253561,0,0,-1.05380134314898,0.325524074455013,-0.442377819845922,0.489077515214137,-0.270740290965594,0.182064955934712,-0.109570775353222,0.0682884280087421,0.212266617600229,0,0.459367350563756
0.759495501048394,0.590227085043262,0.475127390777643,43,-0.032345070640228,0,-0.238665376147283,-0.321535984222306,-0.00566881087869127,0.763479770154639,-0.158407230044982,-0.320784775041734,1.035119452959,0.126543598270908,0,0.132167492098583,0.067510278818643,0.195615766092932,0.253712005218276,-0.348107339056411,-0.595675613781279,-0.261459608633923,0,-0.172804827230686,0,0.59047549061619,0.726705081360156,-1.07525480522895,0,0.10362950327755,0.16958715287708,0,0,0.719623749417149,0,-0.758653201950362,0,0,0.286196256110033,-0.762975527316296,0,0,0.419348090177408,0,0.52781512750578,-0.210095653004092,-0.353003707626899,0,0.301766597315408,0,0,0,0.262809902513031,0,0.0790662123884113,0,0,-1.06660866700533,0.330105330770926,-0.446591338832241,0.494920751164504,-0.279653385976886,0.187963037869685,-0.115415750028299,0.0697654566395323,0.213069691420624,0,0.466710877610444
0.780514175371888,0.567201677899046,0.451074227790879,44,-0.0699608210913705,0,-0.278034165970007,-0.352249655154783,-0.0799619850842013,0.831092341148254,-0.273262054505214,-0.35213925065416,1.11950521215506,0.12055667910422,0,0.235045649959064,0.114386929633871,0.231688951605584,0.289783204237374,-0.372619838962,-0.713070978690237,-0.339890668725006,0,-0.142404006591084,0,0.681542285759027,0.827367691374741,-1.1072987083083,0,0.132025728746111,0.233084619974966,0,0,0.847048183728774,0,-0.927089900944816,0,0,0.277786194928196,-0.844805905019308,0,0,0.614333475859687,0,0.634689864943909,-0.444752366818267,-0.573298056832542,0,0.344841820411557,0,0.091621374427322,0,0.332017340684398,0,0.156764450833068,0,0,-1.24486410947591,0.384866069854404,-0.507728372695271,0.575837536126527,-0.393631210052584,0.256468449268611,-0.192639605284452,0.0830792371472611,0.229321456171039,0,0.56494691277648
0.781592403649003,0.565767326358726,0.449386030805989,45,-0.0720480402125421,0,-0.280464334675097,-0.354134456573771,-0.0848154619432416,0.835735453041812,-0.281290141276035,-0.354551594189107,1.12550128903475,0.120113463376347,0,0.24198116887302,0.11770687375454,0.233763209024737,0.292362975799853,-0.374405621484566,-0.721512085127327,-0.345003225652843,0,-0.140373367220536,0,0.687258190938084,0.833921816880503,-1.10988111935884,0,0.133837606661697,0.237888775560773,0,0,0.85591234427102,0,-0.938109902435346,0,0,0.2773353325842,-0.850848554851826,0,0,0.62621735515294,0,0.641925420637175,-0.460132244486315,-0.58824726314276,0,0.34803998971221,0,0.0978126408167415,0,0.335946029009998,0,0.161617791280241,0.00318018032583882,0,-1.25649746468145,0.38884326409826,-0.512343009352038,0.580765756145784,-0.401083272335488,0.260693060851215,-0.198024493432345,0.0836236934132013,0.230264283125436,0,0.571517688061105
0.783333694528489,0.563559266133709,0.446455387035775,46,-0.0752092404374027,0,-0.284115163108836,-0.357758771971035,-0.0918399303135524,0.843134205147751,-0.293854718131728,-0.358989462487862,1.13586844729652,0.119884222345282,0,0.252358833496871,0.123391261349738,0.237178990633017,0.296762800274227,-0.379464877024955,-0.737198566938424,-0.353231787720475,0,-0.137750189427878,0,0.696520721001611,0.84416264160938,-1.1158617541979,0,0.136666779844136,0.24439866721349,0.0103806601486849,0,0.870495025438354,0,-0.958192267662437,0,0,0.276283584773193,-0.860762666405248,0,0,0.645210928973764,0,0.653409493342854,-0.482852426468605,-0.614691284901038,0,0.353409958636128,0,0.107107279560058,0,0.342237903416041,0,0.169257213199223,0.0084677534696338,0,-1.27600528517171,0.396293049587727,-0.521116656982135,0.58913265981165,-0.412007365049443,0.268295915510696,-0.207323439818061,0.0839725291654183,0.232661411933791,0,0.581282917039473
0.783523216863709,0.563326141561053,0.446153771187612,47,-0.0754795953054321,-0.000444035503556474,-0.284493071121555,-0.358118105205635,-0.0925566561897828,0.844009542234551,-0.295209786854482,-0.359433586413255,1.13706312986503,0.119866611190776,0,0.253470834872423,0.124043123903556,0.237589096281203,0.297243195739475,-0.380018054988591,-0.738938178669197,-0.354176257972407,0,-0.137475654940538,0,0.697564233253027,0.845320441225863,-1.11650910103754,0,0.13699510203448,0.245168058318822,0.0115091866205814,0,0.872125921161563,0,-0.960438443366255,0,0,0.276161500143775,-0.861838621890315,0,0,0.647316932777055,0,0.654696899236054,-0.485358679251249,-0.617686950397976,0,0.354001028076042,0,0.108159291382095,0,0.342909508786832,0,0.170132149842686,0.00905621082609473,0,-1.27814292069476,0.39711910134452,-0.522118903748226,0.590049819697792,-0.41320536094589,0.269137920192595,-0.208395356152719,0.0840004947884597,0.232948765373806,0,0.582379221480196
0.783965516647044,0.56284255473321,0.445512166648332,48,-0.0762954975165863,-0.00149395771487167,-0.285367152629606,-0.359022884314838,-0.0939618653267161,0.845864230898731,-0.297897997331632,-0.360175834622407,1.13950069539724,0.119715528261922,0,0.256254547455141,0.125557370821347,0.238416430527107,0.298305397939774,-0.381032740019917,-0.742306809296825,-0.356319136010244,0,-0.136889871476258,0,0.699957524676369,0.847707499128265,-1.11727033695555,0,0.138009858529008,0.24722688645771,0.0139513193868648,0,0.875845603679617,-0.0032520587389276,-0.964778279737327,0,0,0.275518794819415,-0.864237800525452,0,0,0.651823338975033,0,0.658057977900027,-0.490937007659075,-0.624227468531799,0,0.354917172092789,0,0.111198101664856,0,0.344444266274226,0,0.171985365548615,0.0104579660842818,0,-1.28255057588792,0.398482614492356,-0.524033701323084,0.592053670668184,-0.415688394437188,0.27093974522755,-0.211089657793134,0.0841754138559813,0.23347143789429,0,0.584990269192659
0.784181083345812,0.562597116336197,0.445211518998532,49,-0.0766043333751462,-0.00202852819528826,-0.285719570385786,-0.35936617072971,-0.0945807784589104,0.846747854457075,-0.299102279688817,-0.360488071420695,1.14071145476473,0.119687081800595,0,0.257515706788799,0.126262495393958,0.238828133620151,0.298867245295567,-0.381651413395927,-0.74390588644707,-0.357428387927545,0,-0.136775862279441,0,0.701051374591923,0.848822949870797,-1.11781273957808,0,0.138404874280248,0.248184117812883,0.0150879054460321,0,0.877698805166137,-0.00478873630342629,-0.967047904353629,0,0,0.275212907809826,-0.8655892312043,0,0,0.653856022584916,0.00107420147301395,0.659723393954094,-0.493548490642551,-0.627420246612169,0,0.35526403213106,0,0.112475431737766,0,0.34520961888496,0,0.172920736360465,0.0111073886420071,0,-1.28472965978959,0.399285342822745,-0.525011044373489,0.592940886792235,-0.416876768276772,0.271742280775036,-0.212399153561588,0.0842798644603832,0.233735710087118,0,0.586177439195406
0.784239842761989,0.562530963001707,0.445137092394869,50,-0.0766883674620305,-0.002167781169463,-0.285806735245587,-0.359455442325417,-0.0947223248138898,0.846980114115104,-0.299438946793234,-0.360608777550354,1.14101932995438,0.11970282702467,0,0.257822109008568,0.12645678248236,0.238916555977857,0.299022704851696,-0.38180914354919,-0.744337724143539,-0.357725991933329,0,-0.136739478987184,0,0.701391898456745,0.849112894677363,-1.11797100706936,0,0.138478819638332,0.248415505554444,0.0154005579162193,0,0.878190434350926,-0.00514599799748529,-0.967663688904269,0,0,0.27516058838301,-0.865925912822858,0,0,0.654374144869817,0.00137764612015594,0.660170986981099,-0.494204501555199,-0.628304361461238,0,0.35537782649397,0,0.11281182309287,0,0.345458110484214,-0.00023400845661128,0.173195056287862,0.0112922189185567,0,-1.28529278980909,0.399518099235192,-0.525256416984711,0.593197187478274,-0.417155019895353,0.271966759001705,-0.21273062035915,0.0843068538193272,0.233798536849001,0,0.586468667264825
0.785642412622243,0.560987801632382,0.443630912482085,51,-0.0784121299649563,-0.00555459832016061,-0.288202676808599,-0.361637868976389,-0.0977253326913896,0.852782367464231,-0.307821931007241,-0.363506222183674,1.14899870970107,0.12046443533114,0,0.264740546392948,0.130515631595394,0.240634929609201,0.302253292431239,-0.384999944570713,-0.754472566217523,-0.363320678939098,0,-0.135118305765095,0,0.708822524840893,0.855051984048512,-1.12164914745568,0,0.140922842155293,0.254614398181225,0.0218080090255297,0,0.88901391852843,-0.0133156249629798,-0.983106132453496,0,0,0.273468331382395,-0.872839366901899,0,0,0.66688553090296,0.0079121585411297,0.669457365187991,-0.508678507287188,-0.648676083667581,0,0.357938592564016,0,0.121782580832888,0,0.350338593979342,-0.00614859503168167,0.179649526664691,0.0158302013373854,0,-1.29794045694651,0.404689349992013,-0.531157693394177,0.599753697918244,-0.423100581257907,0.279090354772084,-0.218161885203183,0.0850129471129581,0.235742852535862,-0.00901712900058483,0.596387785978643
0.787752692622838,0.557785270504808,0.440963115831425,52,-0.0808037613183997,-0.0117689561773496,-0.29131865479401,-0.364806253116554,-0.101913725519468,0.859597894419261,-0.318610846351724,-0.367584315068285,1.16076071616535,0.121675879320027,0,0.274934355057365,0.136423315976221,0.242345731663469,0.307729231756083,-0.390618732103407,-0.772488814367184,-0.372975883928885,0.0115078237739426,-0.134271925679031,0,0.719461244171567,0.86012462216844,-1.12800969122869,0,0.144635733715084,0.264082587539168,0.0323189483508373,0,0.90451174756528,-0.0250648312793153,-1.00686133999915,0,0,0.269909777781114,-0.88364926338797,0,0,0.688042841737853,0.0172349611217213,0.683606613385753,-0.529826169406253,-0.678157701974733,0,0.360914469108771,0,0.136498610365816,0,0.357247024524531,-0.0153408709830159,0.190125748562596,0.0225974261632752,0,-1.31767005508044,0.412624678599701,-0.539961464053407,0.609195024632662,-0.431400166242021,0.287937660622023,-0.226672451443033,0.0851834162355705,0.239669943913956,-0.0229865624113095,0.611864407516199
0.789606037809342,0.554533794769307,0.438734103852437,53,-0.0826467781530675,-0.0188929105220988,-0.2934486149614,-0.365840623638716,-0.105612485946319,0.86480465872987,-0.32816432426102,-0.370250732601998,1.17056385333685,0.123685210339026,-0.00693908595788439,0.284285388972026,0.141447747856785,0.244380800091228,0.312853071270651,-0.393599960468132,-0.787382551577652,-0.38205345568291,0.0223030030472012,-0.133736114262013,0,0.729445602032756,0.863917084781506,-1.13228629945869,0,0.148702509522589,0.272154631093101,0.0419752663707959,0,0.91712603472276,-0.0359667369486302,-1.02763567827466,0,0,0.266938447291182,-0.892127385491227,0,0,0.70728793938521,0.0256177414649391,0.696037111816524,-0.546054881516798,-0.706710711746599,0,0.362212584048798,0,0.149592322357297,0,0.363044838530061,-0.0244869006333473,0.199827040021159,0.0290861045769726,0,-1.33378109508261,0.420099613840282,-0.547618711680982,0.61691835095244,-0.438361030144719,0.296062366591105,-0.234449457846628,0.0855954400716204,0.242453866546801,-0.0358680691193566,0.625495966315924
0.79352548507108,0.547215145297429,0.433680275236646,54,-0.086831737285414,-0.0351555078203577,-0.299092972057018,-0.368534634497001,-0.114329179907094,0.875398313976412,-0.347394953560589,-0.374519954752786,1.19166329393569,0.128298059877778,-0.0223492516663315,0.305131638475837,0.153236640778523,0.24948010185361,0.324228867830833,-0.401323488245581,-0.822769815399498,-0.402342315611132,0.0473473055757152,-0.132152571937836,0,0.751144010528696,0.871876588392335,-1.13877005805006,0,0.159153324166927,0.289446216717256,0.0645896439290277,0,0.944213431702078,-0.0618194462367694,-1.0724000866309,0,0,0.259680159816515,-0.91098292105914,0,0,0.751743369983369,0.0445675703759102,0.725077463719366,-0.579850272755549,-0.769981094930178,0,0.364755758236116,-0.0120284826954551,0.180457768885172,0,0.376482560231554,-0.0452089304418493,0.221819376113998,0.0438401344221799,0,-1.36786888910325,0.436185077356908,-0.563263068912384,0.633739432438049,-0.451275126416103,0.315647978017671,-0.252859747819721,0.0874674328985812,0.247447711105357,-0.0652828376614148,0.654268114111959
0.79529389579997,0.543759729039393,0.43147238225597,55,-0.0886158588310458,-0.0428082728482661,-0.301716352439195,-0.369694148455348,-0.118747007013199,0.880872834605259,-0.357137780734938,-0.3763048036554,1.20123845602831,0.130404889999141,-0.0298052018282491,0.31512963221463,0.159514975102034,0.251805781857233,0.330038187516775,-0.404866628087565,-0.839547239093346,-0.41229601936868,0.0594062413653513,-0.131347577824563,0,0.761150662222585,0.875063243094839,-1.1416628960864,0,0.164101525450404,0.298020107439525,0.075246887085501,0,0.957008424028836,-0.0749876610622879,-1.0944635747653,0,0,0.255712725522467,-0.920149426440999,0,0,0.773817133335168,0.0538856344370064,0.739285217139784,-0.596931182304155,-0.800772935021991,0,0.365775301883788,-0.0177075943037729,0.196203042274474,0,0.381999547581057,-0.0553623231166191,0.232302524968112,0.0509137670688027,0.0044033161521598,-1.38489524624943,0.444386303063205,-0.57081713810431,0.641698587465177,-0.457664835537462,0.324191314730496,-0.262085445213873,0.0881459093973477,0.249871953475277,-0.0797415350571508,0.668534556938798
0.796486069863347,0.541421033912985,0.43006495382047,56,-0.0894898239112309,-0.0479577124697321,-0.303728103795043,-0.370474551675671,-0.121732819682502,0.884639424054121,-0.363386895425188,-0.377911221264575,1.20781514024689,0.132033037465408,-0.0348383821294768,0.322232417526832,0.163807662672573,0.253488737185524,0.334094998219589,-0.407301919157028,-0.851508424023421,-0.419500992646297,0.0676905869743236,-0.130981619570661,0,0.768244612411425,0.87732802250834,-1.14408554961658,0,0.167267511124327,0.303490328551701,0.0827120936257003,0,0.966183433634664,-0.084391109281982,-1.11065350861777,0,0,0.253043514583492,-0.926813384071038,0,0,0.789426952939553,0.0598523714330774,0.749138050241755,-0.60848593506351,-0.823187122842758,0.00453438581440618,0.366732233353815,-0.0217818633446357,0.206010865049058,0,0.385385397554546,-0.0626996395600725,0.239615456807645,0.0556547864673043,0.0074616827308282,-1.39707667125059,0.450403316317581,-0.576016580531018,0.647258180693057,-0.46148773640501,0.330119367552565,-0.269046725096218,0.0889913377883001,0.251842308315432,-0.0900720757567529,0.678112153344942
0.802109582086193,0.528983477770412,0.422830251890951,57,-0.0947700223658363,-0.0766078270312699,-0.314854108336029,-0.373708273087839,-0.136833187057965,0.903236983721497,-0.397113723009299,-0.386066846697319,1.24367199172043,0.141581087896087,-0.0627292316665031,0.360786237990017,0.185913691824863,0.262211164207188,0.35546954430564,-0.419307152873875,-0.918800307687734,-0.45875975716107,0.112263901972292,-0.128603094809912,0,0.806376263510611,0.888885728504163,-1.1558710581165,0,0.183962309927176,0.333364874172729,0.122210645996394,0,1.0145100619055,-0.136121081524547,-1.19794596366053,0.00932738527395422,0,0.238846947035991,-0.96341349754851,0,0,0.874888974621577,0.093288477667076,0.80239335350209,-0.670271062027653,-0.944114519053459,0.0283938708337507,0.370587797357413,-0.0446189346226648,0.25891930802662,0,0.403855291426178,-0.103119433812952,0.279183530814731,0.0810374734041047,0.0227669787530531,-1.46229471311058,0.483120438401862,-0.603552804413366,0.6761385616675,-0.482087787755957,0.362339335959083,-0.307351938286035,0.0936845653937888,0.262451086754232,-0.14660346930745,0.729851930477262
0.805539214012457,0.518456689574515,0.417349903786021,58,-0.100737641595572,-0.0981505894201316,-0.324429139466754,-0.377096490474904,-0.147820929006302,0.921862075912485,-0.423248619639889,-0.390422778973406,1.27210927656428,0.147491525938764,-0.0830020973798352,0.390903220703069,0.202996156298972,0.268196884104991,0.372878319975799,-0.429782385835809,-0.967497795080403,-0.481018338199903,0.146592826178632,-0.123584741609135,0,0.843568067770617,0.892030126548739,-1.16828656223006,0,0.196820421423597,0.355768365805113,0.145391880735839,0,1.04743401883286,-0.179675003295503,-1.27267745828615,0.014182490301652,0,0.225886401858087,-0.990109603873525,0,0,0.934040805990575,0.113567200443128,0.845986800383516,-0.716990592073785,-1.03694275650245,0.0369212208049457,0.374659092047441,-0.0659788384488042,0.29197462799528,0.0402419705293615,0.414329350126712,-0.132760805513499,0.306876971320413,0.100090946060528,0.032320300901089,-1.50835597361158,0.512556874851735,-0.622700741120644,0.700112121805281,-0.497520664949376,0.388497184067087,-0.336178486687449,0.099026455053535,0.268302701411275,-0.192690551410074,0.76404290193955
0.807390946047346,0.513362659913852,0.414825655246677,59,-0.106694102958475,-0.109563938089465,-0.329614500775184,-0.379519221340905,-0.154500528085509,0.932249965315309,-0.436706033470536,-0.392163275473814,1.28597593338312,0.14963642457576,-0.0979330739705973,0.405410631778041,0.215306247643811,0.274203614801197,0.382992723809255,-0.43309833142271,-0.988278930744893,-0.492422444527184,0.163010582946588,-0.119175626383593,0,0.871311439255162,0.894321473348842,-1.17954053582075,0,0.209224694733539,0.370389127792425,0.156144411415089,0,1.06435831143942,-0.200626516214138,-1.31047640087207,0.0212119467777473,0,0.222779764690143,-1.00624731425423,0,-0.0535064103692079,0.972158581956205,0.119825534050818,0.876177303250996,-0.73970415467286,-1.08873566026798,0.0460956910980089,0.37934334901872,-0.0785369338124731,0.311819788241907,0.0626425221697518,0.418615698737653,-0.148849453426455,0.325627553915217,0.10987167626905,0.0399599618122487,-1.53224310281496,0.532344456704436,-0.631859866192532,0.711726449887988,-0.505720104453945,0.404377777779863,-0.353407366417083,0.105994528386896,0.269751495066286,-0.215115643896065,0.779379808676106
0.80779226812256,0.512273626116011,0.414270066027293,60,-0.107912521507472,-0.112311887212473,-0.330975814827368,-0.380165836768211,-0.155877619278044,0.934766181061115,-0.439887912522544,-0.39269238643187,1.28926008403646,0.150053453300148,-0.101295445125433,0.408813100833929,0.218126179143665,0.275479697199232,0.385512977675986,-0.434172172366983,-0.992619252709466,-0.495073801685662,0.166999055407033,-0.118086893656231,0,0.877925295756859,0.894756944054366,-1.18222283611821,0,0.212250227047329,0.373933663609649,0.158543056282131,0,1.06853446446239,-0.205460321765962,-1.31925619217661,0.0227198456532604,0,0.221845531853198,-1.00988673510989,-0.00213914919474045,-0.065567572917232,0.981250472137306,0.121510416110884,0.883299657697581,-0.745130677376832,-1.10055349454855,0.048176620562492,0.380479816392343,-0.0809988693717622,0.31638255380396,0.0676931798998192,0.419463571906728,-0.152535504494245,0.330001613503834,0.112185931970749,0.0418899900305917,-1.53783086322911,0.536935636613394,-0.633860291861896,0.714669044013521,-0.50762733061995,0.40778068544708,-0.357631487143119,0.107567302064494,0.270017133910928,-0.220149593452972,0.783099080030378
0.809343774355704,0.507730315460096,0.412768822028421,61,-0.110471809198479,-0.12308813868916,-0.335478485700184,-0.381478299802669,-0.159421458015196,0.944983758938075,-0.45356418841806,-0.393694579199194,1.30334135159489,0.151637423765849,-0.115641794073597,0.421857951388948,0.228382916569304,0.281079015975371,0.39572434602083,-0.436081198917048,-1.01455668191969,-0.504738192562358,0.183681533987236,-0.117117060040671,0,0.908050391988927,0.893651153260371,-1.19265340390177,-0.0220803928164689,0.224183500880229,0.388382896067109,0.166841692982996,0,1.08434860348191,-0.223551284697461,-1.35256503701597,0.0325271560501622,0,0.219779251637674,-1.02456226703659,-0.00631196166430673,-0.112281520045779,1.01932120867744,0.129785384542669,0.915317190110548,-0.762489903481214,-1.14547168837139,0.0509567247174059,0.386224988965633,-0.0931230847580368,0.336248117277698,0.0897439679946148,0.424711032195824,-0.168790395984471,0.347160302841551,0.122055598978085,0.0503206149552378,-1.56268258672777,0.554499214786282,-0.641685547476498,0.726863458773784,-0.517156290795461,0.420455192395602,-0.372831407870828,0.112461681801223,0.272086489552815,-0.242126274070893,0.799030820094929
0.810141410904585,0.50514919310891,0.411805634429088,62,-0.112094280680924,-0.129155944546416,-0.337421284637029,-0.382327106460133,-0.161391608430565,0.950977300981762,-0.460801405041207,-0.394083542581777,1.31114166169034,0.152637270672621,-0.123478036385794,0.429004891876485,0.234188295272008,0.284295989877777,0.401074436952478,-0.437493122065641,-1.02677767637883,-0.51030030675993,0.193878512237128,-0.116684890543701,0,0.925471063745197,0.893218623156854,-1.197712518568,-0.0340904510416609,0.230574291048253,0.395932461288091,0.171503859804282,-0.00431970187254179,1.09272873697256,-0.232997600015969,-1.37072264032975,0.0384702048781832,0,0.21853594160327,-1.03267983807461,-0.00840644154346291,-0.138138606153203,1.04070369600558,0.134152187976085,0.933342687916567,-0.77140792938639,-1.17013367666978,0.0524049379704333,0.389785070112853,-0.10000658692633,0.347777737638643,0.101787751079206,0.427598216655487,-0.177862057529226,0.356546052102287,0.12778402386384,0.0551085279361292,-1.57680891011988,0.564613715946231,-0.645947613217566,0.73371644254391,-0.523501597444572,0.427960418137263,-0.381160619261756,0.115226797001421,0.272674741220897,-0.254775423558211,0.807864870060723
0.813120412321535,0.493151189831266,0.407395925939633,63,-0.120548787724995,-0.15646575693501,-0.346765174386014,-0.386194473683307,-0.170824737789849,0.978364641973412,-0.492432296895428,-0.393399261933389,1.34187443450252,0.156317561581518,-0.162046080069289,0.460522517882431,0.259946053120588,0.298929887932588,0.424291700168722,-0.441139208462725,-1.08020990517826,-0.535084639425571,0.23733521829331,-0.112720331707988,0.0305982103693114,1.00204736003963,0.889421755940072,-1.21985852375821,-0.0909959880408826,0.253437375298952,0.430331117926101,0.188324077100241,-0.0244184450086729,1.12816212100717,-0.276959605303089,-1.45298748045655,0.0624368640174737,0,0.212407135568285,-1.07058174605939,-0.0206022556449896,-0.258157418104884,1.13637006615777,0.151725853000258,1.01633294464199,-0.813799506591917,-1.2820860972599,0.0604764747767083,0.40567503592923,-0.132789901556204,0.399607926218525,0.161503243553162,0.440050160512271,-0.220248435257833,0.399150221471544,0.153172342146227,0.0761295809924453,-1.63941884041152,0.609077680899874,-0.662283981248754,0.764215070959953,-0.5510602356814,0.464287552109014,-0.421157851900879,0.128891950066341,0.274970820436037,-0.310898660350118,0.849750670233338
0.815959716991686,0.47342132507443,0.399381412462693,64,-0.132550344102691,-0.204190897072025,-0.361102328120885,-0.392244991337952,-0.189976195962727,1.0238518722061,-0.550543078737155,-0.394419919661697,1.39172116005486,0.161981909513673,-0.229776505057739,0.513676962490959,0.302341715493607,0.324504196306675,0.466912943426433,-0.442474058541261,-1.17710120977315,-0.577901280841807,0.313212398225721,-0.105198000074047,0.0765656246125895,1.13546847684687,0.881009056297649,-1.25914459377612,-0.190448063177643,0.297070424544835,0.487573138015693,0.221793489639005,-0.0596860527623094,1.18953027381489,-0.355055202226447,-1.59539425594262,0.103988501979367,0.0355908994169867,0.201616006904954,-1.13696522827103,-0.0447986228236041,-0.472108472086932,1.29706100908171,0.181402236789603,1.16290531470522,-0.886825884659637,-1.47593839273739,0.0795423507956165,0.433837766994813,-0.191233373675561,0.492600966057121,0.260037168557961,0.461082700351583,-0.294694053125855,0.472609220918059,0.197196135884266,0.113801685112021,-1.75427407422669,0.686874477120003,-0.693677993552078,0.817016428367652,-0.600213918174797,0.522465767793542,-0.487323975420682,0.154379158624282,0.280109039327984,-0.407901641940323,0.921832131590524
