Date,Mkt-RF,LME,BEME,OP,Investment,r12_2,ST_REV,LT_REV,AC,IdioVol,Lturnover,rf
196401,0.0224,-0.003781365,-0.009857512,0.009538687,-0.000600932,-0.005117294,-0.004206691,-0.001146475,0.011923924,0.017227592,0.015843847,0.003
196402,0.0154,-0.005027638,-0.023682152,0.000253875,0.013209688,0.001021372,0.010272722,0.010602827,0.007740764,0.00556078,-0.007714447,0.0026
196403,0.0141,0.016092256,-0.035996042,0.020123861,0.028429797,-0.003107041,0.00959061,0.036729097,0.010111534,0.012941353,-0.000678359,0.0031
196404,0.001,-0.015634473,-0.003827876,0.01533546,-0.022581087,-0.00054823,0.024945209,-0.023977582,-0.00573602,0.017749707,0.039062634,0.0029
196405,0.0142,-0.009639829,-0.010315896,0.005048727,0.010343023,-0.023131142,-0.019362736,-0.001543985,0.002381496,0.003582313,-0.000818982,0.0026
196406,0.0127,0.003039458,0.000637439,-0.005442924,-0.008844394,-0.007518029,0.00607069,-0.007474408,-0.006284405,0.025535186,-0.006845896,0.003
196407,0.0174,0.007347187,-0.00539711,-0.001504542,0.013716264,0.002633333,0.021618988,0.000863592,0.004775611,0.011282483,-0.001851,0.003
196408,-0.0144,0.009435769,0.00190373,-0.001185426,-0.000905254,-0.000464787,-0.000970841,-0.008355976,0.017368687,0.018965607,0.006781261,0.0028
196409,0.0269,-0.003538379,-0.004075192,0.010529128,0.003691287,-0.002899053,0.007591137,0.035147914,-0.012105527,-0.018571584,-0.025332274,0.0028
196410,0.0059,0.013057888,-0.008026518,0.009188987,0.003461245,-0.008401405,0.008754306,-0.005366135,-0.001796439,-0.001988861,0.007344123,0.0029
196411,0,0.001730744,0.020639027,-0.004806047,-0.005029692,-0.013705131,-0.006677234,-0.015342722,-0.005888488,0.020684679,0.016138167,0.0029
196412,0.0003,0.001115838,0.02577841,-0.022179561,-0.019696307,0.005239092,0.009515571,-0.017056351,-0.005141344,-0.003836102,0.008089713,0.0031
196501,0.0354,0.028096314,-0.003838098,-0.01428871,-0.000202768,0.006208856,0.032777147,0.018407825,-0.005780558,-0.023699498,-0.021372712,0.0028
196502,0.0044,0.030533472,-0.003744546,-0.006207772,-0.006853736,0.006396257,-0.007327678,0.023190547,-0.012916934,-0.016658505,-0.015554827,0.003
196503,-0.0134,0.020810843,-0.008825755,-0.00498513,-0.002414867,0.000501059,0.011737441,0.001697711,0.002223595,-0.008172177,-0.008128787,0.0036
196504,0.0311,0.00315327,-0.010033303,-0.006522212,-0.020828108,-0.029100276,0.002046807,-0.000480904,-0.008254983,-0.00437208,-0.00583127,0.0031
196505,-0.0077,0.00170533,0.009098457,0.002470567,0.002262193,-0.004235408,0.002386466,-0.005859369,-0.018032701,0.012843125,0.011332642,0.0031
196506,-0.0551,-0.031888325,0.002407335,0.0024827,0.003852182,0.028779804,0.004512954,-0.017288347,0.004483592,0.056677679,0.05928798,0.0035
196507,0.0143,0.008945696,-0.012930683,0.00456518,-0.002179579,-0.039464703,0.026215054,0.008782541,-0.001236394,-0.023235784,-0.029755558,0.0031
196508,0.0273,0.026903448,0.014579612,-0.013800159,-0.008116958,-0.017835896,-0.006650922,0.019637781,-0.009931315,-0.032578502,-0.030667207,0.0033
196509,0.0286,0.001789338,-0.004831817,0.006561478,0.003203979,-0.025851831,0.001139871,0.018976139,-0.011520444,-0.014477852,-0.024447352,0.0031
196510,0.026,0.023833837,-0.014370253,-0.012281445,-0.000387157,-0.031269773,-0.015951698,0.001256204,-0.017528931,-0.046519281,-0.053673163,0.0031
196511,-0.0003,0.040589064,-0.010497547,0.008963688,-0.019990917,-0.043716804,-0.017286574,0.008525355,0.015206974,-0.066647913,-0.053887958,0.0035
196512,0.0101,0.031327753,-0.017710461,0.019174871,0.008125394,-0.011969919,0.026501784,-0.000563574,0.006031503,-0.047257851,-0.009927669,0.0033
196601,0.0072,0.043439771,-0.026090327,0.02009092,0.00536396,-0.041681077,0.003491437,0.013255414,-0.001480932,-0.049709864,-0.039894293,0.0038
196602,-0.0121,0.02930847,-0.00372699,0.004601761,-0.015567228,-0.0488293,-0.027255417,0.009502174,0.006724223,-0.066819706,-0.051218304,0.0035
196603,-0.0251,0.006836253,0.017278406,-0.011564902,-0.001473833,-0.014128197,0.001005205,0.002642831,0.018354583,-0.004814684,0.001100599,0.0038
196604,0.0214,0.02492029,-0.001411708,0.00245564,-0.000588635,-0.05798849,-0.005239131,0.011194735,0.012004976,-0.03527731,-0.037629479,0.0034
196605,-0.0566,-0.024385106,0.028915968,-0.02344576,-0.003449376,0.053815817,0.031746988,-0.008689961,0.013022849,0.07575969,0.085514132,0.0041
196606,-0.0144,0.000269294,-0.013218942,0.002249335,0.000407199,-0.028842685,0.02234124,0.02072021,0.001064926,-0.023000389,-0.028348753,0.0038
196607,-0.0163,-0.002961692,-0.009186831,-0.002377879,0.011156256,0.008532065,0.013153909,-0.007312654,-0.005940879,0.008585738,0.010940963,0.0035
196608,-0.0791,-0.033030851,-0.008867235,0.006545788,0.007020947,0.028028559,-0.002314523,0.017983721,0.00169851,0.048242487,0.043426822,0.0041
196609,-0.0106,-0.009577777,-0.005616808,0.00592267,0.016717448,0.01176171,0.009793765,-0.008556272,0.01907908,0.021336791,0.027743151,0.004
196610,0.0386,-0.078498853,-0.029529199,0.033473647,0.037692466,0.042026308,-0.014002224,-0.004865083,0.020006397,0.08684477,0.053734944,0.0045
196611,0.014,0.04093653,0.050933375,-0.037312798,-0.05397355,-0.050814434,0.08791105,0.0125618,-0.031789768,-0.092150727,-0.100888089,0.004
196612,0.0013,0.012196492,0.008836802,-0.001998413,0.004570953,-0.011818428,0.008347049,-0.001089434,-0.021426067,-0.009958398,-0.012650819,0.004
196701,0.0815,0.100215187,-0.014308518,0.001768304,-0.024831196,0.076727132,0.031223042,0.007739607,-0.01943921,-0.102630212,-0.10348284,0.0043
196702,0.0078,0.037036676,0.020044885,-0.011973711,-0.013258584,-0.033323223,0.009730349,0.016735002,-0.013807006,-0.028063648,-0.01672183,0.0036
196703,0.0399,0.017549417,0.000698995,-0.00227065,-0.018215096,-0.027254889,0.018998562,-0.014502574,-0.029539215,-0.003062126,-0.014248748,0.0039
196704,0.0389,0.004419069,0.012070231,-0.024980534,-0.036898335,-0.00879918,0.00655149,-0.039281469,-0.010636908,-0.013943045,-0.018593278,0.0032
196705,-0.0433,0.035585335,-0.000746993,0.010051796,0.02017277,0.000847636,0.021546148,-0.005982125,-0.003942722,-0.000683716,0.015765936,0.0033
196706,0.0241,0.06538019,-0.005827313,0.013971186,-0.022851363,-0.06979158,-0.014486686,-0.003142115,-0.022988795,-0.098257598,-0.09428721,0.0027
196707,0.0458,0.046099417,-0.00963668,0.00971247,0.020261534,0.019886484,0.004236823,-0.008319605,-0.006217446,-0.02837991,-0.019119379,0.0031
196708,-0.0089,0.006901901,-0.012038891,-0.007539327,0.012539656,0.013193462,0.006803395,-0.000972348,-0.001359016,0.017044087,0.019995014,0.0031
196709,0.0311,0.052262917,0.021753915,0.002583039,-0.010433717,-0.016454976,-0.007915116,-0.004607516,-0.030230919,-0.014846413,-0.007187002,0.0032
196710,-0.0309,0.018425779,0.030915565,-0.022349079,-0.023620901,-0.020686449,-0.016663066,0.003235691,0.003623544,0.006453442,-0.002773288,0.0039
196711,0.0037,-0.008993234,0.013084022,-0.010346317,-0.017856277,-0.003791258,0.014649743,-0.022483206,0.01377166,0.002064635,0.005025179,0.0036
196712,0.0305,0.064310515,0.000111655,0.006664369,-0.002068374,-0.053323389,0.006826279,0.023771515,-0.005059494,-0.060344886,-0.063907631,0.0033
196801,-0.0406,0.061471353,-0.041069493,0.026020656,0.044312533,0.030156671,0.039322398,0.052587931,0.032119978,0.011633003,0.047059147,0.004
196802,-0.0375,-0.031907492,-0.01277024,0.005973036,0.023284056,0.036239088,0.002592578,0.017799101,0.009965846,0.060339337,0.06916979,0.0039
196803,0.002,-0.015592825,0.001971791,-0.008193992,-0.012069068,-0.015648365,0.005132728,-0.014140567,0.00120965,0.004000975,-0.010185941,0.0038
196804,0.0905,0.070933568,0.010186165,-0.01940749,-0.035081936,-0.071776771,0.001431808,-0.031013335,-0.022698722,-0.073201833,-0.075922902,0.0043
196805,0.0228,0.082061042,0.004241781,-0.003086772,-0.015275829,-0.047032591,-0.016723575,-0.009709683,-0.00656787,-0.044102068,-0.035413242,0.0045
196806,0.0069,-0.009172277,-0.015666754,0.012213676,0.016275137,0.018149017,0.027655876,0.025093985,0.018556287,0.032884036,0.051680604,0.0043
196807,-0.0272,-0.010609559,-0.051149642,0.026259699,0.026834522,0.001761617,-0.013122905,0.061537614,0.01632313,0.03615991,0.050634187,0.0048
196808,0.0134,0.025522373,-0.010667012,0.00966863,0.006836728,-0.020309756,0.00305653,0.012801949,0.004179605,-0.008485473,-0.007577058,0.0042
196809,0.0403,0.026851363,-0.005836743,0.019009735,0.009455962,-0.004941434,-0.004027831,0.001007809,0.000102689,-0.048554287,-0.036649363,0.0043
196810,0.0042,-0.004365115,-0.034302647,0.015814594,0.020985983,0.00864372,0.021130844,0.028595305,-0.006034474,0.037372181,0.05258678,0.0044
196811,0.0543,0.020634088,0.009920112,-0.00269876,-0.028083584,-0.023518162,0.02420509,-0.02167049,0.00040395,-0.042579679,-0.040537832,0.0042
196812,-0.0394,0.05177157,0.00234564,0.014920715,0.019528795,-0.00150363,0.024884352,-0.011503028,0.00096869,-0.028159076,0.004031028,0.0043
196901,-0.0125,-0.00566303,-0.011474691,0.0156845,0.013765505,0.005077474,0.016967421,0.015564273,0.012582623,0.000940058,0.011453902,0.0053
196902,-0.0584,-0.045601501,-0.013359578,-0.016216237,0.004716534,0.027408184,0.024097129,0.029277631,0.003910345,0.056999634,0.073605019,0.0046
196903,0.0264,-0.010747188,0.004102605,0.016384176,-0.007594447,-0.038855599,0.011999389,0.004927821,0.017440303,-0.005445642,-0.022874703,0.0046
196904,0.0146,-0.023056716,0.005224604,-0.003271903,-0.003771656,-0.008232052,-0.012674099,0.003966552,-0.002961559,0.007951859,-0.005728543,0.0053
196905,-0.001,-0.002800847,-0.005602512,0.020832637,0.012859333,-0.021855161,0.014374404,0.006537835,0.000439347,-0.008914446,-0.000519113,0.0048
196906,-0.0718,-0.063944507,0.010718027,-0.034785924,-0.015119452,0.023231091,0.006171065,0.015054538,0.00984366,0.064398128,0.065374005,0.0051
196907,-0.07,-0.044642686,-0.012849104,-0.016901227,0.017248149,-0.007693352,-0.011299139,0.030459008,0.00851033,0.045354495,0.046438565,0.0053
196908,0.0468,3.53E-05,0.034440111,-0.009584659,-0.023909686,-0.013228737,0.033539363,-0.031798178,-0.016712408,-0.031313663,-0.04382445,0.005
196909,-0.0298,-0.008381532,0.02253297,-0.014180041,0.004095214,-0.025332621,0.015622644,-0.004637025,0.00244755,0.016957105,0.016541335,0.0062
196910,0.0506,0.047956473,0.038378695,-0.010273656,-0.026384289,0.052781577,0.009794585,-0.025856951,-0.008561728,-0.037324798,-0.025072955,0.006
196911,-0.0379,-0.033084417,0.001825375,0.00291023,0.008718849,-0.042183694,0.023384867,-4.41E-05,-0.001318839,0.030135392,0.016885346,0.0052
196912,-0.0263,-0.065502521,0.006909623,-0.01778169,-0.013098824,-0.058060078,-0.03600446,0.013380132,0.001585104,0.04225735,0.018144368,0.0064
197001,-0.081,0.04175507,-0.026124699,0.029479891,0.037306216,0.006839366,0.012604508,0.031223236,0.005624817,0.025657068,0.046079544,0.006
197002,0.0513,-0.025920697,-0.032119784,0.01795769,0.017744335,-0.005203653,0.023259005,0.02772551,-0.013715164,-0.00297183,0.003282248,0.0062
197003,-0.0106,-0.027852915,-0.048729274,-0.000129196,0.039565355,0.003442542,0.010440935,0.049189631,0.008021355,0.043711892,0.043065014,0.0057
197004,-0.11,-0.074350246,-0.074418767,-0.000577919,0.052856507,-0.016928878,-0.042626057,0.077774055,0.014755098,0.08434476,0.082785133,0.005
197005,-0.0692,-0.038293452,-0.028597749,0.004738606,0.027022167,0.016510603,-0.022365127,0.031656116,0.01150372,0.024300989,0.039081077,0.0053
197006,-0.0579,-0.044290528,-0.030371784,0.011703297,0.029632606,-0.072872936,0.013680928,0.023504577,0.006454527,0.065146775,0.063639726,0.0058
197007,0.0693,-0.022248002,-0.009513054,0.005731834,0.019924849,0.021592845,0.040927162,0.01264619,0.014755219,-0.007068114,-0.017026259,0.0052
197008,0.0449,0.018259779,-0.002168834,-0.003512872,-0.001848026,0.057499907,0.031733909,-0.002557567,0.001043364,-0.036624301,-0.038200707,0.0053
197009,0.0418,0.116033319,0.069839583,-0.021034358,-0.05188162,0.101985038,0.050591806,-0.061678914,-0.031507248,-0.103785225,-0.064442249,0.0054
197010,-0.0228,-0.060115594,-0.008628525,-0.011801055,0.028855839,-0.102804333,0.075217858,0.008201707,0.010742721,0.084588457,0.053451715,0.0046
197011,0.0459,-0.06378457,-0.025967605,-0.027861169,0.001053466,-0.02977509,-0.013445995,0.013557889,0.001451956,0.053825934,0.005794155,0.0046
197012,0.0572,0.027123745,-0.026651944,-0.014893895,0.001953547,0.006692788,0.015400008,0.022932646,-0.001335807,0.008152522,0.004415488,0.0042
197101,0.0484,0.104194007,-0.006767109,0.008946261,-0.018434561,0.082857136,0.027809469,0.011200969,0.010840583,-0.064118273,-0.023806768,0.0038
197102,0.0141,0.040625773,0.028608997,-0.011272188,-0.00462203,0.004524682,0.016707073,-0.001012553,-0.01334956,-0.024057421,-0.005972946,0.0033
197103,0.0413,0.023638697,0.026740887,-0.022400846,-0.01954532,0.009993011,0.00729044,-0.012587723,-0.001791863,-0.011259832,-0.040500233,0.003
197104,0.0315,-0.011086083,-0.011800201,0.002694476,0.00197542,-0.008484907,0.013988817,0.020504187,-0.008341285,-0.005231619,0.000456179,0.0028
197105,-0.0398,-0.023384122,0.007414805,-0.014859003,0.004308497,-0.002591966,0.008348009,-0.005230525,0.006043317,0.022514285,0.010036793,0.0029
197106,-0.001,-0.029770863,0.001935418,-0.005684509,-0.006989033,-0.022532727,-0.008313537,-0.010308689,-0.001225731,0.037542678,0.00120094,0.0037
197107,-0.045,-0.023708456,-0.010499117,0.009874428,0.012592494,0.021537908,0.007517658,-0.023331467,-0.01007252,0.055033594,0.053366648,0.004
197108,0.0379,-0.000245567,-0.014273031,-0.006599595,0.01830062,-0.038318157,0.047304079,0.022135074,0.005100145,-0.000657858,-0.024375342,0.0047
197109,-0.0085,0.004328208,0.023248163,-0.021386387,-0.012764959,-0.031345218,0.002864414,-0.019837408,-0.012420242,0.010952196,-0.005047192,0.0037
197110,-0.0442,-0.02635712,0.001844693,-0.019710311,-0.00867477,-0.006340573,-0.009708717,-0.007822802,-0.007102092,0.039575373,0.025695393,0.0037
197111,-0.0046,-0.038005499,0.015112711,-0.018304876,0.001274413,-0.006341333,-0.00411316,-0.002538162,0.002120044,0.012343257,-0.002384569,0.0037
197112,0.0871,0.038264915,-0.00072723,-0.00574999,-0.021513507,0.011831608,0.040764231,-0.003206236,-0.004107558,-0.044517742,-0.027283235,0.0037
197201,0.0249,0.096387121,-0.012541908,0.027250814,0.019878427,0.008577326,0.006308456,0.040507539,0.025289721,-0.060937577,-0.037227089,0.0029
197202,0.0287,0.018263933,0.01469678,-0.004488853,-0.005768996,-0.025806968,0.00452062,-0.00357487,-0.011532793,-0.014556582,-0.003599599,0.0025
197203,0.0063,-0.009722338,0.02038271,-0.004611149,0.006803449,-0.029579051,0.016363819,-0.016528462,0.007997785,0.02230593,0.012990585,0.0027
197204,0.0029,-0.004834163,-0.014112645,0.007358439,-0.004232888,-0.02663795,-0.00197812,0.006833424,0.007703941,0.018722876,-0.002280565,0.0029
197205,0.0125,-0.045116726,0.01210975,-0.01256111,-0.014384946,-0.027648238,-0.012610855,-0.009751898,0.003101438,0.025161597,0.009123552,0.003
197206,-0.0243,-0.0064213,0.014560649,-0.000888185,-0.00671319,-0.016252146,-0.012512804,-0.011116418,-0.001146794,0.025352558,0.023382547,0.0029
197207,-0.008,-0.033531189,-0.00646266,0.005003698,-0.010451145,-0.023037513,-0.021703981,-0.003730949,0.02289609,0.044027014,0.038286743,0.0031
197208,0.0326,-0.050933191,-0.044271557,0.025235643,0.033128616,0.042087879,0.00754654,0.024885068,-0.008068778,0.027820458,0.01052346,0.0029
197209,-0.0114,-0.035477903,-0.004781016,-0.008603355,-0.008988848,-0.017407491,0.011185166,-0.0167744,0.006661405,0.034084545,0.014403011,0.0034
197210,0.0052,-0.035454312,-0.008851572,-0.0110926,0.003235756,-0.001254132,-0.001668485,-0.010671865,-0.010128168,0.04101995,0.002565762,0.004
197211,0.046,-0.017913412,-0.051966538,0.013512196,0.028121374,0.039986576,0.033215734,0.013378619,-0.019025017,-0.009235651,-0.013196106,0.0037
197212,0.0062,-0.029152797,0.013402707,-0.002463197,-0.011279785,-0.051858547,0.04223452,-0.026817646,0.011621172,0.022802727,0.012391848,0.0037
197301,-0.0329,-0.018062624,-0.02589631,0.015060682,0.009377767,-0.039251619,-0.014337303,-0.004650418,0.028482332,0.06711882,0.068938575,0.0044
197302,-0.0485,-0.043395153,-0.019979706,-0.001417454,-0.000918739,-0.030251042,-0.016403188,-0.006785382,0.015025027,0.056357176,0.04886047,0.0041
197303,-0.0129,-0.033761199,-0.030516594,0.015179578,0.002884472,-0.035000493,0.018619636,-0.003321853,0.013003459,0.02069328,-0.003121444,0.0046
197304,-0.0568,-0.042614619,-0.054969778,0.027166505,0.029454968,-0.067852214,-0.005385656,0.019694788,0.02056262,0.062039905,0.047979551,0.0052
197305,-0.0294,-0.074998004,-0.005616839,-0.009400238,-0.012383147,-0.06786669,-0.00464878,-0.036499399,0.001853796,0.06561779,0.017281732,0.0051
197306,-0.0156,-0.026745678,-0.008412395,0.010808636,0.004311937,-0.04505574,0.005956836,0.000471994,0.001505192,0.013163634,0.017687667,0.0051
197307,0.0504,0.096401529,0.04608814,-0.007305386,-0.046671328,0.109711658,0.10509832,0.037209136,-0.032120799,-0.10649187,-0.085259119,0.0064
197308,-0.0384,-0.030540661,-0.011416225,0.017214532,0.027200302,-0.036935036,0.034792577,0.0155305,0.000806916,0.03136631,-0.008477243,0.007
197309,0.0475,0.02429964,0.003166643,0.011993162,0.005375534,0.067561968,0.030220014,0.036976695,0.00659644,-0.046138092,-0.052848383,0.0068
197310,-0.0086,0.001767583,-0.0165411,0.023665159,0.024922234,-0.070523233,0.040928639,0.013940751,0.00780018,0.041472729,0.009268447,0.0065
197311,-0.1274,-0.084749567,-0.030189377,0.022227258,0.024203019,-0.093638549,-0.03284988,-0.055111364,0.023763522,0.075277167,0.043549894,0.0056
197312,0.0058,-0.081815247,-0.034738501,0.017318808,0.02949611,-0.076645402,0.012136673,-0.012414546,0.023623602,0.022276556,-0.01860514,0.0064
197401,-0.0017,0.156484736,-0.044803211,0.03386061,0.030365635,0.110974169,0.109161473,0.111828282,-0.001693142,-0.083694324,-0.038645494,0.0063
197402,-0.0048,-0.007949112,-0.029878507,0.014311625,0.023921174,-0.015855102,0.018113819,0.024810532,0.018296868,0.011558303,0.006435963,0.0058
197403,-0.0281,0.041910806,-0.004837907,-0.021203828,0.004213974,0.013251032,0.037459865,-0.001539545,-0.003256595,-0.002220343,0.026589814,0.0056
197404,-0.0529,-0.007353197,-0.007888764,-0.012957769,0.019094895,-0.032953199,-0.003220645,0.000505864,-0.018430777,0.033585008,0.015495363,0.0075
197405,-0.0467,-0.025511449,0.006576142,-0.040270646,-0.009651501,-0.015406691,-0.020603282,-0.041132109,-0.007302636,0.036432777,0.032068278,0.0075
197406,-0.0283,-0.007716258,-0.00843086,-0.009337114,0.028578385,-0.01996958,-0.00595754,-0.016180453,-0.000802208,0.028262217,0.01334826,0.006
197407,-0.0805,-0.007724303,-0.042969041,0.033196697,0.030708356,-0.020574379,0.020832606,0.005204368,0.011119684,-0.02139218,0.002384184,0.007
197408,-0.0935,-0.00556811,-0.018918588,-0.006234302,0.030802197,-0.035043312,0.016988864,0.011998292,0.001691101,0.033376602,0.022646212,0.006
197409,-0.1177,0.004321453,-0.046848658,0.032144346,0.048191188,-0.043607611,0.025259626,0.010167663,0.007284191,0.031344788,0.041477115,0.0081
197410,0.161,-0.043733283,0.08691607,0.013739342,-0.009552211,0.004176678,0.094943825,-0.04332075,0.000122821,-0.022277657,-0.062067795,0.0051
197411,-0.0451,-0.023771053,0.00223959,0.008997513,0.024374334,-0.039788054,0.014677514,-0.010951039,0.001454402,0.029755674,-0.017113424,0.0054
197412,-0.0345,-0.077448383,-0.004290003,0.000356385,0.027765412,-0.043281282,-0.004940104,-0.037678085,0.021086309,0.052924353,0.024059694,0.007
197501,0.1366,0.167867666,-0.067347773,0.033526206,-0.01822227,0.178385769,0.189094725,0.168976558,-0.009802606,-0.166878362,-0.064200788,0.0058
197502,0.0556,-0.000583437,0.037201411,-0.023089801,-0.008806324,-0.014886363,0.074087497,0.002731355,0.008714523,0.01833707,-0.014091568,0.0043
197503,0.0266,0.075669433,-0.00661215,-0.013829567,-0.015381945,0.043158548,0.054121141,0.070957759,0.004126179,-0.075479312,-0.043583105,0.0041
197504,0.0423,-0.013603607,0.014965445,-0.001798453,-0.006163327,-0.00715205,0.008427354,-0.013938851,-0.013485756,-0.006978812,-0.039062071,0.0044
197505,0.0519,0.03554489,0.029386359,-0.003667757,-0.001161432,0.012817572,0.020920276,0.017705279,7.51E-05,-0.022609034,-0.01075603,0.0044
197506,0.0483,0.03299145,-0.004329088,0.01546824,0.002220778,-0.00230872,0.035175254,0.022367783,-0.002580637,-0.012463337,-0.013585168,0.0041
197507,-0.0659,0.054098404,-0.017814824,-0.012653358,0.012441361,-0.012982406,0.025527329,0.009867734,0.012880065,0.015794196,0.034853038,0.0048
197508,-0.0285,-0.037801176,0.007640946,-0.008484981,-0.010405044,-0.009081935,0.007349842,-0.024364407,0.009460845,0.039486691,0.014147442,0.0048
197509,-0.0426,0.000198902,-0.001113973,-0.01427444,0.003936137,-0.01068654,-0.0102271,-0.016324727,0.003857382,0.024577124,0.020054928,0.0053
197510,0.0531,-0.049916222,0.002129729,-0.003572301,0.020985328,0.003879473,0.006890353,0.000767438,-0.026344881,0.015108246,-0.008516898,0.0056
197511,0.0265,-0.021888632,-0.022450636,0.001836938,0.020097178,-0.002596452,-0.016627477,0.020989029,0.000952169,0.01982971,-0.000133319,0.0041
197512,-0.016,-0.005539496,-0.015246869,-0.001746494,-0.00166504,0.001788922,0.042774562,-0.011949665,0.008201404,-0.013732412,-0.014481694,0.0048
197601,0.1216,0.066040801,-0.088378276,0.018145235,0.039350632,-0.04699011,0.050699232,0.102924779,-0.006622116,-0.068393052,-0.038681006,0.0047
197602,0.0032,0.095030049,-0.066527782,0.026976728,0.044597196,0.000235448,-0.021436132,0.071817515,0.000490864,-0.07712607,-0.00317015,0.0034
197603,0.0233,-0.011020073,0.011063892,0.016764401,0.005228332,-0.011982056,0.054712903,-0.0008181,-0.001178902,0.024496652,-0.003089271,0.004
197604,-0.0149,-0.000676953,0.008187991,-0.000802458,-0.010219268,0.00251682,0.019891674,-0.020978907,0.005017893,0.02705689,0.018173596,0.0042
197605,-0.0134,-0.018041181,0.013670081,-0.019820079,-0.022394966,0.015529973,-0.008964886,-0.032914535,0.006531836,0.027125184,0.005440438,0.0037
197606,0.0405,-0.02722464,0.001169283,-0.000941209,0.005039003,0.001391122,0.007165226,0.021935296,-0.000859454,0.003169989,-0.030364774,0.0043
197607,-0.0107,-0.000668933,-0.012473112,0.004501684,0.001405844,-0.000148331,0.017235529,0.003209329,-0.002963632,0.025659332,0.025057235,0.0047
197608,-0.0056,-0.024120367,-0.005536492,-0.014686034,-0.011298325,-0.001527936,-0.013891991,-0.001476343,0.000203102,0.036827726,0.030256398,0.0042
197609,0.0206,-0.009324381,0.000150949,-0.013930174,-0.005039124,-0.01773162,0.00230807,-0.011631355,0.001129306,0.003695584,-0.003777768,0.0044
197610,-0.0242,-6.62E-05,0.008329898,0.000221025,-0.012452516,-0.002764338,0.006482276,-0.009688966,0.001263454,0.011603015,0.010109451,0.0041
197611,0.0036,0.013335218,-0.010357494,-0.003252837,0.001501221,-0.021250977,0.004693071,0.014927075,0.005503636,-0.011169674,-0.02075046,0.004
197612,0.0565,0.043238732,-0.011864173,0.011711758,0.013342523,-0.00660075,0.030985819,0.029976796,-0.019506563,-0.039823329,-0.007967942,0.004
197701,-0.0405,0.06987819,-0.039499399,0.006507595,0.030148838,-0.037149818,0.010713037,0.013441122,0.003421618,-0.022453863,0.008056373,0.0036
197702,-0.0195,0.010638849,-0.010187652,0.002003026,-0.001029931,-0.010853465,0.013141773,-0.015616288,-0.009777791,0.002173969,0.012392299,0.0035
197703,-0.0137,0.01691284,-0.014436892,-0.005519604,0.003277624,-0.012685368,0.006202638,-0.000135885,-0.011220995,-0.002149207,0.000709888,0.0038
197704,0.0015,-0.001263171,-0.031279328,0.016321416,0.019551184,-0.03878181,-0.004579217,0.004820796,0.009897289,0.003688597,-0.008149301,0.0038
197705,-0.0146,0.011661199,-0.014919109,0.00075617,0.004698371,-0.023272352,-0.000681676,0.006276751,-0.00097987,0.004126243,0.009239901,0.0037
197706,0.0471,1.35E-02,7.79E-05,-0.013730066,-0.005537473,-0.014451684,0.002538757,0.021079096,0.006829854,-0.033305535,-0.029930251,0.004
197707,-0.0169,0.033670201,0.004642598,0.00057248,-0.006168649,-0.007227787,0.006081212,0.012485077,0.002563787,0.008445205,0.028165856,0.0042
197708,-0.0175,0.01617912,0.020215683,-0.006954502,-0.009423923,0.004455531,-0.00286577,0.02522287,-0.002362647,0.000367416,-0.001907653,0.0044
197709,-0.0027,0.010144921,-0.003943954,-0.010525633,-0.006944876,-0.024173332,0.005091894,0.004392293,0.005211376,-0.000629284,0.005017601,0.0043
197710,-0.0438,0.010917623,-0.012911999,-0.004578922,0.005207196,0.002123499,0.018910265,-0.013775273,-0.001063895,0.023080972,0.009486056,0.0049
197711,0.04,0.040148615,-0.006652273,0.002569803,0.00098745,-0.018292656,0.02346649,0.02814468,-0.007943389,-0.040272005,-0.035925464,0.005
197712,0.0027,0.016547105,-0.002286966,-0.014328395,-0.006987103,-0.008721441,0.00328919,-0.01751141,0.000136189,-0.003877234,-0.002779835,0.0049
197801,-0.0601,0.041060146,-0.021885223,0.00842005,0.01498072,-0.002741031,0.019152419,0.013333563,0.006909086,-0.019225611,0.001911506,0.0049
197802,-0.0138,0.04511397,-0.006104924,-0.009976385,0.003567613,-0.026280242,0.004477861,-0.00598364,0.006465454,-0.017279925,0.00752949,0.0046
197803,0.0285,0.042175609,-0.015087916,0.012058336,0.013777502,-0.020211938,-0.011003416,0.021307473,0.010871616,-0.034747179,-0.021849943,0.0053
197804,0.0788,0.011378645,0.024901307,-0.004271232,-0.012336313,0.013532893,0.014883366,0.021884819,0.005585894,-0.000919556,-0.03450014,0.0054
197805,0.0176,0.057677303,-0.000583149,-0.003840157,0.003175916,-0.024668806,0.010804415,0.009946844,0.003306166,-0.049673419,-0.035128913,0.0051
197806,-0.0169,0.017200319,-0.003937929,-0.00595306,-0.003517191,-0.027815192,0.021825488,-0.002261975,-0.009945541,0.000702512,0.007355845,0.0054
197807,0.0511,-0.004709378,0.005006559,-0.008287608,-0.013289666,-0.038260825,0.011547012,0.016350292,-0.001908504,-0.01330295,-0.034903486,0.0056
197808,0.0375,0.066590225,0.005283565,-0.016251776,0.004131937,-0.034096727,0.013207021,0.006985913,-0.01496581,-0.047554522,-0.009106594,0.0056
197809,-0.0143,0.007454068,-0.009448227,0.005223775,0.018507866,0.020444537,0.040941976,-0.007950687,-0.001784189,0.009171827,0.036628702,0.0062
197810,-0.1191,-0.112535397,-0.015983073,0.000662608,0.01487788,0.101213429,-0.022656759,-0.029628525,0.014427058,0.159416457,0.127793563,0.0068
197811,0.0271,0.032367867,0.017561955,-0.011356143,-0.011337151,-0.057372344,0.109854068,-0.006938227,0.001439236,-0.041954724,-0.05655812,0.007
197812,0.0088,0.000964079,0.022475376,-0.020408923,-0.020779539,-0.038146054,0.012442442,-0.007996494,0.006880017,0.00429496,-0.010372406,0.0078
197901,0.0423,0.064223508,-0.013267841,0.018155573,0.01601039,0.012076464,0.060675298,0.00242666,-0.009674388,-0.055750956,-0.013617622,0.0077
197902,-0.0356,0.005120897,-0.019103128,0.006676998,0.006472499,0.007070466,0.013090316,0.007491583,0.003291634,0.005898984,0.019059593,0.0073
197903,0.0568,0.020199105,0.003496292,0.003630671,0.006732194,-0.015948422,0.011687517,0.009409741,-0.009264672,-0.060848272,-0.049527739,0.0081
197904,-0.0006,0.022458244,-0.005728776,-0.001913158,0.009632083,-0.004676542,-0.0090576,-0.000760674,-0.016782189,-0.017700606,-0.000943143,0.008
197905,-0.0221,0.009238131,-0.004945657,0.002786702,0.002177339,-0.009019034,0.014036814,0.012440751,-0.002720625,0.006600076,0.007012902,0.0082
197906,0.0385,0.003849935,-0.002410673,0.009853173,-0.005287438,-0.007761223,0.015388598,-0.013456741,-0.010314499,-0.013107978,-0.012516839,0.0081
197907,0.0082,0.001754845,-0.011695742,-0.002804817,0.003837175,0.008325876,0.005213842,-0.0147598,-0.004250649,0.007922062,-0.006010951,0.0077
197908,0.0553,0.017373567,0.007421731,-0.007769578,-0.011424881,-0.007931505,0.018851292,-0.010467124,-0.018827029,-0.021065219,-0.008632273,0.0077
197909,-0.0082,-0.007976356,-0.000249468,0.002171761,0.011964789,-0.049512337,-0.012248638,0.009981382,0.002872401,-0.000217192,0.004918075,0.0083
197910,-0.081,-0.031903189,0.003672225,-0.010194227,0.006986627,-0.016483273,-0.019560664,0.017212591,0.008716818,0.044376772,0.032675317,0.0087
197911,0.0521,0.017605998,0.031797927,-0.011708288,-0.017589842,-0.079399648,0.030788462,-0.005426519,-0.024067141,-0.046616619,-0.061507275,0.0099
197912,0.0179,0.047830601,0.022378492,0.006991626,-0.005866686,-0.051405249,-0.002984674,-0.006749042,-0.017697584,-0.068263385,-0.042247734,0.0095
198001,0.0551,0.044555238,-0.000565023,0.02661795,0.01839681,-0.076445675,-0.033595861,0.002511571,-0.014807075,-0.079923976,-0.026387359,0.008
198002,-0.0122,-0.013733683,-0.003162827,0.003868592,0.022778573,-0.073290833,-0.029463494,0.005319943,0.015161751,-0.020584174,-0.01302881,0.0089
198003,-0.129,-0.05947807,-0.003685545,-0.012237055,-0.011469371,0.091631875,0.066462906,0.012841018,0.024073735,0.132261551,0.084504046,0.0121
198004,0.0397,0.004302707,-0.008050477,0.006620242,-0.001486613,-0.006192376,0.041572486,0.006889595,0.007562655,-0.009935789,-0.003980645,0.0126
198005,0.0526,0.011868651,0.000573077,-0.01071062,-0.010128412,0.00702803,0.025325798,-0.002434553,-0.002901502,-0.010713495,0.002128041,0.0081
198006,0.0306,0.00850321,0.005057382,0.002323779,-0.00630866,-0.006270859,0.024476873,-0.016217235,-0.012468231,-0.002184767,0.017015088,0.0061
198007,0.0649,0.041663294,0.038465743,-0.029244323,-0.025599247,-0.001434253,0.031453608,0.007619893,-0.033749709,-0.028785286,-0.048866514,0.0053
198008,0.018,0.061279059,0.033552857,-0.023766084,-0.00696495,-0.028930084,-0.004401563,-0.01936507,-0.004273539,-0.044579859,-0.035331356,0.0064
198009,0.0219,0.00785444,0.048259868,-0.021989782,0.004560745,-0.035692004,-0.023991479,-0.046309554,0.013385875,-0.013309265,-0.011191266,0.0075
198010,0.0106,0.031423058,0.041267031,-0.026002931,-0.015237788,-0.06943621,-0.035927907,-0.018800326,0.008096978,-0.026350011,-0.015047979,0.0095
198011,0.0959,-0.026283478,0.086071858,-0.035599924,-0.076035722,-0.113516509,-0.062911385,-0.047964549,-0.012623151,-0.052730854,-0.057761759,0.0096
198012,-0.0452,-0.015324626,-0.012423458,0.024306726,0.036190561,0.046973077,0.050001014,0.026098099,-0.000470411,0.054653183,0.012734071,0.0131
198101,-0.0504,0.043548547,-0.056562733,0.021814489,0.041531819,0.074895067,-0.025057574,0.057308962,0.012932332,0.041482779,0.042797462,0.0104
198102,0.0056,-0.017328865,-0.022060773,0.005708574,0.016387718,0.01630294,-0.015621161,0.03240661,-0.009014879,0.035613924,-0.000873999,0.0107
198103,0.0356,0.027224793,-0.006684197,0.004967629,0.017700676,-0.003185583,0.002910059,0.010896792,-0.028090279,-0.016924781,-0.02257775,0.0121
198104,-0.021,0.033242946,-0.008827614,-0.020593675,0.03123901,-0.018451267,-0.024902789,0.00661863,-1.38E-05,0.030829971,0.004132392,0.0108
198105,0.0011,2.09E-02,8.70E-05,0.003000985,-0.005117365,-0.029846215,-0.031782218,0.024186509,-0.01554162,-0.011520029,-0.017301512,0.0115
198106,-0.0236,-0.003876235,-0.050941114,0.001642674,0.028230144,0.027737354,0.027746432,-0.000755276,0.025954145,0.061983218,0.040770606,0.0135
198107,-0.0154,-0.023231577,-0.001032803,-0.019042959,-0.027599232,0.027347545,-0.002465687,-0.020343027,0.016637923,0.007841215,-0.000166144,0.0124
198108,-0.0703,-0.034313942,-0.048760813,-0.000775191,0.016353107,0.012458639,-0.008315147,0.006125621,0.013640725,0.042001756,0.045438441,0.0128
198109,-0.0717,-0.033032682,-0.078007789,0.016719919,0.035066056,0.009692102,-0.016308328,0.053200975,-0.012383813,0.073609552,0.034434905,0.0124
198110,0.0492,0.026561778,0.048674304,-0.027609557,-0.019033566,-0.026216751,0.051424652,-0.038822602,-0.0078674,-0.03908384,-0.058069196,0.0121
198111,0.0336,-0.035817564,-0.02617705,-0.01185843,0.007628948,-0.007997239,0.032151176,0.001603244,0.017442857,0.034155585,0.020870674,0.0107
198112,-0.0365,-0.003564778,-0.015283578,-0.017994295,0.022571623,-0.042103679,0.006238837,-0.000290248,0.008179854,-0.00021459,0.003347676,0.0087
198201,-0.0324,0.007604307,-0.012632526,-0.000468214,0.021505219,-0.031439583,-0.018860757,0.034136129,0.012671505,0.032990022,-0.001364648,0.008
198202,-0.0586,0.004698879,-0.067954496,0.026945088,0.043146622,-0.051120351,-0.026300175,0.057042258,-0.006144963,0.047047525,0.016182997,0.0092
198203,-0.0187,0.003241323,-0.056621477,0.01179238,0.02431371,-0.015054767,-0.027130065,0.046364231,-0.009674241,0.022159563,0.005576949,0.0098
198204,0.0327,0.002718628,0.030565593,-0.027905614,-0.006160537,0.000389108,0.0327449,-0.023633409,0.012251163,-0.009840587,-0.014407735,0.0113
198205,-0.0399,0.009673166,-0.01113673,-0.014169023,-0.001197972,-0.016471352,0.018862896,0.004480818,0.020053094,0.033910482,0.037274913,0.0106
198206,-0.0309,-0.009134455,-0.037665175,0.00539673,0.032363298,-0.058737258,0.010651908,0.030488474,-0.000850537,0.029240501,-0.012895566,0.0096
198207,-0.0319,0.000509803,-0.015882385,-0.009589277,0.022443964,-0.046215972,-0.022895761,0.016734306,-0.001272784,0.024837321,0.002103819,0.0105
198208,0.1114,-0.075717483,-0.015321974,-0.003396196,-0.016367346,0.03593786,0.010907806,-0.002253779,-0.002466417,-0.011804545,-0.012960128,0.0076
198209,0.0129,0.013212978,-0.018344616,0.006554341,0.012569548,-0.050643897,0.031509102,-0.004581349,0.008734486,0.027949746,0.007320247,0.0051
198210,0.113,0.017984766,0.020517749,0.001644095,-0.021868505,0.001123728,0.028190636,-0.011321081,-0.023580014,-0.065155932,-0.058230001,0.0059
198211,0.0467,0.047572909,0.009009538,-0.006793589,0.026301205,-0.043493223,-0.030750798,-0.007899583,-0.00683301,-0.011852554,-0.043817221,0.0063
198212,0.0055,-0.001896241,0.010093142,-0.024484601,0.028301632,0.000678441,0.006024005,-0.009006628,-0.000421672,0.002609297,0.030505964,0.0067
198301,0.036,0.089756471,0.026778773,0.035815142,-0.013079688,0.019250813,0.031076221,0.016360349,-0.009166082,-0.073240906,-0.0503357,0.0069
198302,0.0259,0.024762938,-0.03219908,-0.007329728,0.020807209,-0.046565827,0.033091675,0.005811186,0.009734281,0.026538041,-0.002759432,0.0062
198303,0.0282,0.016332283,-0.0204738,0.004921594,0.021460171,-0.00886347,0.000338266,0.003940436,0.010478881,0.013069651,0.011968712,0.0063
198304,0.0667,0.004093748,-0.014489279,0.021268888,0.021624146,-0.019770266,-0.007545744,0.030763844,0.011083781,-0.014938249,-0.003652654,0.0071
198305,0.0052,0.111445702,0.043702747,0.004155983,-0.026099978,0.016087732,0.038276765,-0.017472474,-0.021439511,-0.067623236,-0.009793197,0.0069
198306,0.0307,0.013135828,0.024679467,-0.013462939,-0.000329707,-0.010782501,0.019675565,-0.013344531,0.011081495,-0.002788457,-0.010414184,0.0067
198307,-0.0407,0.003535682,-0.056220352,-0.008273523,0.02697767,0.029480625,0.021092153,0.00962977,0.006491545,0.040232648,0.062325465,0.0074
198308,-0.005,-0.051494688,-0.045866743,-0.013443562,0.007997933,0.050620246,-0.01053237,-0.008429478,0.00047887,0.043003777,0.030030269,0.0076
198309,0.0092,-0.030711842,-0.017396604,-0.008171106,0.004635529,-0.008348542,0.010275342,0.000459748,-0.000963025,0.048378592,0.016213164,0.0076
198310,-0.0344,-0.041751371,-0.048292291,-0.017864274,0.025477616,0.041852321,-0.024932859,-0.003816292,0.008194533,0.079495369,0.031877687,0.0076
198311,0.0216,0.002318817,-0.005634193,0.002579491,0.008280194,-0.013769006,0.054859286,-0.008628521,-0.004335742,-0.018200864,-0.012639832,0.007
198312,-0.0178,-0.020823175,-0.026645866,-0.009895557,0.016467442,-0.010697471,0.014760187,0.012426616,-0.002183275,0.040095591,0.022881639,0.0073
198401,-0.0192,0.029642628,-0.052398102,0.014220439,0.02884483,0.018638472,0.013628777,0.040886461,0.013489816,0.016040064,0.022913951,0.0076
198402,-0.0482,-0.022853132,-0.029577331,-0.004017989,0.009959894,0.00155657,-0.006705963,0.000488102,0.00719342,0.027239906,0.031257204,0.0071
198403,0.0063,-0.008103234,-0.011228887,0.003387292,0.006479727,-0.016704749,0.014814179,0.011555578,0.006800921,0.027323222,-0.00189566,0.0073
198404,-0.0052,-0.031434429,-0.018386626,-0.020519871,0.011828433,-0.018856222,0.009544719,-0.014458082,0.004283431,0.034311528,0.011114464,0.0081
198405,-0.0597,0.00116263,-0.026946889,-0.022018269,-0.012329871,-0.022641055,0.000509232,-0.003431305,0.00571031,0.030291014,0.020837467,0.0078
198406,0.0182,-0.012090207,0.009676303,-0.013934051,-0.003269986,-0.000220222,0.008490195,-0.026281069,-0.011004222,0.004432948,-0.024876786,0.0075
198407,-0.0274,-0.036394476,-0.025865779,-0.02415004,-0.010405793,-0.04835547,-0.033381328,-0.008112774,-0.002265414,0.071798256,0.000902206,0.0082
198408,0.1028,-0.033663084,0.014345506,-0.002409896,-0.010023609,0.045084139,0.064162845,-0.019809457,-0.001616683,-0.024557676,-0.027222461,0.0083
198409,-0.008,0.001185505,-0.041168577,-0.000333693,0.018508308,-0.03299481,0.030256723,0.012275509,0.009137615,0.037191494,0.022528365,0.0086
198410,-0.0084,-0.033021378,-0.01650566,-0.020723535,-0.012835787,-0.046076086,-0.010970671,-0.014877682,-0.004011959,0.053785917,-0.008754023,0.01
198411,-0.0176,-0.03389209,-0.037631773,-0.005963714,0.013077289,-0.036069855,-0.009817903,0.002979826,0.005706084,0.042777799,0.006660594,0.0073
198412,0.0184,-0.030271373,-0.007453296,-0.010511975,-0.014492025,-0.026157195,0.000966722,-0.028152752,-0.002877972,0.018141046,-0.015541467,0.0064
198501,0.0799,0.049089337,0.046944029,0.00847985,-0.037123195,0.087770752,0.038772997,-0.018113258,-0.012556662,-0.065241495,-0.052993261,0.0065
198502,0.0122,0.03241767,-0.003840577,-0.00572858,0.01032075,-0.010214558,0.029077791,-0.006874924,0.009327221,-0.00518702,0.003062963,0.0058
198503,-0.0084,-0.008874157,-0.025654904,0.005481139,0.02760963,-0.011504475,0.005023435,-0.005645956,0.006752289,0.030470197,0.032202918,0.0062
198504,-0.0096,-0.011847743,-0.033856039,-0.001121576,0.005260394,-0.032285862,-0.017771911,-0.001985962,-0.001223703,0.045659125,0.013554124,0.0072
198505,0.0509,-0.045340695,-0.00597921,-0.015204361,-0.015185802,-0.053943691,-0.009139917,-0.037690268,4.95E-06,0.026826441,-0.027291574,0.0066
198506,0.0127,-0.020082036,-0.010572837,-0.011589322,-0.007856244,-0.036428285,-0.007415597,-0.022660016,-0.001453599,0.021161522,-0.005290964,0.0055
198507,-0.0074,0.020737256,0.005780661,-0.00183227,0.003018417,0.016805269,0.035038738,0.017068235,-0.001883888,-0.00846974,-0.005782413,0.0062
198508,-0.0102,-2.59E-05,-0.010168425,-0.001325686,0.014304703,-0.021246952,0.011582376,-0.000512384,0.012824933,0.019480931,0.002375026,0.0055
198509,-0.0454,-0.024094737,-0.020025578,-0.02254012,0.019991646,-0.028833795,-0.018741661,-0.00879244,-0.002177068,0.053354994,0.028946971,0.006
198510,0.0402,-0.036507629,-0.017163814,0.011372488,-0.008820678,-0.044198714,0.003391501,-0.025571927,-0.000724827,0.016439465,-0.010262621,0.0065
198511,0.0648,-0.025666399,0.018956421,-0.007121775,-0.007755695,-0.009246919,0.015737174,-0.022304111,-0.011676252,0.005612736,-0.018254308,0.0061
198512,0.0388,-0.018898806,0.004634146,-0.002955837,-0.00327526,-0.007796087,-0.021522819,-0.044102167,-0.027862186,0.015408749,-0.022640288,0.0065
198601,0.0065,0.031211666,0.016388593,0.009589189,-0.008474502,-0.030062235,0.00462258,-0.013501115,0.003900322,-0.011046871,-0.011906918,0.0056
198602,0.0713,-0.02794266,-0.004770076,-0.000759779,-0.009248091,-0.03050889,-0.023216158,-0.037940016,0.003775496,-0.002391519,-0.029694691,0.0053
198603,0.0488,-0.010455815,0.001970249,0.003594803,0.010315997,-0.038343537,-0.008101742,-0.020578978,0.000616519,0.01008779,-0.003815466,0.006
198604,-0.0131,0.019133407,0.013888727,-0.004911595,0.00436708,-0.017147143,0.017030765,-0.018350909,-0.019101621,-0.001931025,0.021299285,0.0052
198605,0.0462,-0.01896005,-0.006293305,-0.000707294,0.010715597,-0.014758112,0.003387293,-0.00051887,0.00830276,0.006277505,0.005378402,0.0049
198606,0.0103,-0.013184182,-0.007554568,-0.014058698,0.009756253,-0.05637602,-0.023901103,-0.058313008,0.011520194,0.027253318,0.000378337,0.0052
198607,-0.0645,-0.023004895,-0.029576159,-0.016376372,0.00696672,-0.030335406,-0.025281119,-0.048626271,-7.15E-05,0.063459014,0.031520277,0.0052
198608,0.0607,-0.060273991,-0.042117599,-0.004935368,0.031519804,0.044485033,0.017402421,0.026867614,0.016335013,0.02020889,0.002348162,0.0046
198609,-0.086,0.024956578,-0.038527159,-0.007056431,0.036056308,0.050386124,-0.000574047,0.035791265,0.011334926,0.015809892,0.021174409,0.0045
198610,0.0466,-0.032092806,-0.003252793,-0.023491498,0.006026655,-0.029424341,0.030040963,-0.003235013,-0.004664042,0.023863,-0.032528408,0.0046
198611,0.0117,-0.026923701,-0.004120992,-0.01616009,-0.00335245,-0.011898955,0.004990565,-0.001053463,0.00781134,0.034591475,-0.005658316,0.0039
198612,-0.0327,-0.013286999,-0.015221641,-0.004838352,0.014779899,-0.004859636,0.000895347,0.006137652,-0.00116434,0.030682766,0.019401859,0.0049
198701,0.1247,-0.021586186,0.00972995,-0.018387546,0.007441183,-0.003421821,0.023679137,0.032846837,-0.014089569,-0.012193352,-0.021185509,0.0042
198702,0.0439,0.037875276,0.050272439,0.020762134,-0.023161296,0.026835,-0.010772882,-0.001165891,-0.026299443,-0.028968259,-0.037689556,0.0043
198703,0.0164,0.016114171,-0.022737332,-0.005216872,0.034183446,-0.010097764,0.010617531,0.047075209,0.020775704,-0.001065115,0.023126362,0.0047
198704,-0.0211,-0.004339798,-0.008529501,-0.000581406,0.014800722,-0.023154906,-0.013210912,0.019228783,0.011581023,0.003351889,-0.005122146,0.0044
198705,0.0011,-0.001274718,-0.005949017,-0.008259988,0.016287636,-0.003433873,-0.001331242,0.035143796,0.008821449,0.003381517,0.012416221,0.0038
198706,0.0394,-0.025852961,-0.011432802,-0.018043832,0.002638579,-0.018789294,-0.00565547,0.002296325,0.001339898,0.030925753,-0.000113844,0.0048
198707,0.0385,-0.015210233,-0.005245765,-0.009471651,0.018485553,-0.031958054,-0.001578738,0.044024128,0.009499646,-0.010447611,0.004814278,0.0046
198708,0.0352,-0.033761142,-0.003365029,-0.013115009,-0.026021453,0.002975235,0.018909823,-0.035352673,-0.002389788,0.016725399,-0.018447082,0.0047
198709,-0.0259,0.00949923,-0.013244027,-0.014207898,0.009357723,-0.008467864,0.00036069,0.020371925,-0.000385172,0.000194744,0.00507351,0.0045
198710,-0.2324,-0.076476707,-0.057256719,-0.02787863,0.023755635,0.02907414,-0.014490877,-0.057507652,0.026035408,0.088500771,0.052661042,0.006
198711,-0.0777,0.014470103,-0.030826256,0.004126181,0.001871499,-0.009665087,0.00890207,-0.002757381,-0.00719261,0.019483524,0.031087313,0.0035
198712,0.0681,-0.057241672,0.011591348,-0.023739424,-0.019197132,-0.043943128,0.052575177,-0.013676239,-0.030399971,-0.00239805,-0.050035108,0.0039
198801,0.0421,0.044592909,-0.018723996,0.026425268,0.016217117,0.071894928,0.075740112,0.004744244,2.18E-07,0.022223102,-0.016216081,0.0029
198802,0.0475,0.018530114,0.005788821,-0.017985473,-0.002327589,0.036108156,0.038915253,0.006878327,-0.015432448,-0.021719121,-0.008049792,0.0046
198803,-0.0227,0.06517827,-0.014881833,0.002634175,0.013202526,0.002473417,0.010396591,0.033830586,-0.018065749,-0.023750776,0.031195736,0.0044
198804,0.0056,0.002727217,-0.008371087,-0.003778128,0.012655929,-0.020345692,0.00489395,0.004758378,-0.005453629,0.003876639,0.00541586,0.0046
198805,-0.0029,-0.034446814,-0.021726248,0.001197643,0.004180442,-0.011194856,0.004003829,-0.00332133,0.005145367,0.041759699,-0.00503544,0.0051
198806,0.0479,-0.001245662,0.003999285,-0.000245217,-0.022569545,0.029434928,0.018003092,0.022966003,-0.004693202,-0.016952696,-0.024706104,0.0049
198807,-0.0125,0.00473628,-0.014138026,-0.000823594,0.014223682,-0.013973629,0.023994923,-0.006963156,0.004933659,0.002582753,0.003433342,0.0051
198808,-0.0331,-0.000367962,-0.022149718,-0.008022708,0.011150936,-0.019286905,-0.01276023,-0.015622167,0.007427606,0.011986243,0.011973288,0.0059
198809,0.033,-0.028663867,0.001893401,-0.019853864,-0.010600136,-0.002770594,-0.001574315,-0.019757188,-0.002933982,0.018635172,-0.025253646,0.0062
198810,0.0115,-0.037649351,-0.021134249,-0.031030689,0.010450497,-0.021874353,-0.008615918,-0.012237096,-0.003117444,0.044235373,-0.00505228,0.0061
198811,-0.0229,-0.032190913,-0.025688028,-0.022171622,0.003936243,-0.007519576,-0.008888144,-0.013976619,0.002120075,0.029956625,0.011499355,0.0057
198812,0.0149,0.002632175,0.010178171,-0.021840999,-0.002551883,-0.015910537,0.019132459,0.020494879,0.000376264,0.003974372,-0.021932903,0.0063
198901,0.061,-0.009251498,0.003198396,0.007846691,0.003293038,0.00306983,0.016561241,0.020380568,0.003956529,-0.015710752,-0.015080317,0.0055
198902,-0.0225,0.021155469,-0.007041216,0.000118122,0.007120171,-0.004113605,0.015693523,0.016305243,0.010214322,-0.002286372,0.008150741,0.0061
198903,0.0157,-0.005386679,-0.017503193,0.004988599,0.015935532,-0.039918598,-0.005268117,0.013550429,0.014008183,0.015398383,0.007975253,0.0067
198904,0.0433,-0.024601061,0.002414923,-0.010669773,-0.002716193,-0.022440286,-0.008260332,-0.012219716,-0.001154741,0.02025795,-0.012508575,0.0067
198905,0.0335,-0.017237715,-0.003426721,-0.006695751,0.002088881,-0.013643517,-0.01611542,-0.000710163,0.002705091,-0.00802763,-0.005892691,0.0079
198906,-0.0135,-0.012338608,-0.027525806,0.011947168,0.014793173,-0.021673627,0.008328077,-0.016804895,0.002224285,0.015560916,0.029340238,0.0071
198907,0.072,-0.053635927,0.013083013,-0.02768566,-0.00433764,-0.050118037,0.010809062,-0.020240779,-0.001008895,0.043567264,-0.026496998,0.007
198908,0.0144,-0.008566555,-0.010501282,-0.001644617,-0.008061964,-0.001126638,0.008107182,-0.001706476,0.006275931,0.013178085,-0.013883405,0.0074
198909,-0.0076,0.004257329,0.011490776,0.007684271,0.008184195,-0.031038073,0.008890974,-0.009886875,-0.001986127,0.004139855,0.012157521,0.0065
198910,-0.0367,-0.027845288,0.00797683,-0.024640611,-0.003353207,-0.045734282,-0.033932265,-0.027813115,-0.003043234,0.062384967,0.034687124,0.0068
198911,0.0103,-0.031738298,0.007788794,-0.019539357,-0.000526376,-0.040151141,-0.015504788,-0.005159256,-0.000377257,0.022904274,-0.002518869,0.0069
198912,0.0116,-0.043575448,-0.016646894,-0.024447108,0.014787587,-0.034802956,-0.019312895,-0.002241619,0.001444273,0.01815658,0.013949481,0.0061
199001,-0.0785,0.018208607,-0.013275892,-0.000938796,0.012705986,0.021058769,0.004138354,0.010735108,-0.002065086,0.028578377,0.015972495,0.0057
199002,0.0111,-0.01431287,-0.002479188,0.008888271,0.006829141,0.000842034,0.007811227,0.022236423,-0.007065801,-0.001974614,-0.006548474,0.0057
199003,0.0183,-0.00354838,0.01601838,-0.032924228,-0.001598411,-0.018638338,0.013828037,0.003750252,-0.013814814,0.002098943,-0.014916991,0.0064
199004,-0.0336,0.001943581,0.015724006,-0.017404515,-0.011909129,-0.028214805,-0.015580762,-0.027681721,0.002048834,0.019243522,-0.005246432,0.0069
199005,0.0842,-0.050605849,0.036525865,-0.004259832,-0.014943608,-0.030232451,-0.004829892,0.007949482,0.003728098,-0.010604635,-0.059309876,0.0068
199006,-0.0109,0.013157628,0.019232929,-0.021232052,-0.005651372,-0.03362995,-0.007941587,0.002564592,-0.008959929,0.010737472,-0.013154859,0.0063
199007,-0.019,-0.024070037,-0.006672524,-0.030988623,0.020876956,-0.061404392,-0.01068348,-0.024104448,0.003149565,0.044920075,0.02008442,0.0068
199008,-0.1015,-0.036691596,-0.03752142,-0.007649182,0.020394965,-0.028363784,-0.027122991,-0.00781526,0.009558026,0.059297556,0.040347734,0.0066
199009,-0.0612,-0.035568319,-0.008363184,-0.033543879,0.01921556,-0.067331856,-0.046663984,-0.020445541,0.018978499,0.046774487,0.031832353,0.006
199010,-0.0192,-0.061985774,-0.006599264,-0.048127335,-0.013512545,-0.076728757,0.000768882,-0.052478002,-0.008736797,0.05520728,-0.011895975,0.0068
199011,0.0635,-0.048332951,0.017846535,0.028672964,-0.03459065,0.052677838,0.049312649,-0.000605044,-0.030858735,-0.022706787,-0.038050341,0.0057
199012,0.0246,-0.048859127,-0.002592551,0.000730125,-0.018168225,-0.021044037,-0.005563851,-0.032124578,-0.011590303,0.016348651,-0.013044665,0.006
199101,0.0469,0.04316767,0.002961714,-0.000501124,-0.02073296,0.082000795,0.008261744,0.063556847,-0.007552262,-0.094744092,-0.09350224,0.0052
199102,0.0719,0.067806665,0.019439169,0.025743989,0.004537886,0.072597053,0.018208705,0.04835364,-0.000105942,-0.080089044,-0.031404919,0.0048
199103,0.0265,0.064001721,0.015703768,0.005980754,-0.003850128,-0.003533941,-0.012189603,0.069768477,-0.015166174,-0.053262164,-0.030282837,0.0044
199104,-0.0028,0.030384692,0.010700564,0.025407749,0.003782072,0.005785047,0.012408511,0.013733296,-0.018327246,0.005872956,0.009557595,0.0053
199105,0.0365,-0.020071227,-0.00928691,-0.003003884,-0.008642928,-0.0019383,0.001965368,0.003812258,0.012530708,0.017616744,-0.022203111,0.0047
199106,-0.0494,0.011536464,-0.00993158,-0.012018631,0.007895465,-0.017819379,0.005120868,-0.016531552,-0.000285202,0.042246428,0.034713319,0.0042
199107,0.0424,-0.027113207,0.005238301,-0.005740746,-0.019777231,-0.030728075,0.028216921,-0.001795776,0.00554728,-0.010793792,-0.040111134,0.0049
199108,0.0232,-0.011743666,0.006740936,0.011287775,-0.009240555,-0.011334799,-0.011055828,0.003753422,-0.001142103,-0.012111052,-0.022130804,0.0046
199109,-0.0159,0.024328646,0.018713323,0.004728351,-0.008876126,-0.026388273,0.003500059,-0.006266548,-0.006314617,0.00855608,-0.004011402,0.0046
199110,0.0129,-0.001829197,0.009738453,0.009094859,0.000286842,-0.028039473,-0.010358529,0.006650399,0.013464752,-0.012968568,-0.011199467,0.0042
199111,-0.0419,0.025778846,0.025597802,-0.002415083,-0.008605862,-0.015637099,-0.005204336,-0.013497289,0.008685138,0.013250649,0.019093494,0.0039
199112,0.1084,-0.092699393,0.019737485,-0.017504967,-0.045214994,-0.078532441,0.000156667,-0.031747266,-0.00046763,0.004533819,-0.06270014,0.0038
199201,-0.0059,0.167323201,-0.014604183,0.05580985,0.083136437,0.02050935,0.052954645,0.137205438,-0.001719045,-0.133460644,-0.057481073,0.0034
199202,0.0109,0.029552156,-0.034320057,0.017383801,0.038974142,0.009985868,-0.02946425,0.079002991,0.000532484,-0.018499259,-0.008648965,0.0028
199203,-0.0266,0.005841477,-0.025783905,-0.001647043,0.015158809,-0.000317353,0.00249316,0.001577603,0.006442818,0.040132813,0.036648166,0.0034
199204,0.0107,-0.077033106,-0.050096825,-0.008175925,0.003617336,0.021460276,-0.035926569,-0.015081736,0.003590129,0.072605637,0.049316716,0.0032
199205,0.003,-0.011293864,-0.011547486,0.008159241,0.005422452,-0.003950129,-0.005646622,0.001521081,-0.010720527,0.014861185,0.007615207,0.0028
199206,-0.0234,-0.044959402,-0.022213392,-0.005222014,0.008792225,-0.007212984,0.000159165,-0.01431686,-0.005804017,0.04687737,0.027402091,0.0032
199207,0.0377,-0.021402283,-0.004181986,-0.021716075,0.005870376,-0.01549817,0.017714156,0.008148429,-0.008540811,0.006609038,-0.001166704,0.0031
199208,-0.0238,-0.004353393,0.000554847,-0.025137261,-0.017286461,0.000234549,-0.001560003,-0.049704843,0.002017451,0.036862223,0.022441167,0.0026
199209,0.0119,-0.001985155,0.004219589,0.004830718,-0.006055155,-0.020376454,-0.002540439,0.009505514,0.006776017,-0.003448846,-0.011643986,0.0026
199210,0.0102,0.004476131,0.011732012,0.004545973,-0.00817621,-0.025193936,0.011713803,0.006851202,-0.007784814,-0.017208031,-0.022153629,0.0023
199211,0.0413,0.038492277,0.009841835,0.007159266,-0.011391314,0.000136632,-0.006572803,0.011982783,-0.008886032,-0.043275829,-0.064720992,0.0023
199212,0.0153,0.017678191,-0.024034478,0.015093218,0.01055909,-0.033466904,0.013594756,0.031107007,0.000543326,0.001746295,-0.004699577,0.0028
199301,0.0093,0.059683869,-0.026351233,0.018616993,0.036589741,-0.046039943,-0.000261298,0.074376288,0.016153284,-0.01473788,-0.018770409,0.0023
199302,0.0012,-0.034147297,-0.057998394,0.008856378,0.043025687,-0.033507115,0.000691299,0.033483815,0.021469641,0.050458088,0.059382493,0.0022
199303,0.023,-0.006409325,-0.027323601,0.009833669,0.020816007,-0.034469462,-0.007968071,0.023927384,-0.002512551,0.020326775,-0.011169724,0.0025
199304,-0.0305,0.002627739,-0.038490031,0.002634935,0.027320914,-0.004505156,-0.0150165,0.037256793,0.020824323,-0.002335071,0.012251322,0.0024
199305,0.0289,0.015989144,0.014516458,-0.000361555,0.009178885,0.00206925,0.012681433,0.021602533,-0.005722672,-0.049324704,-0.030249074,0.0022
199306,0.0031,-0.004545669,-0.024729561,0.023669141,0.018266181,-0.050387644,0.010919911,0.019865218,0.008991724,0.000891953,0.002441367,0.0025
199307,-0.0034,0.00494854,-0.029435757,0.004302658,0.015694695,-0.037526081,-0.0170894,0.017464341,0.001620717,0.004410204,0.01502917,0.0024
199308,0.0371,-0.005334461,-0.00241436,-0.009950053,0.002362258,-0.022685774,0.007170051,0.005418306,0.000771221,-0.010189241,-0.0218257,0.0025
199309,-0.0012,0.026416424,-0.008610781,0.019882241,0.008948621,-0.02742496,0.000787603,0.016100948,0.002170696,-0.00046485,-0.018810968,0.0026
199310,0.0141,0.037940974,0.020020518,-0.026011501,0.003584935,0.017956145,0.025505321,0.026042102,0.002969306,-0.023617722,-0.002250245,0.0022
199311,-0.0189,-0.008176164,0.005569351,-0.02190876,-0.005502682,0.030737798,-0.008539788,0.007639482,0.012355887,0.027737333,0.011843926,0.0025
199312,0.0165,-0.016601115,-0.015722858,-0.009390004,0.006658119,-0.02964737,0.003026272,0.011119216,-0.013848507,0.018991036,-0.013207735,0.0023
199401,0.0287,0.02469998,-0.012261249,-0.001695945,0.016515277,-0.004026569,0.017354231,0.038267262,-0.002969625,-0.006568337,-0.019801963,0.0025
199402,-0.0255,0.015310549,-0.005486388,-0.014285229,-0.003919192,0.00296384,0.001810975,0.00531977,0.004393135,-0.012003159,0.01141604,0.0021
199403,-0.0478,-0.004642492,-0.023774814,-0.002752352,0.012398314,0.005494015,0.001663961,0.010909796,0.009219124,0.028411247,0.020668874,0.0027
199404,0.0068,-0.036109607,-0.028652897,-0.007965355,0.021234971,-0.013008715,-0.00143576,0.002182732,0.003223152,0.038586744,0.014291648,0.0027
199405,0.0058,-0.013258456,-0.007514305,0.001881218,0.001103732,0.003904031,0.004273919,0.003300667,-0.006231854,0.019471316,-0.014922158,0.0031
199406,-0.0303,-0.009632771,-0.023316378,-0.015613782,0.00901792,-0.006797534,-0.002678872,-0.003709477,-0.001794811,0.047051135,0.030632158,0.0031
199407,0.0282,-0.024175308,-0.008061725,-0.012721396,0.000774681,-0.007470248,0.016950992,0.009712402,-0.012675628,0.013222898,-0.012710354,0.0028
199408,0.0401,-0.017855023,-0.001116485,-0.002526916,-0.00256409,-0.006284539,0.01457848,0.020649515,0.005754046,-0.020841907,-0.034216731,0.0037
199409,-0.0231,0.036295917,0.005545261,0.000611546,0.009938728,-0.011092929,-0.003458025,0.010182004,0.002824894,-0.026182772,0.000274686,0.0037
199410,0.0134,-0.015819509,-0.007685375,-0.023175681,0.005726018,-0.015533065,0.006762646,0.001338385,0.004527923,0.007973768,-0.006476523,0.0038
199411,-0.0404,-0.000668087,-0.004207447,-0.02278649,-0.011082439,0.000851649,-0.008210065,-0.019234079,-0.000363929,0.014491094,0.004954356,0.0037
199412,0.0086,-0.044097952,-0.01623834,-0.009646088,0.017568547,-0.040294373,0.00850426,0.003726961,0.004757233,0.029446696,0.013001859,0.0044
199501,0.018,0.022427041,0.005322283,0.002578409,-0.004322082,0.015618027,0.039231138,-0.010875556,0.004796141,-9.47E-05,0.003250341,0.0042
199502,0.0363,-0.018454361,-0.007558516,0.005587532,-0.001250003,-0.000457136,0.010319662,-0.007012143,0.000966807,0.034521653,0.003576548,0.004
199503,0.0219,-0.013614739,0.00118219,-0.013834502,0.008334366,-0.007236354,0.000620419,0.005647156,-0.007169014,-0.00526814,-0.021416659,0.0046
199504,0.0211,-0.003147208,-0.018652977,0.004100849,0.012075389,-0.012421493,0.002424425,0.00745639,0.002881739,-0.00220703,-0.010166414,0.0044
199505,0.029,-0.019983598,-0.012856194,0.015337307,0.0005163,-0.010054545,0.002187384,-0.008365876,0.009298903,0.026758972,-0.00528587,0.0054
199506,0.0272,0.02470887,0.024144313,0.019434459,-0.013669376,-0.01439572,0.015242114,-0.012963217,-0.00119603,-0.066674334,-0.040997402,0.0047
199507,0.0372,0.014599279,0.0129743,0.006533505,-0.009442403,-0.011408256,-0.015252864,0.003011762,-0.010086938,-0.045658646,-0.040680634,0.0045
199508,0.0055,0.033626096,0.004191851,0.032419055,0.013453538,-0.007971319,0.015206366,-0.011350563,0.009815539,-0.019422725,-0.006001679,0.0047
199509,0.0335,-0.0135844,0.004720185,0.006122367,0.007371281,-0.025057548,-0.007383958,-0.006996761,0.006764713,0.004679523,0.017633113,0.0043
199510,-0.0152,-0.037691397,-0.004924726,-0.009620163,0.004645,-0.046798618,-0.019826893,-0.00850682,0.015071692,0.068096771,0.034542715,0.0047
199511,0.0396,-0.041592062,-0.007345434,0.005349687,0.004719102,-0.002099533,0.002860807,0.002952977,-0.008883161,0.020891592,-0.00808313,0.0042
199512,0.0103,-0.012127276,-0.00614219,0.010665137,0.029377516,-0.024549162,-0.019215975,0.028683633,0.009201514,0.042742924,0.028590192,0.0049
199601,0.0226,0.005131945,0.006873393,0.014204301,0.023188513,-0.000435496,0.02184052,0.017812093,0.002693079,0.007422244,-0.005742364,0.0043
199602,0.0133,0.015739438,0.006823745,0.01757158,0.00159846,-0.006378064,0.018929445,-0.005463628,0.005659725,-0.017510927,-0.025302514,0.0039
199603,0.0073,0.014535865,-0.008594173,-0.010859853,0.000989152,0.017290137,-0.000248427,-0.002545154,0.010495083,0.002798709,0.002520305,0.0039
199604,0.0206,0.048400182,0.023627337,-0.007212811,-0.011245458,0.012039982,0.005813803,0.008024623,0.011818176,-0.100607917,-0.063197739,0.0046
199605,0.0236,0.052268217,0.014335687,-0.002634457,0.003326883,-0.014566632,-0.01830624,0.022379631,0.002086168,-0.047939622,-0.026314768,0.0042
199606,-0.0114,-0.041717256,-0.030932447,-0.018929005,0.014548409,-0.015934014,0.009754506,-0.010265278,0.005295687,0.089793072,0.068995316,0.004
199607,-0.0597,-0.041214346,-0.050045942,0.000902794,0.022410516,0.002382468,-0.038417696,-0.011343207,-0.007616205,0.121564494,0.064041076,0.0045
199608,0.0277,0.004847365,-0.00486221,0.011864243,-0.023249542,0.002016836,0.039672647,-0.002724301,-0.000907349,-0.023157346,-0.033689755,0.0041
199609,0.0501,-0.025839197,0.011820209,-0.011519041,-0.026455581,-0.02297909,0.009953338,-0.014294826,-0.001456719,-0.020640106,-0.018336479,0.0044
199610,0.0086,-0.049983984,-0.047759826,-0.002596137,0.019300286,-0.055652039,-0.014344743,-0.006726857,-0.008972641,0.083039805,0.036247508,0.0042
199611,0.0625,-0.053601279,-0.023128862,-0.000994759,-0.006592933,0.00956203,-0.00085431,-0.016536878,-0.005417645,0.015495319,-0.010015972,0.0041
199612,-0.017,-0.000865952,-0.03289126,-0.018747124,0.002478079,-0.019618559,0.001474395,-0.004835214,0.002272391,0.025840007,0.007397233,0.0046
199701,0.0498,0.02532446,0.033085169,0.009545511,-0.005847027,-0.00722688,0.035668114,0.004267391,-0.01517795,-0.038737594,-0.033019621,0.0045
199702,-0.0049,-0.022312461,-0.045951873,0.019396267,0.02248123,-0.005033158,0.025450561,-0.000760521,0.01246409,0.077407036,0.06170844,0.0039
199703,-0.0502,-0.013922244,-0.043262227,-0.021113936,0.019032941,-0.022507137,-0.002877258,0.0071017,-0.006909464,0.063742759,0.039320664,0.0043
199704,0.0404,-0.077433341,0.000654588,-0.01224806,-0.008144048,-0.051158197,0.01540837,-0.036062467,-0.005525937,0.069057398,0.00920032,0.0043
199705,0.0674,0.016361272,0.012802425,-0.007452343,-0.017893118,0.053453196,0.055815508,-0.016929001,-0.004452325,-0.073062776,-0.047697395,0.0049
199706,0.041,-0.006707215,-0.028018899,0.001367119,0.01502474,-0.039474913,0.000119183,0.01129145,0.010000267,0.021357491,0.014200823,0.0037
199707,0.0733,-0.029805391,-0.007292317,0.002145878,-0.022588598,-0.03714024,0.016959696,-0.008165662,0.002423376,-0.001151671,-0.038544669,0.0043
199708,-0.0415,0.079155846,0.001705839,0.014804984,-0.006275367,0.027431601,0.005471646,0.030039747,-0.000924257,-0.053216958,-0.033232934,0.0041
199709,0.0535,0.038429257,-0.000986361,0.018644993,-0.007266688,-0.00814172,0.015374838,-0.00345659,-0.008687764,-0.012662249,-0.005892427,0.0044
199710,-0.038,0.008564522,-0.019971227,0.002984145,0.017737332,-0.030548211,-0.001355411,-0.003421992,0.014841841,0.030288475,0.056186703,0.0042
199711,0.0298,-0.063620335,-0.018540104,-0.026751861,0.019834065,-0.037927535,-0.028634124,0.004025467,0.0139408,0.085012697,0.049338591,0.0039
199712,0.0132,-0.067601632,-0.050236588,0.008253119,0.021312424,-0.060109298,-0.049217543,-0.018166195,-0.00751339,0.073418928,0.058609321,0.0048
199801,0.0015,0.012445259,0.022458591,-0.013513852,-0.003866916,0.012448683,0.068913725,-0.004356697,0.012996983,-0.002548371,-0.025904104,0.0043
199802,0.0704,-0.018937429,-0.002409233,0.006690531,-0.019507696,0.006563348,0.016948382,0.006916755,0.006081341,-0.01545924,-0.034348177,0.0039
199803,0.0476,-0.00579655,-0.013150111,0.008979631,0.006777829,-0.020763223,0.008690871,0.017561112,-0.006358457,0.008521081,0.001621056,0.0039
199804,0.0073,0.014138302,0.002304741,-0.002306234,-0.003475606,-0.002606378,0.008525168,-0.012776241,0.016922528,-0.022507268,-0.016942397,0.0043
199805,-0.0307,-0.020120607,-0.019339538,-0.011913611,0.025502969,-0.025268057,0.00728575,0.003865967,-0.004290603,0.058816672,0.048285963,0.004
199806,0.0318,-0.07018953,0.012674874,-0.01914876,-0.015486978,-0.070722994,-0.021859472,-0.014784786,0.007778942,0.02087697,0.001623176,0.0041
199807,-0.0246,-0.032061337,0.001202589,0.007773728,0.007138304,-0.046487541,-0.036953011,-0.004059571,0.020317756,0.050603881,0.010413556,0.004
199808,-0.1608,-0.052980002,-0.028472387,-0.070263452,0.04081854,-0.046965377,-0.033633325,0.020040892,0.018337746,0.125725464,0.109591304,0.0043
199809,0.0615,-0.024614427,0.013754422,0.012502046,-0.010512172,0.03247007,0.039640925,0.02229962,0.011476566,-0.043032776,-0.055309157,0.0046
199810,0.0713,-0.043177017,0.02836828,-0.002291005,-0.00207662,0.041623919,0.087289826,-0.021082445,-0.010724894,-0.015907193,-0.050413514,0.0032
199811,0.061,0.032386297,0.033432949,0.029047578,0.009953214,0.011154381,0.023584083,0.007546098,-0.004522268,-0.049802177,-0.070572826,0.0031
199812,0.0616,-0.043838022,0.029479745,0.008514689,-0.016317485,-0.072973016,-0.002905287,-0.011000113,0.006255863,0.006181815,-0.048559759,0.0038
199901,0.035,0.055481946,0.058536944,0.027804352,-0.024909755,0.004020863,-0.004137961,0.021285953,0.033761781,-0.145793923,-0.104189718,0.0035
199902,-0.0408,-0.015477837,-0.018023441,0.018206539,0.027792982,-0.023024661,0.030511974,-0.005611056,0.001270232,0.039763621,0.03098345,0.0035
199903,0.0345,-0.061404703,-0.002486907,0.03179603,0.004999737,-0.004762868,-0.007271294,0.005976194,0.024166596,-0.034608099,-0.053044593,0.0043
199904,0.0433,0.021739708,-0.036818947,-0.003797058,0.012636029,0.076912843,0.023640789,0.060628618,-0.000228781,-0.046560036,-0.043061864,0.0037
199905,-0.0246,0.044142342,-0.012713876,-0.024954609,0.016282099,0.047753512,0.020487557,0.025834496,-0.005666019,0.001144048,-0.003356769,0.0034
199906,0.0477,-0.012586298,0.009516952,-0.017972209,-0.021632725,-0.028237827,0.018543619,0.006887526,-0.004336519,-0.024315409,-0.032533334,0.004
199907,-0.0347,0.050937658,-0.004216312,-0.010657858,0.016029503,-0.005600486,0.010245407,-0.000261405,0.009928916,0.007740605,-0.010694305,0.0038
199908,-0.0138,-0.008567855,0.001286001,-0.004842438,-0.005236538,-0.019463598,-0.020606375,-0.008820004,0.004833256,0.00077018,-0.01752084,0.0039
199909,-0.0281,0.014835684,0.02154943,0.016229028,-0.002857036,-0.063958106,-0.006486309,0.014923994,-0.004356708,-0.040635898,-0.014808904,0.0039
199910,0.0613,-0.067503903,0.028032857,0.037439471,-0.005117669,-0.052381101,-0.008543725,-0.028882281,0.042167392,-0.011757527,4.83E-05,0.0039
199911,0.0337,0.098761156,0.067073063,0.034249144,0.008681033,-0.065468589,0.031259123,0.065840901,0.009394219,-0.169242996,-0.139722982,0.0036
199912,0.0772,0.026334143,0.062548651,0.031216965,0.00379524,-0.1057269,-0.14517116,0.073028979,0.054366325,-0.134438987,-0.171245857,0.0044
200001,-0.0474,0.132787935,0.066492577,0.058443699,0.05379715,-0.005198797,0.020417151,0.049827257,0.010177351,-0.080722701,-0.058025136,0.0041
200002,0.0245,0.140054796,0.098730822,0.097607576,0.029270703,-0.157589874,-0.159307202,0.089743786,0.028233724,-0.284998272,-0.263361587,0.0043
200003,0.052,-0.083841976,-0.01080018,-0.070209447,0.001541185,0.023959821,0.086628858,-0.044435527,-0.003431058,0.136620317,0.065861415,0.0047
200004,-0.064,-0.076434273,-0.060844677,-0.07605693,-0.001188506,0.106009979,-0.057540541,-0.038292798,-0.03821355,0.182574422,0.169629571,0.0046
200005,-0.0442,-0.063665256,-0.054479566,-0.023268671,0.00622974,0.086564624,-0.122740041,-0.024905047,-0.010375152,0.114330127,0.127473122,0.005
200006,0.0464,0.051272622,0.031858412,0.010729128,0.002284117,-0.1214217,0.110632584,0.043280525,0.010155743,-0.167701137,-0.117076287,0.004
200007,-0.0251,-0.024415844,-0.063126036,-0.044682561,0.02758474,0.002036081,0.057245417,-0.026936787,0.00206595,0.073760892,0.044871368,0.0048
200008,0.0703,-0.010038058,0.030276152,0.043892374,-0.00517733,-0.044563755,0.032869743,0.021165596,0.002527082,-0.067428003,-0.082534907,0.005
200009,-0.0545,-0.013658891,-0.064190766,-0.021411024,0.054854142,0.002455015,0.025813528,-0.009305534,0.007846113,0.088362118,0.101486921,0.0051
200010,-0.0276,-0.073293096,-0.053663464,-0.076424049,0.029450015,0.05040508,-0.054318262,-0.030479254,0.006532104,0.115419503,0.071306613,0.0056
200011,-0.1072,-0.063595999,-0.134192781,-0.123944657,0.059704229,0.015290156,-0.142601118,-0.02524683,-0.001887764,0.199366555,0.164609799,0.0051
200012,0.0119,-0.104046057,-0.109467508,-0.014748113,0.025596122,-0.065812799,-0.070799768,0.020212874,-0.044228646,0.107520293,0.05745733,0.005
200101,0.0313,0.257808592,0.175179224,0.097671742,-0.047611831,0.31787371,0.27474963,0.010958335,-0.010478484,-0.260555235,-0.22957811,0.0054
200102,-0.1005,-0.016003637,-0.132176995,-0.079034552,0.073287147,-0.136016435,0.121834553,0.087033897,-0.012682102,0.237134497,0.134313378,0.0038
200103,-0.0726,-0.021997894,-0.097606511,-0.035850993,0.0245697,-0.130891293,-0.117788377,0.040829239,0.00645324,0.139896376,0.07844254,0.0042
200104,0.0794,-0.018377181,0.053277045,0.008813576,-0.022353646,0.096500129,0.10764909,-0.02699507,-0.013960099,-0.093410749,-0.081688353,0.0039
200105,0.0072,0.061839088,-0.017226141,-0.005246913,0.012992212,-0.039270977,0.040119509,0.042866186,-0.021205605,0.016172521,0.003138324,0.0032
200106,-0.0194,0.011254998,-0.031427568,-0.004743889,0.003898432,-0.031576278,-0.017650463,0.025617769,-0.006224018,0.034537822,0.03181449,0.0028
200107,-0.0213,-0.010628122,-0.038930116,-0.03977529,0.012362061,-0.086074183,0.00336747,0.012191906,0.010271903,0.104712279,0.063266908,0.003
200108,-0.0646,0.007182122,-0.035101227,-0.025530485,0.039866024,-0.082469396,-0.045607402,0.042285366,-0.01978175,0.095122284,0.057761848,0.0031
200109,-0.0925,-0.044337539,-0.027255846,-0.012643163,0.023299957,-0.153362998,-0.065078836,-0.01257449,0.0033532,0.138281091,0.080020172,0.0028
200110,0.0246,0.081494684,0.061391513,0.026918886,-0.024596564,0.106390625,0.135850602,-0.002536279,-0.01807352,-0.126567783,-0.105831026,0.0022
200111,0.0754,0.007643449,0.018434004,0.031444638,-0.020319259,0.117216322,-0.032046626,0.003241361,0.003061692,-0.085499643,-0.086017825,0.0017
200112,0.0161,0.056221465,0.010140711,-0.000320041,0.001340894,0.016158132,0.010067332,0.017694269,-0.011585786,-0.03887271,-0.032964088,0.0015
200201,-0.0144,0.036720238,-0.027352951,-0.015996651,0.036025444,-0.027807791,0.021565595,0.039295775,-0.015871946,0.019922603,0.039747032,0.0014
200202,-0.0229,-0.029473107,-0.038792235,-0.057213796,0.039611313,-0.100615226,-0.020253919,0.023038097,0.00036728,0.119722427,0.081300714,0.0013
200203,0.0424,0.031878438,-0.006185661,0.006384851,-0.002993071,0.004571121,0.040706607,0.032236767,0.003083527,-0.073251122,-0.04338337,0.0013
200204,-0.052,0.027458995,-0.06177578,-0.011035037,0.039847341,-0.085967668,0.000846573,0.040743106,-3.97E-05,0.101923976,0.068557039,0.0015
200205,-0.0138,-0.00234057,-0.036053572,-0.008644275,0.023596518,-0.059393154,-0.044336891,0.028437925,0.01039714,0.073191553,0.027246878,0.0014
200206,-0.0721,-0.011003847,-0.050130604,-0.006424386,0.03660722,-0.075730597,-0.057671285,0.011227951,-0.004579729,0.122168359,0.060454688,0.0013
200207,-0.0818,-0.013682271,0.006667466,-0.014049329,-0.022998669,-0.032576287,-0.013375483,-0.020956951,0.009363501,0.073614368,0.045917205,0.0015
200208,0.005,-0.017357773,-0.003664149,0.007810976,-0.018702386,-0.023153474,0.01270397,-0.010056756,-0.003051023,0.014665408,-0.005279836,0.0014
200209,-0.1035,0.010718293,-0.012029672,-0.018284858,-0.045480665,-0.10561931,-0.026220338,-0.021446409,-0.012561822,0.092453824,0.0562729,0.0014
200210,0.0784,-0.010465587,0.050977153,0.024309668,0.02298076,0.059866223,0.095517561,0.01302445,0.033249343,-0.065863531,-0.086610393,0.0014
200211,0.0596,0.077049562,0.045475528,0.061666647,0.073267739,0.168544726,-0.00955941,0.050128587,0.0383215,-0.178842415,-0.128575353,0.0012
200212,-0.0576,0.005425512,-0.045094715,-0.034758854,-0.039603427,-0.118366493,0.097624774,0.002118903,-0.008143296,0.106538912,0.065582536,0.0011
200301,-0.0257,0.037834697,0.005756142,0.033038158,0.006916768,-0.007479673,0.002219082,0.002347519,0.02404116,-0.014612068,0.013389881,0.001
200302,-0.0188,-0.003272397,0.001918752,0.001535947,0.000602013,-0.035095442,-0.020432708,-0.005073878,-0.003006616,0.046191351,0.019353998,0.0009
200303,0.0109,0.00794735,0.023103453,0.001255482,-0.007044163,-0.025842865,0.00016638,-0.005248017,-0.013334432,0.007328894,-0.011779964,0.001
200304,0.0822,0.023181065,0.012584252,0.024307137,0.015245555,0.105093548,0.030144694,0.001910185,0.020834472,-0.089170173,-0.035151965,0.001
200305,0.0605,0.083435643,0.044305734,0.066399525,0.068990702,0.123593438,-0.035762066,0.05633145,0.015589754,-0.146516389,-0.075524279,0.0009
200306,0.0142,0.039861152,0.010123962,0.00655408,0.002008919,0.031159475,-0.016386604,0.018845784,-0.002952386,-0.038203764,-0.02148036,0.001
200307,0.0235,0.066613799,0.003580749,0.025331342,0.022432248,0.00708099,0.007648245,0.007864288,0.011860389,-0.071060467,-0.044004885,0.0007
200308,0.0234,0.019236469,-0.012495174,0.022937262,0.018225828,0.001781603,-0.018124305,0.011751696,-0.008677502,-0.047785108,-0.024333514,0.0007
200309,-0.0124,0.047915997,-0.003794519,0.018188577,0.022053219,-0.006690503,0.02413907,0.020683687,0.007491517,-0.016408291,-0.001372106,0.0008
200310,0.0608,0.026696452,-0.024000756,0.017480352,0.012023912,-0.055248317,0.015431508,0.028908941,0.026172703,-0.072703412,-0.055146723,0.0007
200311,0.0135,0.02314954,-0.019630241,-0.001292801,0.011219711,-0.021359645,-0.013325452,0.01330117,-0.000448033,-0.026390314,0.003317177,0.0007
200312,0.0429,-0.012381563,-0.026508954,-0.022496913,0.005326052,0.028615703,0.017242696,0.008759122,-0.014098249,0.017632995,0.020483234,0.0008
200401,0.0215,0.053321152,-0.011053284,0.050658446,0.059121016,-0.039330462,0.027606494,0.051497717,0.025709715,-0.057382681,-0.017472663,0.0007
200402,0.014,-0.009321709,-0.01354508,-0.01513999,-0.010747061,0.005416112,0.006905754,-0.022831083,-0.001680171,0.008957192,0.020403609,0.0006
200403,-0.0132,0.004990889,-0.005750018,-0.020425287,-0.012652728,-0.001931035,-0.022162615,-0.022052344,-0.000297867,0.014449438,0.005040141,0.0009
200404,-0.0183,-0.010363893,0.018199046,-0.045377117,-0.028586338,0.036883822,0.004812906,2.61E-05,-0.021968608,0.020047847,0.028488456,0.0008
200405,0.0117,-0.022851445,-0.007401668,0.007121751,0.005850083,-0.019289405,0.028961378,0.000966074,0.01125416,-0.012723967,-0.019891756,0.0006
200406,0.0186,0.001358196,-0.012800346,-0.011784049,-0.004565918,-0.014619707,0.004709299,0.008351231,0.000725866,-0.000516118,-0.008178464,0.0008
200407,-0.0406,-0.032906891,-0.045586378,-0.054939959,-0.00320926,0.035511013,-0.000592335,-0.037529942,-0.003312646,0.077127476,0.059679635,0.001
200408,0.0008,-0.016506032,-0.003576494,-0.012480787,-0.011628055,0.02151419,-0.029370019,-0.031904028,-0.012889823,0.039852727,0.024657394,0.0011
200409,0.016,0.02178511,-0.002577128,0.009512332,-0.021610011,-0.042560686,0.031054009,-0.018228576,0.007420711,-0.034600771,-0.027037834,0.0011
200410,0.0143,0.000146035,-0.004889367,0.010975598,0.002195348,0.005637793,-0.003482703,-0.000703488,0.018934434,0.002200193,-0.00965717,0.0011
200411,0.0454,0.034295579,-0.002186456,0.013440275,-0.002281642,-0.021222963,0.009006094,-0.002067704,0.010955704,-0.04278875,-0.04502681,0.0015
200412,0.0343,0.027274659,0.013188786,0.005907291,0.009583637,0.017117891,0.004264992,0.01696341,-0.01585144,-0.027142887,-0.0213295,0.0016
200501,-0.0276,-0.014190027,-0.026695105,-0.039611032,-0.003991254,-0.023766029,0.015778936,-0.019992807,0.003770539,0.044910153,0.050364299,0.0016
200502,0.0189,-0.018405271,-0.030261305,-0.030572323,0.006640748,-0.04228293,-0.027297235,-0.017684886,-0.009842389,0.00474223,0.013333701,0.0016
200503,-0.0197,-0.025584743,-0.019903547,-0.021725263,0.004014114,-0.013804861,-0.003330372,-0.023234821,-0.002302081,0.028782083,0.024405447,0.0021
200504,-0.0261,-0.035884571,-0.006204506,-0.019024109,-0.014397971,-0.010348521,-0.015817113,-0.029725557,-0.013993005,0.059572609,0.045989914,0.0021
200505,0.0365,0.012921726,0.018623125,0.025845449,-0.00249585,0.008250765,0.038115125,0.009467383,0.009725573,-0.037208787,-0.05641782,0.0024
200506,0.0057,0.020015194,-0.01750144,-0.011584084,-0.002959118,-0.016584945,-0.003920686,-0.010555347,-0.007888436,-0.026713699,-0.017490805,0.0023
200507,0.0392,0.030865095,0.013625933,0.002983414,-0.005643227,0.008236728,-0.008865728,0.009634015,-0.00115686,-0.046130888,-0.042509157,0.0024
200508,-0.0122,-0.011133921,-0.014318641,0.007785942,0.008190555,-0.014155651,-0.001901785,-0.003360868,-0.00482184,0.004068675,0.008426034,0.003
200509,0.0049,-0.000518311,-0.004254894,-0.009708724,-0.007575153,-0.028598393,-0.029355865,0.00340956,-0.001343058,-0.019364597,-0.007724198,0.0029
200510,-0.0202,-0.014305934,-0.002623089,0.003419546,-0.004434248,0.006033023,0.01167656,-0.015646333,-0.000846515,0.025852102,0.022664443,0.0027
200511,0.0361,-0.003954723,0.003808739,0.003707363,-0.010576957,-0.006524658,0.004312174,0.000888598,-0.006530578,-0.02229218,-0.026138518,0.0031
200512,-0.0025,0.006518987,-0.007328617,9.34E-05,-0.006101988,-0.01207179,0.00309534,-0.011737979,-0.012569102,-0.016561979,-0.002418175,0.0032
200601,0.0304,0.046619665,0.000220713,0.010125077,7.67E-05,-0.010339803,-0.006350237,0.013198853,-0.004029192,-0.081392445,-0.046350056,0.0035
200602,-0.003,0.012544835,0.011751248,0.002675738,0.013521281,0.01137901,0.028526884,0.01583544,-0.001985006,0.020542193,0.021529495,0.0034
200603,0.0146,0.028422808,0.000835565,0.001455373,0.007156342,-0.012821542,0.002672036,0.010717664,-0.005858187,-0.029919957,-0.020712029,0.0037
200604,0.0073,-0.015768674,-0.033352558,-0.018808619,-0.001332327,-0.010371367,-0.010359143,-0.008862827,-0.014303398,-0.014645638,-9.80E-05,0.0036
200605,-0.0357,-0.01966686,-0.02088711,-0.02719658,0.019566208,0.029911127,-0.001276872,-0.009365227,0.005393469,0.048666376,0.052213783,0.0043
200606,-0.0035,-0.010582515,-0.012481287,-0.013388411,0.006698132,0.001061736,-0.015864308,-0.014361524,0.003440733,0.016075001,0.00223851,0.004
200607,-0.0078,-0.034211614,-0.022832428,-0.007877694,-0.001709024,0.00292769,-0.003951371,-0.009633914,0.006821468,0.055355228,0.038743573,0.004
200608,0.0203,0.006295564,0.01574102,0.007722319,0.015953908,0.021262914,0.018205497,0.017302228,-0.000262034,-0.00027544,0.002999608,0.0042
200609,0.0184,-0.013433338,-0.012861089,-0.001316946,-0.000209095,0.00740115,-0.004087474,0.012217042,-0.002572839,0.014281401,-0.008224702,0.0041
200610,0.0323,0.015045932,0.002044567,-0.02649163,0.005336584,-0.001209726,0.005235838,-0.01481811,-0.010942692,-0.029081562,-0.019991631,0.0041
200611,0.0171,0.000611776,0.000194137,-0.00384044,-0.007887323,-0.005381466,-0.013325898,-0.014335944,0.008990187,-0.020343671,-0.016536215,0.0042
200612,0.0087,0.006307299,-0.023946617,-0.008541293,0.011434391,-0.013393571,0.017633899,0.008688713,0.005863526,0.023230541,0.015654724,0.004
200701,0.014,-0.004969251,-0.00017987,-0.001072274,0.004251595,-0.008463794,0.006250311,-0.002876021,0.001998672,-0.006397831,-0.006473121,0.0044
200702,-0.0196,0.012595225,-0.002212888,-0.002559539,-0.005968285,0.012257952,-0.001793013,-0.006247577,0.008660743,-0.000846827,0.004352742,0.0038
200703,0.0068,-0.007947274,-0.006475038,-0.006790613,0.005400182,-0.026864337,-0.010486794,-0.008597661,0.011172096,-0.006901544,0.010602321,0.0043
200704,0.0349,-0.021571409,0.007738972,-0.0172103,0.010568325,-0.001454289,-0.005758946,0.006293789,0.002504619,-0.015950383,-0.016578763,0.0044
200705,0.0324,-0.018567634,-0.003840853,-0.027925247,-0.006354716,-0.00502216,-0.008721157,-0.027268435,0.005995018,-0.010571919,-0.002152933,0.0041
200706,-0.0196,0.007079749,-0.005219241,-0.017290954,0.001691213,0.001611828,-0.015974372,-0.008167902,-0.00230506,-0.007912551,-0.004463132,0.004
200707,-0.0373,-0.022507707,0.012834827,-0.008422535,-0.008460041,-0.023931314,-0.039632831,-0.006562703,0.003638827,0.010863318,0.019900796,0.004
200708,0.0092,-0.026214235,0.017342297,0.005601188,-0.015079625,-0.001888506,0.003792383,0.001009259,-0.001366345,0.019127466,0.00433661,0.0042
200709,0.0322,-0.025755219,0.005157596,-0.002264733,-0.031499204,-0.044899205,0.007960465,-0.031809782,4.82E-06,-0.014572212,0.001222795,0.0032
200710,0.018,-0.018898666,0.019016714,-0.019654434,-0.010572904,-0.06181753,-0.042067736,-0.018991293,-0.000534479,-0.014241121,-0.005479366,0.0032
200711,-0.0483,-0.043861374,-0.002081099,-0.008119795,0.001314926,-0.015415968,-0.005539173,0.022680913,-0.015667822,0.070053568,0.030524035,0.0034
200712,-0.0087,-0.000379473,0.006217409,-0.025756244,-0.007128041,-0.055098832,-0.009193714,-0.018981052,0.00942749,0.000288474,-0.01329115,0.0027
200801,-0.0636,-0.001212746,-0.030185241,0.029470539,0.018520074,0.060286469,0.053231638,0.033442646,0.00523611,0.04643404,0.011318194,0.0021
200802,-0.0309,-0.009312045,0.001865372,-0.040562357,-0.009279989,-0.067315361,0.038277787,-0.028821931,-0.00835557,0.004738182,0.02335095,0.0013
200803,-0.0093,-0.009534559,0.000699078,-0.011616104,0.012109528,-0.028871491,0.001514196,0.024499547,-0.007454079,0.048273425,-0.007369181,0.0017
200804,0.046,-0.036770612,0.003168237,-0.010442531,-0.024568447,0.009037519,0.041409407,-0.03605166,0.003522496,-0.020124321,-0.043207268,0.0018
200805,0.0186,0.007710539,0.014069203,-0.041353908,0.002838738,-0.029002288,-0.019556456,-0.034922831,-0.00448043,-0.01074687,-0.01043014,0.0018
200806,-0.0844,-0.024193895,0.025567401,-0.045388492,-0.000788231,-0.101433102,-0.057572172,-0.013468451,0.000648326,0.021789749,0.016798804,0.0017
200807,-0.0077,0.038665459,-0.013390025,0.061380538,0.008590905,0.048211346,0.085320836,0.045371397,0.004313284,0.051452123,0.00182196,0.0015
200808,0.0153,0.016961449,0.001044065,-0.019670537,0.01858558,0.026613947,-0.007525487,0.01188178,-0.010327386,0.012381758,-0.019774986,0.0013
200809,-0.0924,-0.020636789,-0.058137999,0.058573195,0.026491141,-0.012864724,-0.044562918,0.022012627,-0.015262802,0.062361664,0.039279863,0.0015
200810,-0.1723,-0.043101668,0.001459793,0.01234324,0.019301229,-0.111902108,-0.08349869,0.041469053,-0.007406099,0.136966456,0.034644739,0.0008
200811,-0.0786,-0.062357065,0.033857666,-0.043017369,0.012188269,-0.094460974,-0.075502403,-0.028216445,-0.018506232,0.105344025,0.001917778,0.0003
200812,0.0174,0.025507758,0.000910446,-0.020703239,-0.001927752,0.048145969,0.053602648,-0.017229165,-0.024260616,-0.025653809,-0.029918108,0
200901,-0.0812,0.048748576,0.083803538,-0.054933036,-0.030016363,-0.02857201,0.035156222,-0.039061714,0.01399276,0.031566181,0.035975719,0
200902,-0.101,-0.018605837,0.037620653,-0.011777799,-0.012467631,-0.058466862,-0.052589837,-0.010679169,0.02802938,0.066321227,0.004717474,0.0001
200903,0.0895,0.026117652,-0.005511887,0.026396692,-0.013990261,0.119436684,0.065248946,0.043943707,-0.000244887,-0.10921961,-0.048150079,0.0002
200904,0.1019,0.118949482,-0.029780601,-0.042933382,0.000102614,0.298623811,-0.079128044,0.034484896,0.010237069,-0.198062219,-0.08114442,0.0001
200905,0.0521,0.055927196,0.000555414,-0.028177988,-0.038704429,0.110783219,-0.031038015,-0.021814522,0.016757163,-0.107866555,-0.026104233,0
200906,0.0043,0.052359585,0.026205853,-0.002889277,-0.000373922,-0.028083042,0.045783846,0.017217161,-0.01702701,-0.01280239,0.001543593,0.0001
200907,0.0772,0.00745466,-0.03865883,-0.005385856,0.039784182,0.045661083,0.026026685,0.038895189,0.0151871,-0.052791532,0.002391202,0.0001
200908,0.0333,0.01206464,-0.046101066,0.021775634,0.053500088,0.080455948,-0.01838825,0.06296924,-0.00823372,-0.055616449,-0.025691724,0.0001
200909,0.0408,0.024005729,-0.01971962,-0.012516167,0.009786312,0.040160361,0.007019136,-0.023941939,0.000556044,-0.033829221,-0.021626591,0.0001
200910,-0.0259,-0.031294138,0.022588862,-0.043271457,-0.017451142,-0.032206752,0.015047186,-0.046222472,0.000659206,0.071584618,0.027040085,0
200911,0.0556,-0.041950097,-0.006655834,-0.017194876,-0.009712949,-0.022751009,0.001276717,-0.003533527,-0.017466743,-0.007041866,-0.01455327,0
200912,0.0275,0.038102785,0.002685651,-0.014007993,0.003935461,-0.015178977,0.021096703,0.014947726,-0.000523907,-0.030478471,0.006037152,0.0001
201001,-0.0336,0.017622325,-0.010287713,0.018066903,0.00980683,0.036092241,0.033038132,0.013052216,-0.004177131,-0.004023628,0.026822283,0
201002,0.034,0.007246826,-0.013534463,0.002502917,0.011074116,-0.040936222,0.01847244,0.029670642,0.000274338,-0.028991075,-0.012159964,0
201003,0.0631,0.008713991,-0.032761294,0.018056446,0.014932461,-0.040852149,-0.005664687,0.062568977,0.003785262,-0.033508573,0.002454376,0.0001
201004,0.02,0.065446994,-0.009761755,0.010680763,0.024829901,-0.025351411,-0.018421662,0.066744778,0.006697047,-0.059999339,-0.013620808,0.0001
201005,-0.0789,-0.002091349,0.026589324,-0.005811461,-5.23E-05,0.014867192,0.004711403,-0.037905226,-0.007002909,0.037491718,0.02150473,0.0001
201006,-0.0556,-0.018115801,0.021178769,-0.023735471,-0.016259814,0.025069214,-0.057324938,-0.06891618,-0.017791921,0.075224564,0.047426488,0.0001
201007,0.0693,-0.006685386,-0.002831443,-0.008512337,0.02562337,-0.006995144,0.047832668,0.011338394,-0.002083663,-0.019319331,-0.010891083,0.0001
201008,-0.0477,-0.033492843,0.006689194,-0.020392055,-0.027540853,-0.01566468,0.024680409,-0.057255611,-1.87E-05,0.042407661,0.019446626,0.0001
201009,0.0954,0.030842767,0.0300277,-0.005459202,-0.001772173,-0.014307438,0.058973261,0.028765671,0.010495079,-0.057428803,-0.037528147,0.0001
201010,0.0388,0.018666532,0.018575232,-0.021891417,-0.002242729,8.58E-05,-0.013661865,-0.005504768,-0.001558884,-0.019213797,-0.010558789,0.0001
201011,0.006,0.032672554,0.01648434,0.001570619,0.008563963,-0.022375607,-0.01252595,0.006137731,0.004035191,-0.024395687,-0.01214819,0.0001
201012,0.0682,0.014606177,-0.015076172,0.052496298,0.0301863,0.012260601,-0.014407098,0.059077973,-0.006025526,-0.0455011,-0.022514886,0.0001
201101,0.0199,-0.029816989,-0.009814498,0.016572815,0.01736149,-0.000954333,-0.006404353,0.017525311,0.001662637,0.00256721,0.004866406,0.0001
201102,0.0349,0.002845189,-0.006515484,0.002443593,0.014212779,-0.022713798,-0.004737929,0.024714158,0.006132474,-0.00849968,0.012846729,0.0001
201103,0.0045,0.008390063,0.022277045,-0.01114261,-0.002923796,-0.026285352,-0.005302784,-0.01514792,0.003490265,0.005541293,0.015877544,0.0001
201104,0.029,-0.011856116,0.010796507,-0.003585828,-0.012120753,-0.003860012,-0.01254826,-0.007579701,0.010195445,0.009108271,-0.000334484,0
201105,-0.0127,-0.007521199,0.010103399,-0.015062519,-0.01111251,-0.000160336,-0.010741868,-0.026303288,-9.12E-05,0.040038739,0.016092713,0
201106,-0.0175,-0.010627189,-0.00574654,-0.020182724,-0.009856135,-0.013845559,-0.022821292,-0.026886163,-0.008173338,0.03140954,0.020264372,0
201107,-0.0236,0.000453472,0.006285648,-0.013716211,-0.012029101,0.004259566,-0.005734498,-0.022716496,0.006052171,-0.005181101,-0.00113858,0
201108,-0.0599,-0.037321093,0.013112766,-0.036566135,0.002005236,0.001599902,-0.025849875,-0.080962068,-0.003027095,0.058054834,0.044904942,0.0001
201109,-0.0759,-0.02752653,0.009533973,-0.028525241,0.011222734,0.035219074,-0.097599981,-0.064530345,-0.000207509,0.081046629,0.027223009,0
201110,0.1135,0.006203722,0.001340051,0.008146465,-0.011918018,0.007724802,0.129990887,0.053047778,-0.001194591,-0.049170456,-0.05237692,0
201111,-0.0028,-0.014572345,0.012440641,-0.023984793,0.009124651,-0.056142192,0.02366196,-0.037144578,0.012847202,0.03159238,0.021645762,0
201112,0.0074,-0.001326767,-0.004686567,-0.007411493,0.028913292,-0.037786737,-0.015266055,0.00985294,0.003681201,0.037428962,0.029981651,0
201201,0.0505,0.042272343,0.00177396,0.031849348,-0.015316644,0.08595647,0.073880351,0.027734235,-0.014440162,-0.064013979,-0.041992932,0
201202,0.0442,-0.023909297,-0.012760375,0.002599699,0.003513972,0.014563727,-0.014339233,0.021238653,-0.000746427,-0.009730796,-0.013270518,0
201203,0.0311,0.00309667,-0.013515388,0.009648648,0.018943565,-0.018187693,-0.014975952,0.038144358,0.008691602,-0.002198708,0.002330569,0
201204,-0.0085,-0.014015288,-0.002115251,-0.009897943,0.011427746,-0.04408094,-0.006323751,-0.015891995,-0.001232469,0.026532185,0.022314727,0
201205,-0.0619,-0.008118754,0.006393712,0.003589273,0.03006147,-0.074791354,-0.049421461,-0.014438502,-0.000502064,0.057874838,0.026049194,0.0001
201206,0.0389,0.011766557,-0.009166126,0.007095247,0.010806866,0.003268358,0.00846264,0.016386445,0.005955882,-0.00072033,0.00459191,0
201207,0.0079,-0.024018403,0.018672013,-0.015019064,0.001928175,-0.02715241,0.008305948,-0.030408103,0.002386773,0.044196992,0.017338601,0
201208,0.0255,-0.000170305,-0.015730243,0.01250335,-0.01091162,0.01917203,0.016013765,0.023679108,0.006113625,-0.028054576,-0.019271242,0.0001
201209,0.0273,0.015757191,-0.011573026,0.003715291,0.007852961,0.019440933,-0.011867528,0.01960762,-0.006227255,-0.014405978,0.005984016,0.0001
201210,-0.0176,-0.031899162,-0.041180538,-0.003532215,0.013552081,-0.005418139,-0.004085682,-0.000713875,0.002888174,0.027771517,0.02680267,0.0001
201211,0.0078,-0.001682043,-0.001116942,-0.007596603,0.00644813,-0.017367781,0.000747952,0.001651719,-0.011801849,0.005514154,-0.011665545,0.0001
201212,0.0118,0.008944022,-0.039401464,0.006694435,0.008453024,0.024497414,-0.000513885,0.0447089,-0.010573827,-0.018424039,-0.000117773,0.0001
201301,0.0557,0.000412919,-0.013465054,0.015428387,0.010576618,0.002304155,0.000759275,0.037537804,-0.011245106,-0.028647031,0.006350206,0
201302,0.0129,-0.00711362,0.000341937,-0.007819551,0.006098773,-0.02988198,-0.013805538,-0.004678979,-0.013629069,0.025851376,0.015381207,0
201303,0.0403,0.011380031,0.012283857,0.001116352,0.013150113,-0.026549251,-0.023009113,0.019706862,-0.01122572,-0.022930351,-0.000319541,0
201304,0.0155,-0.017128129,-0.008810224,0.002397271,0.010974815,-0.024131206,-0.005895642,-0.008004191,-0.003237496,0.023593867,-0.004724388,0
201305,0.028,0.019420461,-0.00221588,-0.000891824,-0.003445804,0.00550191,0.028466184,0.031175648,-0.001924023,-0.038865412,-0.028038044,0
201306,-0.012,0.013551141,0.003310622,-0.002777032,0.006142555,-0.018358422,-0.019855528,-0.001681417,-0.008152953,0.006608704,0.011256641,0
201307,0.0565,0.02220151,0.006867901,0.011110075,0.004312806,-0.026652781,0.006742493,0.02618272,0.00074594,-0.048705972,-0.009668547,0
201308,-0.0271,0.007062014,0.005956848,-0.004475397,-0.015149178,0.020100313,-0.001874415,0.003135945,-0.007618056,-0.01081741,-0.007235093,0
201309,0.0377,0.026012766,-0.004579326,0.007932456,-0.000142966,-0.031003199,0.001963872,0.014860664,0.006437442,-0.031653797,-0.015274703,0
201310,0.0418,-0.022881219,-0.014394907,-0.028553002,0.001545081,-0.007952762,-0.010024629,1.95E-05,-0.001760619,0.018784002,0.019658125,0
201311,0.0312,0.027951517,0.013428901,4.39E-05,0.010478943,-0.040189405,-0.004084861,0.019381428,0.00870981,-0.019212149,-0.016572994,0
201312,0.0281,0.000246149,0.010233255,0.003921457,-0.003099345,-0.008612552,0.000841267,-0.005322896,0.005240137,-0.018754408,-0.011559031,0
201401,-0.0332,0.029029034,0.028947061,0.059647647,-0.007171761,0.009217277,0.006393299,0.000286948,0.018277218,-0.020843806,-0.011757944,0
201402,0.0465,-2.32E-05,0.005108747,0.014523248,5.70E-05,-0.01860906,-0.00133669,-0.009011825,-0.003075655,-0.02276851,-0.022436044,0
201403,0.0043,-0.013227796,-0.031138541,-0.028634246,0.005636419,0.02518327,0.018834799,0.011049331,-0.012322049,0.036000164,0.035337633,0
201404,-0.0019,-0.047013255,-0.013338876,-0.037864919,0.004699439,0.043348737,-0.025660143,-0.001621894,-0.005904423,0.051296276,0.03704313,0
201405,0.0206,-0.020798498,0.000467444,-0.010911657,-0.01132592,-0.013664775,0.002391408,-0.011389911,-0.00535623,0.010963951,-0.008453411,0
201406,0.0261,0.022311461,0.010786373,0.019549962,-0.010651971,-0.007133189,0.011565131,0.014639921,-0.006065712,-0.038622256,-0.023013999,0
201407,-0.0204,-0.036881404,-0.017078651,-0.013761958,-0.002201395,0.01608361,0.028555674,-0.001997294,0.002513543,0.037275156,0.022394492,0
201408,0.0424,-0.001641963,0.006704943,0.010300212,-0.016710232,-0.015301084,0.010381764,-0.014924452,0.004584322,-0.012967448,-0.010726879,0
201409,-0.0197,-0.040039683,0.004840395,-0.010538032,-0.004294768,-0.012319202,-0.004614393,-0.009185503,0.000645456,0.033458604,0.023757879,0
201410,0.0252,0.017340545,0.020227416,-0.002384218,-0.008855884,-0.008071231,-0.008212195,-0.042136403,-0.009013578,0.011949983,0.012298562,0
201411,0.0255,-0.030448535,0.0243735,0.000764676,0.005153887,-0.028792162,-0.029383665,-0.016944635,-0.018717971,0.019034855,0.003018207,0
201412,-0.0006,0.031466967,0.008289385,0.010174492,0.007343526,-0.010569061,-0.020477749,-0.012620087,-0.006916556,0.007321398,0.020654622,0
201501,-0.0311,-0.011095074,0.014653955,0.019673974,-0.014545634,-0.039222456,0.007501248,-0.004575851,-0.010417265,0.022464338,-0.002489915,0
201502,0.0613,0.008638718,0.006924241,-0.009333434,-0.004559678,0.027938248,0.052020747,-0.015280911,-0.005906512,-0.026177012,-0.029958711,0
201503,-0.0112,0.011480217,0.004208391,0.002658842,-0.005711374,-0.028813584,0.012186872,-0.02232928,-0.018943484,0.010608111,0.013386298,0
201504,0.0059,-0.001156818,-0.021738721,-0.013575863,-0.003154199,0.055618432,0.047627312,0.026125045,0.015008074,-0.017678346,-0.001320293,0
201505,0.0136,-0.006620944,0.016787212,0.015788379,-0.003802669,-0.051498639,0.023966575,-0.022586151,-0.011392506,0.000447288,-0.011873756,0
201506,-0.0153,0.024332958,0.00907448,0.00428832,-0.012929577,-0.014539577,-0.027286436,-0.008152397,-0.000638602,0.007760221,0.006850317,0
201507,0.0154,-0.0573836,0.027046423,0.006102841,-0.01271781,-0.085827102,-0.032175435,-0.018070216,-0.002874749,0.064062761,0.023524287,0
201508,-0.0604,0.011247443,-0.017231338,-0.014649629,0.011111305,0.008776746,0.004826938,0.013966846,-0.008953823,0.015647991,0.002986711,0
201509,-0.0308,-0.038990555,-0.010661159,-0.011647348,0.00067621,-0.055654443,-0.031814715,0.000636237,0.011346447,0.064265711,0.035020422,0
201510,0.0775,-0.012431786,0.007130038,-0.007460472,-0.002710657,0.018503651,0.023135318,-0.014121467,0.025334381,-0.010518495,-0.008699511,0
201511,0.0056,0.022934282,0.024620104,0.026798433,-0.015575237,-0.02806853,0.008854409,-0.03482552,0.003301281,0.012238243,-0.015563954,0
201512,-0.0217,-0.027270179,0.009391935,0.008361959,0.008815868,-0.052212327,-0.002584208,-0.03035189,0.004848335,0.044286554,0.017838556,0.0001
201601,-0.0577,-0.042178084,-0.020828926,-0.048275319,0.030326677,-0.022117034,-0.043630613,-0.000544868,0.009269225,0.087053112,0.05188473,0.0001
201602,-0.0007,0.008661071,0.004094737,-0.00754483,0.014356636,0.030843661,-0.003344954,0.012249999,-0.010336239,-0.01755067,-0.004238168,0.0002
201603,0.0696,0.006000301,-0.01007253,-0.013327887,0.000282973,0.063569329,0.020883675,0.029951745,-0.002871192,-0.03609544,-0.019639398,0.0002
201604,0.0092,0.031991646,-0.039571664,0.013460794,0.012934101,0.062893587,-0.013647744,0.059074866,-0.001339362,-0.073232759,-0.019747187,0.0001
201605,0.0178,-0.011560929,0.025024966,0.008510225,-0.019597951,-0.02224105,0.023683642,-0.040016957,0.006383965,0.027290774,0.010305681,0.0001
201606,-0.0005,-0.001449681,-0.003055509,-0.005095976,0.021440111,-0.049543828,0.016517902,0.021268878,-0.0053488,0.015363384,0.022730801,0.0002
201607,0.0395,0.0182983,0.00266971,0.001673693,-0.013177269,0.027365943,0.042240703,-0.00760891,0.011131193,-0.029355514,-0.025465345,0.0002
201608,0.005,0.025671578,-0.01416238,0.013472308,0.002351286,0.031446957,-0.006736451,-0.009321302,0.010639763,-0.0143268,-0.003553462,0.0002
201609,0.0025,0.031279469,0.02057673,0.031644734,-0.014254793,0.008533603,-0.00592338,0.009032928,0.002193408,-0.040656803,-0.018350861,0.0002
201610,-0.0202,-0.041127281,-0.043488378,-0.039047105,0.007686884,-0.006077055,0.01064369,-0.006134288,0.008259181,0.044138889,0.019999797,0.0002
201611,0.0486,0.037686583,-0.04605055,-0.013990986,0.010368986,0.042713173,0.009386108,-0.018660274,0.00979676,-0.047143707,-0.015637944,0.0001
201612,0.0182,0.011628705,-0.023765197,-0.029820949,-0.013019253,-0.0017118,-0.017821249,-0.024995537,0.006242332,0.009855543,0.023397389,0.0003
