date,date_dt,yy,mm,method,gross_ret,turnover_raw,turnover,cost,net_ret
19730131,1974-01-31,1974,1,AP-tree + RM rolling TC-aware (stock-level TC),-0.023150235776084355,1.815214645262131e-14,0.9999999999999999,0.0024999999999999996,-0.025650235776084353
19730228,1974-02-28,1974,2,AP-tree + RM rolling TC-aware (stock-level TC),-0.04891078369627484,1.815214645262131e-14,0.10335323395702267,0.0002583830848925567,-0.0491691667811674
19730330,1974-03-31,1974,3,AP-tree + RM rolling TC-aware (stock-level TC),-0.014211554273029064,1.915134717478395e-14,0.09829587279936627,0.00024573968199841567,-0.01445729395502748
19730430,1974-04-30,1974,4,AP-tree + RM rolling TC-aware (stock-level TC),-0.052676446391164554,1.9817480989559044e-14,0.09657826186918556,0.0002414456546729639,-0.052917892045837515
19730531,1974-05-31,1974,5,AP-tree + RM rolling TC-aware (stock-level TC),-0.04897796533065944,2.0261570199409107e-14,0.10696912071432671,0.0002674228017858168,-0.04924538813244526
19730629,1974-06-30,1974,6,AP-tree + RM rolling TC-aware (stock-level TC),-0.020183798182834063,2.1649348980190553e-14,0.09791729946878701,0.00024479324867196755,-0.02042859143150603
19730731,1974-07-31,1974,7,AP-tree + RM rolling TC-aware (stock-level TC),0.07803759774415847,2.220446049250313e-14,0.1597054949923539,0.00039926373748088475,0.07763833400667759
19730831,1974-08-31,1974,8,AP-tree + RM rolling TC-aware (stock-level TC),-0.03374710677567623,2.5590640717609858e-14,0.13219485822656638,0.00033048714556641593,-0.03407759392124265
19730928,1974-09-30,1974,9,AP-tree + RM rolling TC-aware (stock-level TC),0.05682450686269404,2.7255975254547593e-14,0.09165525636827501,0.00022913814092068754,0.05659536872177335
19731031,1974-10-31,1974,10,AP-tree + RM rolling TC-aware (stock-level TC),-0.0009711854933686583,2.8144153674247718e-14,0.11829135613658313,0.0002957283903414578,-0.001266913883710116
19731130,1974-11-30,1974,11,AP-tree + RM rolling TC-aware (stock-level TC),-0.1271987999634617,2.858824288409778e-14,0.12837938095707488,0.0003209484523926872,-0.1275197484158544
19731231,1974-12-31,1974,12,AP-tree + RM rolling TC-aware (stock-level TC),-0.007567020821728247,3.086420008457935e-14,0.13422508367300176,0.0003355627091825044,-0.00790258353091075
19740131,1975-01-31,1975,1,AP-tree + RM rolling TC-aware (stock-level TC),0.06268960519556664,3.2307490016592055e-14,0.1302470628949484,0.00032561765723737097,0.06236398753832927
19740228,1975-02-28,1975,2,AP-tree + RM rolling TC-aware (stock-level TC),0.0036862450134127088,3.907985046680551e-14,0.14546202827533847,0.0003636550706883462,0.0033225899427243625
19740329,1975-03-31,1975,3,AP-tree + RM rolling TC-aware (stock-level TC),-0.008127218657375621,3.907985046680551e-14,0.09969821855329294,0.0002492455463832324,-0.008376464203758854
19740430,1975-04-30,1975,4,AP-tree + RM rolling TC-aware (stock-level TC),-0.0394105850294294,3.863576125695545e-14,0.09014222965772764,0.0002253555741443191,-0.03963594060357372
19740531,1975-05-31,1975,5,AP-tree + RM rolling TC-aware (stock-level TC),-0.049942919750765105,3.858025010572419e-14,0.1017046795793812,0.000254261698948453,-0.05019718144971356
19740628,1975-06-30,1975,6,AP-tree + RM rolling TC-aware (stock-level TC),-0.023977383026812307,3.952393967665557e-14,0.10051377662035088,0.0002512844415508772,-0.024228667468363184
19740731,1975-07-31,1975,7,AP-tree + RM rolling TC-aware (stock-level TC),-0.06109884944531948,3.952393967665557e-14,0.50708317131107,0.0012677079282776749,-0.062366557373597156
19740830,1975-08-31,1975,8,AP-tree + RM rolling TC-aware (stock-level TC),-0.07286607300727288,3.6914915568786455e-14,0.12087981552003702,0.00030219953880009255,-0.07316827254607297
19740930,1975-09-30,1975,9,AP-tree + RM rolling TC-aware (stock-level TC),-0.08326129605944155,3.530509218307998e-14,0.11716401560504229,0.0002929100390126057,-0.08355420609845415
19741031,1975-10-31,1975,10,AP-tree + RM rolling TC-aware (stock-level TC),0.11573271311815066,3.175237850427948e-14,0.13513229763255502,0.00033783074408138755,0.11539488237406927
19741129,1975-11-30,1975,11,AP-tree + RM rolling TC-aware (stock-level TC),-0.04197588840898518,2.0872192862952943e-14,0.1582628547656516,0.000395657136914129,-0.04237154554589931
19741231,1975-12-31,1975,12,AP-tree + RM rolling TC-aware (stock-level TC),-0.04697501981231578,2.1260770921571748e-14,0.12786184913888576,0.0003196546228472144,-0.04729467443516299
19750131,1976-01-31,1976,1,AP-tree + RM rolling TC-aware (stock-level TC),0.18991614060087048,2.2926105458509483e-14,0.1291659700435813,0.00032291492510895325,0.18959322567576153
19750228,1976-02-29,1976,2,AP-tree + RM rolling TC-aware (stock-level TC),0.04692690254071005,3.863576125695545e-14,0.17880412002795573,0.00044701030006988936,0.04647989224064016
19750331,1976-03-31,1976,3,AP-tree + RM rolling TC-aware (stock-level TC),0.05657087976375097,3.7136960173711486e-14,0.13908907597852513,0.0003477226899463128,0.05622315707380466
19750430,1976-04-30,1976,4,AP-tree + RM rolling TC-aware (stock-level TC),0.03994098168887053,3.885780586188048e-14,0.14758723019416692,0.0003689680754854173,0.03957201361338511
19750530,1976-05-31,1976,5,AP-tree + RM rolling TC-aware (stock-level TC),0.05391640792975932,3.774758283725532e-14,0.13685771785702971,0.0003421442946425743,0.05357426363511674
19750630,1976-06-30,1976,6,AP-tree + RM rolling TC-aware (stock-level TC),0.056876423932368955,3.752553823233029e-14,0.1359910172562094,0.00033997754314052354,0.05653644638922843
19750731,1976-07-31,1976,7,AP-tree + RM rolling TC-aware (stock-level TC),-0.0326134052257911,3.7136960173711486e-14,0.3085726474006371,0.0007714316185015928,-0.03338483684429269
19750829,1976-08-31,1976,8,AP-tree + RM rolling TC-aware (stock-level TC),-0.03185392612620967,3.530509218307998e-14,0.11307822582495691,0.0002826955645623923,-0.03213662169077206
19750930,1976-09-30,1976,9,AP-tree + RM rolling TC-aware (stock-level TC),-0.03360531962650767,3.574918139293004e-14,0.1009661497952934,0.00025241537448823353,-0.0338577350009959
19751031,1976-10-31,1976,10,AP-tree + RM rolling TC-aware (stock-level TC),0.02950749887027732,3.574918139293004e-14,0.09629771223615938,0.00024074428059039845,0.02926675458968692
19751128,1976-11-30,1976,11,AP-tree + RM rolling TC-aware (stock-level TC),0.025734284686587207,3.4583447217073626e-14,0.11734558033338888,0.0002933639508334722,0.025440920735753735
19751231,1976-12-31,1976,12,AP-tree + RM rolling TC-aware (stock-level TC),-0.008050208249073964,3.397282455352979e-14,0.10852179289234105,0.0002713044822308526,-0.008321512731304817
19760130,1977-01-31,1977,1,AP-tree + RM rolling TC-aware (stock-level TC),0.14359087101563675,3.375077994860476e-14,0.11743815128838225,0.00029359537822095565,0.1432972756374158
19760227,1977-02-28,1977,2,AP-tree + RM rolling TC-aware (stock-level TC),0.04512598188195172,3.7136960173711486e-14,0.1337437854617929,0.00033435946365448227,0.04479162241829724
19760331,1977-03-31,1977,3,AP-tree + RM rolling TC-aware (stock-level TC),0.020073759103382376,4.0190073491430667e-14,0.13807746198266754,0.00034519365495666886,0.019728565448425706
19760430,1977-04-30,1977,4,AP-tree + RM rolling TC-aware (stock-level TC),-0.006078886915970361,3.991251773527438e-14,0.11437486047529233,0.0002859371511882308,-0.006364824067158592
19760528,1977-05-31,1977,5,AP-tree + RM rolling TC-aware (stock-level TC),-0.015778554019850215,3.980149543281186e-14,0.09783767622343274,0.0002445941905585819,-0.0160231482104088
19760630,1977-06-30,1977,6,AP-tree + RM rolling TC-aware (stock-level TC),0.03356830240965117,3.952393967665557e-14,0.10681271189760416,0.0002670317797440104,0.033301270629907155
19760730,1977-07-31,1977,7,AP-tree + RM rolling TC-aware (stock-level TC),-0.0024294710853350397,3.8746783559417963e-14,0.2241788137601074,0.0005604470344002685,-0.0029899181197353083
19760831,1977-08-31,1977,8,AP-tree + RM rolling TC-aware (stock-level TC),-0.010724601242930057,3.885780586188048e-14,0.16728635280956033,0.00041821588202390085,-0.011142817124953958
19760930,1977-09-30,1977,9,AP-tree + RM rolling TC-aware (stock-level TC),0.020153220988275277,3.93574062229618e-14,0.09878791622790362,0.00024696979056975906,0.01990625119770552
19761029,1977-10-31,1977,10,AP-tree + RM rolling TC-aware (stock-level TC),-0.020296558933518265,3.902433931557425e-14,0.17171010557051392,0.0004292752639262848,-0.02072583419744455
19761130,1977-11-30,1977,11,AP-tree + RM rolling TC-aware (stock-level TC),0.013218072357270443,3.957945082788683e-14,0.0954876462556448,0.00023871911563911203,0.012979353241631332
19761231,1977-12-31,1977,12,AP-tree + RM rolling TC-aware (stock-level TC),0.07563054746489377,3.952393967665557e-14,0.10620737584854584,0.0002655184396213646,0.07536502902527241
19770131,1978-01-31,1978,1,AP-tree + RM rolling TC-aware (stock-level TC),-0.002263725439987263,3.9745984281580604e-14,0.12415572385707255,0.0003103893096426814,-0.0025741147496299447
19770228,1978-02-28,1978,2,AP-tree + RM rolling TC-aware (stock-level TC),-0.00943936996730866,3.547162563677375e-14,0.12250476190162463,0.00030626190475406155,-0.009745631872062722
19770331,1978-03-31,1978,3,AP-tree + RM rolling TC-aware (stock-level TC),0.0036740698869115306,3.5083047578154947e-14,0.10106285673144791,0.0002526571418286198,0.0034214127450829107
19770429,1978-04-30,1978,4,AP-tree + RM rolling TC-aware (stock-level TC),0.00786411513147163,3.524958103184872e-14,0.09966860376665307,0.0002491715094166327,0.007614943622054998
19770531,1978-05-31,1978,5,AP-tree + RM rolling TC-aware (stock-level TC),-0.000313298093295945,3.558264793923627e-14,0.09802382969844207,0.0002450595742461052,-0.0005583576675420503
19770630,1978-06-30,1978,6,AP-tree + RM rolling TC-aware (stock-level TC),0.04758562640741586,3.658184866139891e-14,0.08928736585572322,0.00022321841463930807,0.04736240799277655
19770729,1978-07-31,1978,7,AP-tree + RM rolling TC-aware (stock-level TC),-0.003048091797291024,3.558264793923627e-14,0.12934660043195484,0.0003233665010798871,-0.0033714582983709112
19770831,1978-08-31,1978,8,AP-tree + RM rolling TC-aware (stock-level TC),-0.007931293363201917,3.4638958368304884e-14,0.10568772738982457,0.00026421931847456145,-0.00819551268167648
19770930,1978-09-30,1978,9,AP-tree + RM rolling TC-aware (stock-level TC),0.006582136357842656,3.4638958368304884e-14,0.10519648756122499,0.00026299121890306247,0.006319145138939594
19771031,1978-10-31,1978,10,AP-tree + RM rolling TC-aware (stock-level TC),-0.027350991461351212,3.419486915845482e-14,0.09449991995371178,0.00023624979988427945,-0.02758724126123549
19771130,1978-11-30,1978,11,AP-tree + RM rolling TC-aware (stock-level TC),0.054716825323256266,3.375077994860476e-14,0.08604146544989297,0.00021510366362473241,0.05450172165963153
19771230,1978-12-31,1978,12,AP-tree + RM rolling TC-aware (stock-level TC),0.011819151977096803,3.425038030968608e-14,0.1103254835695931,0.00027581370892398275,0.01154333826817282
19780131,1979-01-31,1979,1,AP-tree + RM rolling TC-aware (stock-level TC),-0.02991940462842955,3.3362201889985954e-14,0.10373434101078616,0.0002593358525269654,-0.030178740480956517
19780228,1979-02-28,1979,2,AP-tree + RM rolling TC-aware (stock-level TC),0.010559266623265815,3.241851231905457e-14,0.09490989170111452,0.00023727472925278632,0.01032199189401303
19780331,1979-03-31,1979,3,AP-tree + RM rolling TC-aware (stock-level TC),0.04649048256094567,3.26405569239796e-14,0.09390904022464876,0.0002347726005616219,0.04625570996038405
19780428,1979-04-30,1979,4,AP-tree + RM rolling TC-aware (stock-level TC),0.06835645329179886,3.36952687973735e-14,0.11153033607514107,0.0002788258401878527,0.06807762745161101
19780531,1979-05-31,1979,5,AP-tree + RM rolling TC-aware (stock-level TC),0.04422198391636864,3.175237850427948e-14,0.11483474721956591,0.0002870868680489148,0.043934897048319724
19780630,1979-06-30,1979,6,AP-tree + RM rolling TC-aware (stock-level TC),-0.0036625253394623183,3.1308289294429414e-14,0.12729230327851065,0.0003182307581962766,-0.003980756097658595
19780731,1979-07-31,1979,7,AP-tree + RM rolling TC-aware (stock-level TC),0.04121085124434443,3.136380044566067e-14,0.13542519910206754,0.0003385629977551689,0.04087228824658926
19780831,1979-08-31,1979,8,AP-tree + RM rolling TC-aware (stock-level TC),0.05768758762520701,3.1030733538273125e-14,0.11099844461370151,0.0002774961115342538,0.057410091513672754
19780929,1979-09-30,1979,9,AP-tree + RM rolling TC-aware (stock-level TC),-0.0037200687373837135,3.214095656289828e-14,0.1267185730068077,0.00031679643251701926,-0.004036865169900733
19781031,1979-10-31,1979,10,AP-tree + RM rolling TC-aware (stock-level TC),-0.13094904440755628,3.197442310920451e-14,0.10413175486718201,0.00026032938716795504,-0.13120937379472425
19781130,1979-11-30,1979,11,AP-tree + RM rolling TC-aware (stock-level TC),0.036301092024180165,3.835820550079916e-14,0.16084684789556997,0.00040211711973892495,0.03589897490444124
19781229,1979-12-31,1979,12,AP-tree + RM rolling TC-aware (stock-level TC),0.020016848160455392,3.8691272408186705e-14,0.11588745687622591,0.0002897186421905648,0.019727129518264826
19790131,1980-01-31,1980,1,AP-tree + RM rolling TC-aware (stock-level TC),0.06697763787799152,3.930189507173054e-14,0.12119180902089254,0.00030297952255223134,0.06667465835543929
19790228,1980-02-29,1980,2,AP-tree + RM rolling TC-aware (stock-level TC),-0.018439680085315942,4.1022740759899534e-14,0.10929194476313221,0.00027322986190783053,-0.01871290994722377
19790330,1980-03-31,1980,3,AP-tree + RM rolling TC-aware (stock-level TC),0.06356764320578039,3.980149543281186e-14,0.0968831313722644,0.000242207828430661,0.06332543537734972
19790430,1980-04-30,1980,4,AP-tree + RM rolling TC-aware (stock-level TC),0.014003746723169824,4.013456234019941e-14,0.12104742451258668,0.0003026185612814667,0.013701128161888357
19790531,1980-05-31,1980,5,AP-tree + RM rolling TC-aware (stock-level TC),-0.012328371003782817,4.035660694512444e-14,0.10716779049977541,0.0002679194762494385,-0.012596290480032257
19790629,1980-06-30,1980,6,AP-tree + RM rolling TC-aware (stock-level TC),0.0401267301975501,4.013456234019941e-14,0.10945352388925356,0.0002736338097231339,0.03985309638782697
19790731,1980-07-31,1980,7,AP-tree + RM rolling TC-aware (stock-level TC),0.017252681770529868,3.7914116290949096e-14,0.14512054704218946,0.0003628013676054737,0.016889880402924395
19790831,1980-08-31,1980,8,AP-tree + RM rolling TC-aware (stock-level TC),0.0597932359259164,3.68594044175552e-14,0.10974794499480112,0.00027436986248700277,0.0595188660634294
19790928,1980-09-30,1980,9,AP-tree + RM rolling TC-aware (stock-level TC),0.001010983910742209,3.7247982476174e-14,0.12315540140568637,0.0003078885035142159,0.0007030954072279932
19791031,1980-10-31,1980,10,AP-tree + RM rolling TC-aware (stock-level TC),-0.07343575472968253,3.730349362740526e-14,0.10445158639339625,0.00026112896598349064,-0.07369688369566602
19791130,1980-11-30,1980,11,AP-tree + RM rolling TC-aware (stock-level TC),0.0584766205703654,3.730349362740526e-14,0.12460049273265421,0.00031150123183163554,0.058165119338533765
19791231,1980-12-31,1980,12,AP-tree + RM rolling TC-aware (stock-level TC),0.03669255754502505,3.6415315207705135e-14,0.12332697810339907,0.00030831744525849767,0.03638424009976655
19800131,1981-01-31,1981,1,AP-tree + RM rolling TC-aware (stock-level TC),0.07266051432984909,3.524958103184872e-14,0.13103780052814668,0.0003275945013203667,0.07233291982852873
19800229,1981-02-28,1981,2,AP-tree + RM rolling TC-aware (stock-level TC),-0.005338034230298358,3.7692071686024065e-14,0.14752722247897274,0.00036881805619743183,-0.00570685228649579
19800331,1981-03-31,1981,3,AP-tree + RM rolling TC-aware (stock-level TC),-0.11898455809929576,3.8413716652030416e-14,0.11829298307640453,0.00029573245769101133,-0.11928029055698677
19800430,1981-04-30,1981,4,AP-tree + RM rolling TC-aware (stock-level TC),0.0443474047081761,4.0190073491430667e-14,0.16424551066484505,0.00041061377666211265,0.04393679093151399
19800530,1981-05-31,1981,5,AP-tree + RM rolling TC-aware (stock-level TC),0.05137097021295367,3.752553823233029e-14,0.11330397255066386,0.00028325993137665967,0.05108771028157701
19800630,1981-06-30,1981,6,AP-tree + RM rolling TC-aware (stock-level TC),0.034292897916233585,3.735900477863652e-14,0.10066930139120772,0.0002516732534780193,0.03404122466275557
19800731,1981-07-31,1981,7,AP-tree + RM rolling TC-aware (stock-level TC),0.06366447276794415,3.652633751016765e-14,0.15852464681383516,0.0003963116170345879,0.06326816115090957
19800829,1981-08-31,1981,8,AP-tree + RM rolling TC-aware (stock-level TC),0.041340008698905195,3.824718319833664e-14,0.12894811785519322,0.00032237029463798306,0.04101763840426721
19800930,1981-09-30,1981,9,AP-tree + RM rolling TC-aware (stock-level TC),0.03325471193447975,3.930189507173054e-14,0.11548917480990546,0.00028872293702476365,0.03296598899745499
19801031,1981-10-31,1981,10,AP-tree + RM rolling TC-aware (stock-level TC),0.028493584020573566,3.597122599785507e-14,0.12403580015035479,0.000310089500375887,0.02818349452019768
19801128,1981-11-30,1981,11,AP-tree + RM rolling TC-aware (stock-level TC),0.06488344909479035,3.4861002973229915e-14,0.1234847217581786,0.0003087118043954465,0.06457473729039491
19801231,1981-12-31,1981,12,AP-tree + RM rolling TC-aware (stock-level TC),-0.025872228208665513,3.2862601528904634e-14,0.15877260189363096,0.0003969315047340774,-0.02626915971339959
19810130,1982-01-31,1982,1,AP-tree + RM rolling TC-aware (stock-level TC),-0.010972214701727052,3.2862601528904634e-14,0.13754615277406596,0.0003438653819351649,-0.011316080083662217
19810227,1982-02-28,1982,2,AP-tree + RM rolling TC-aware (stock-level TC),0.009432082251104888,2.892130979148533e-14,0.12558869539482284,0.0003139717384870571,0.00911811051261783
19810331,1982-03-31,1982,3,AP-tree + RM rolling TC-aware (stock-level TC),0.05686242241346696,2.881028748902281e-14,0.10729609565116766,0.0002682402391279191,0.056594182174339036
19810430,1982-04-30,1982,4,AP-tree + RM rolling TC-aware (stock-level TC),0.01350725150846322,2.914335439641036e-14,0.1387465088350573,0.00034686627208764325,0.013160385236375577
19810529,1982-05-31,1982,5,AP-tree + RM rolling TC-aware (stock-level TC),0.016217008460743206,2.942091015256665e-14,0.1220727349357945,0.00030518183733948623,0.015911826623403718
19810630,1982-06-30,1982,6,AP-tree + RM rolling TC-aware (stock-level TC),-0.003153607200703636,2.886579864025407e-14,0.11318075246020223,0.00028295188115050557,-0.0034365590818541416
19810731,1982-07-31,1982,7,AP-tree + RM rolling TC-aware (stock-level TC),-0.007895430448823453,2.842170943040401e-14,0.20571636491321532,0.0005142909122830383,-0.00840972136110649
19810831,1982-08-31,1982,8,AP-tree + RM rolling TC-aware (stock-level TC),-0.05488936142187198,2.842170943040401e-14,0.10677737293497669,0.00026694343233744173,-0.05515630485420942
19810930,1982-09-30,1982,9,AP-tree + RM rolling TC-aware (stock-level TC),-0.07013887789718912,2.9531932455029164e-14,0.12046779345883916,0.0003011694836470979,-0.07044004738083622
19811030,1982-10-31,1982,10,AP-tree + RM rolling TC-aware (stock-level TC),0.05716545937747276,2.9032332093947844e-14,0.14104470475837438,0.00035261176189593595,0.056812847615576825
19811130,1982-11-30,1982,11,AP-tree + RM rolling TC-aware (stock-level TC),0.030311967844684092,2.858824288409778e-14,0.13881904550893487,0.00034704761377233717,0.029964920230911754
19811231,1982-12-31,1982,12,AP-tree + RM rolling TC-aware (stock-level TC),-0.019968803529731266,2.7255975254547593e-14,0.12240315330076398,0.00030600788325191,-0.020274811412983176
19820129,1983-01-31,1983,1,AP-tree + RM rolling TC-aware (stock-level TC),-0.015429810017383448,2.758904216193514e-14,0.11364474865243619,0.00028411187163109047,-0.015713921889014538
19820226,1983-02-28,1983,2,AP-tree + RM rolling TC-aware (stock-level TC),-0.0408999346281291,2.4868995751603507e-14,0.11541276599566513,0.00028853191498916285,-0.041188466543118266
19820331,1983-03-31,1983,3,AP-tree + RM rolling TC-aware (stock-level TC),-0.014954200572913056,2.398081733190338e-14,0.11317438719139117,0.0002829359679784779,-0.015237136540891535
19820430,1983-04-30,1983,4,AP-tree + RM rolling TC-aware (stock-level TC),0.04392742464304457,2.375877272697835e-14,0.13057059090445894,0.00032642647726114737,0.043600998165783424
19820528,1983-05-31,1983,5,AP-tree + RM rolling TC-aware (stock-level TC),-0.021554118502401146,2.3092638912203256e-14,0.12140997927413516,0.0003035249481853379,-0.021857643450586484
19820630,1983-06-30,1983,6,AP-tree + RM rolling TC-aware (stock-level TC),-0.023674247036145134,2.2315482794965646e-14,0.10692806202182285,0.0002673201550545571,-0.023941567191199692
19820730,1983-07-31,1983,7,AP-tree + RM rolling TC-aware (stock-level TC),-0.017287781441536955,2.2148949341271873e-14,0.21505040409200887,0.0005376260102300222,-0.017825407451766976
19820831,1983-08-31,1983,8,AP-tree + RM rolling TC-aware (stock-level TC),0.07329707691859053,2.1316282072803006e-14,0.1247473203224492,0.000311868300806123,0.0729852086177844
19820930,1983-09-30,1983,9,AP-tree + RM rolling TC-aware (stock-level TC),0.017600495253489817,1.6930901125533637e-14,0.12252803386477187,0.0003063200846619297,0.017294175168827888
19821029,1983-10-31,1983,10,AP-tree + RM rolling TC-aware (stock-level TC),0.10088255194097692,1.637578961322106e-14,0.1160584459115554,0.0002901461147788885,0.10059240582619804
19821130,1983-11-30,1983,11,AP-tree + RM rolling TC-aware (stock-level TC),0.06786367780833427,1.4710455076283324e-14,0.1368312922032764,0.000342078230508191,0.06752159957782608
19821231,1983-12-31,1983,12,AP-tree + RM rolling TC-aware (stock-level TC),0.018756048856735395,1.554312234475219e-14,0.16451375826699435,0.0004112843956674859,0.01834476446106791
19830131,1984-01-31,1984,1,AP-tree + RM rolling TC-aware (stock-level TC),0.05454122403642622,1.504352198367087e-14,0.13788410861930764,0.0003447102715482691,0.054196513764877954
19830228,1984-02-29,1984,2,AP-tree + RM rolling TC-aware (stock-level TC),0.033249027859553484,1.6209256159527285e-14,0.14638025575916247,0.0003659506393979062,0.03288307722015558
19830331,1984-03-31,1984,3,AP-tree + RM rolling TC-aware (stock-level TC),0.03733035188292522,1.5154544286133387e-14,0.12514616626115055,0.0003128654156528764,0.03701748646727234
19830429,1984-04-30,1984,4,AP-tree + RM rolling TC-aware (stock-level TC),0.061752882604763776,1.4710455076283324e-14,0.17126557566588746,0.00042816393916471866,0.061324718665599055
19830531,1984-05-31,1984,5,AP-tree + RM rolling TC-aware (stock-level TC),0.05105656878017535,1.3711254354120683e-14,0.12830356278009222,0.00032075890695023056,0.050735809873225124
19830630,1984-06-30,1984,6,AP-tree + RM rolling TC-aware (stock-level TC),0.03605115377089295,1.3322676295501878e-14,0.14371872974879368,0.0003592968243719842,0.03569185694652097
19830729,1984-07-31,1984,7,AP-tree + RM rolling TC-aware (stock-level TC),-0.026257199791288155,1.2878587085651816e-14,0.25367487224169843,0.0006341871806042461,-0.0268913869718924
19830831,1984-08-31,1984,8,AP-tree + RM rolling TC-aware (stock-level TC),-0.012784256138716631,1.0047518372857667e-14,0.12316250251123728,0.0003079062562780932,-0.013092162394994724
19830930,1984-09-30,1984,9,AP-tree + RM rolling TC-aware (stock-level TC),0.0031175070701017858,9.825473767932635e-15,0.11978111114896936,0.0002994527778724234,0.002818054292229362
19831031,1984-10-31,1984,10,AP-tree + RM rolling TC-aware (stock-level TC),-0.0382449106221482,9.325873406851315e-15,0.11798808249948511,0.0002949702062487128,-0.03853988082839691
19831130,1984-11-30,1984,11,AP-tree + RM rolling TC-aware (stock-level TC),0.026017063969336167,1.021405182655144e-14,0.12319878937102775,0.0003079969734275694,0.025709066995908598
19831230,1984-12-31,1984,12,AP-tree + RM rolling TC-aware (stock-level TC),-0.0090658742710052,7.105427357601002e-15,0.1149148048888784,0.000287287012222196,-0.009353161283227397
19840131,1985-01-31,1985,1,AP-tree + RM rolling TC-aware (stock-level TC),-0.0010568245937740686,6.5503158452884236e-15,0.11297097962724743,0.0002824274490681186,-0.0013392520428421872
19840229,1985-02-28,1985,2,AP-tree + RM rolling TC-aware (stock-level TC),-0.04050807251744077,0.0,0.11989842078352836,0.0002997460519588209,-0.04080781856939959
19840330,1985-03-31,1985,3,AP-tree + RM rolling TC-aware (stock-level TC),0.011221178333052324,1.3877787807814457e-15,0.11893115580424127,0.00029732788951060315,0.010923850443541721
19840430,1985-04-30,1985,4,AP-tree + RM rolling TC-aware (stock-level TC),-0.01029176427085379,1.7763568394002505e-15,0.10865718680706846,0.0002716429670176711,-0.01056340723787146
19840531,1985-05-31,1985,5,AP-tree + RM rolling TC-aware (stock-level TC),-0.04379431248100714,2.220446049250313e-15,0.10403202631557494,0.00026008006578893733,-0.04405439254679608
19840629,1985-06-30,1985,6,AP-tree + RM rolling TC-aware (stock-level TC),0.018696380951215123,0.0,0.12255877508621792,0.0003063969377155448,0.018389984013499578
19840731,1985-07-31,1985,7,AP-tree + RM rolling TC-aware (stock-level TC),-0.034084918252435537,0.0,0.1839209189729934,0.0004598022974324835,-0.03454472054986802
19840831,1985-08-31,1985,8,AP-tree + RM rolling TC-aware (stock-level TC),0.09064104894159178,3.7192471324942744e-15,0.11925261267685111,0.0002981315316921278,0.09034291740989965
19840928,1985-09-30,1985,9,AP-tree + RM rolling TC-aware (stock-level TC),-0.0015318654580867626,1.8318679906315083e-15,0.133165432282264,0.00033291358070566,-0.0018647790387924226
19841031,1985-10-31,1985,10,AP-tree + RM rolling TC-aware (stock-level TC),-0.011454843919425809,6.38378239159465e-15,0.11285046010760706,0.00028212615026901766,-0.011736970069694827
19841130,1985-11-30,1985,11,AP-tree + RM rolling TC-aware (stock-level TC),-0.02049912533488461,1.6653345369377348e-14,0.12816522297360777,0.0003204130574340194,-0.020819538392318628
19841231,1985-12-31,1985,12,AP-tree + RM rolling TC-aware (stock-level TC),0.008790655520020032,1.6930901125533637e-14,0.10802559978570446,0.00027006399946426116,0.008520591520555771
19850131,1986-01-31,1986,1,AP-tree + RM rolling TC-aware (stock-level TC),0.08648386194131617,1.4932499681208355e-14,0.11264062212893293,0.0002816015553223323,0.08620226038599384
19850228,1986-02-28,1986,2,AP-tree + RM rolling TC-aware (stock-level TC),0.026275066601029178,0.0,0.13333789449023276,0.0003333447362255819,0.025941721864803594
19850329,1986-03-31,1986,3,AP-tree + RM rolling TC-aware (stock-level TC),-0.006126306503604786,1.887379141862766e-15,0.11890498676280997,0.00029726246690702494,-0.006423568970511811
19850430,1986-04-30,1986,4,AP-tree + RM rolling TC-aware (stock-level TC),-0.006274395624525892,0.0,0.12038095756933803,0.00030095239392334506,-0.006575348018449237
19850531,1986-05-31,1986,5,AP-tree + RM rolling TC-aware (stock-level TC),0.03325769529871183,1.8318679906315083e-15,0.1166572685713977,0.00029164317142849424,0.03296605212728333
19850628,1986-06-30,1986,6,AP-tree + RM rolling TC-aware (stock-level TC),0.0054594151057606585,0.0,0.12771220183663676,0.0003192805045915919,0.005140134601169067
19850731,1986-07-31,1986,7,AP-tree + RM rolling TC-aware (stock-level TC),0.0074236145040068304,0.0,0.2503319099931208,0.0006258297749828021,0.006797784729024028
19850830,1986-08-31,1986,8,AP-tree + RM rolling TC-aware (stock-level TC),-0.004264207608310064,2.886579864025407e-15,0.11567457731161605,0.00028918644327904013,-0.004553394051589104
19850930,1986-09-30,1986,9,AP-tree + RM rolling TC-aware (stock-level TC),-0.042256376807500204,1.8318679906315083e-15,0.10995821955288365,0.00027489554888220915,-0.04253127235638241
19851031,1986-10-31,1986,10,AP-tree + RM rolling TC-aware (stock-level TC),0.02929644014290798,2.6645352591003757e-15,0.11119282254619123,0.00027798205636547806,0.029018458086542503
19851129,1986-11-30,1986,11,AP-tree + RM rolling TC-aware (stock-level TC),0.05110496498065553,2.6645352591003757e-15,0.12162792367038734,0.0003040698091759684,0.050800895171479565
19851231,1986-12-31,1986,12,AP-tree + RM rolling TC-aware (stock-level TC),0.03135540958935204,1.7763568394002505e-15,0.12427582917067898,0.00031068957292669746,0.03104472001642534
19860131,1987-01-31,1987,1,AP-tree + RM rolling TC-aware (stock-level TC),0.01776048789678571,1.4988010832439613e-15,0.12952823558094334,0.00032382058895235834,0.017436667307833352
19860228,1987-02-28,1987,2,AP-tree + RM rolling TC-aware (stock-level TC),0.05919940240579126,2.0539125955565396e-15,0.13708401842172002,0.00034271004605430005,0.05885669235973696
19860331,1987-03-31,1987,3,AP-tree + RM rolling TC-aware (stock-level TC),0.045493456497902734,6.217248937900877e-15,0.1344293438697147,0.00033607335967428677,0.045157383138228445
19860430,1987-04-30,1987,4,AP-tree + RM rolling TC-aware (stock-level TC),0.0012559401423777525,6.661338147750939e-15,0.14736076070137327,0.0003684019017534332,0.0008875382406243193
19860530,1987-05-31,1987,5,AP-tree + RM rolling TC-aware (stock-level TC),0.034983758960200236,6.8833827526759706e-15,0.1322622109015464,0.000330655527253866,0.03465310343294637
19860630,1987-06-30,1987,6,AP-tree + RM rolling TC-aware (stock-level TC),0.007695519398496693,7.549516567451064e-15,0.11771693060531392,0.0002942923265132848,0.007401227071983408
19860731,1987-07-31,1987,7,AP-tree + RM rolling TC-aware (stock-level TC),-0.058413109532934646,6.8833827526759706e-15,0.25919129454566175,0.0006479782363641544,-0.0590610877692988
19860829,1987-08-31,1987,8,AP-tree + RM rolling TC-aware (stock-level TC),0.036062198603383396,7.16093850883226e-15,0.14183769981009622,0.00035459424952524054,0.035707604353858155
19860930,1987-09-30,1987,9,AP-tree + RM rolling TC-aware (stock-level TC),-0.057518829056725944,8.493206138382448e-15,0.12073809015723368,0.0003018452253930842,-0.057820674282119025
19861031,1987-10-31,1987,10,AP-tree + RM rolling TC-aware (stock-level TC),0.035371010137948425,1.0658141036401503e-14,0.13247262295599266,0.00033118155738998166,0.035039828580558444
19861128,1987-11-30,1987,11,AP-tree + RM rolling TC-aware (stock-level TC),0.0037775740142244494,1.1213252548714081e-14,0.13071352050948035,0.00032678380127370085,0.0034507902129507486
19861231,1987-12-31,1987,12,AP-tree + RM rolling TC-aware (stock-level TC),-0.0224531934550405,1.1046719095020308e-14,0.113739872132651,0.0002843496803316275,-0.02273754313537213
19870130,1988-01-31,1988,1,AP-tree + RM rolling TC-aware (stock-level TC),0.1022592080246171,1.1157741397482823e-14,0.1370351612142485,0.00034258790303562126,0.10191662012158148
19870227,1988-02-29,1988,2,AP-tree + RM rolling TC-aware (stock-level TC),0.05186685541476882,1.4210854715202004e-14,0.13246937020676014,0.00033117342551690034,0.051535681989251916
19870331,1988-03-31,1988,3,AP-tree + RM rolling TC-aware (stock-level TC),0.023441937211290766,1.3100631690576847e-14,0.13623033158884357,0.0003405758289721089,0.023101361382318657
19870430,1988-04-30,1988,4,AP-tree + RM rolling TC-aware (stock-level TC),-0.018323369335412832,1.2934098236883074e-14,0.1372610291226312,0.000343152572806578,-0.01866652190821941
19870529,1988-05-31,1988,5,AP-tree + RM rolling TC-aware (stock-level TC),0.007729707105814502,1.3156142841808105e-14,0.12266156464005008,0.00030665391160012524,0.007423053194214377
19870630,1988-06-30,1988,6,AP-tree + RM rolling TC-aware (stock-level TC),0.02785410328762854,1.2989609388114332e-14,0.11178536657142107,0.0002794634164285527,0.02757463987119999
19870731,1988-07-31,1988,7,AP-tree + RM rolling TC-aware (stock-level TC),0.03542413071800135,1.3322676295501878e-14,0.24291557254168655,0.0006072889313542164,0.03481684178664714
19870831,1988-08-31,1988,8,AP-tree + RM rolling TC-aware (stock-level TC),0.019856903340070974,1.3156142841808105e-14,0.13077528629907018,0.00032693821574767545,0.019529965124323298
19870930,1988-09-30,1988,9,AP-tree + RM rolling TC-aware (stock-level TC),-0.009914044010128124,1.3100631690576847e-14,0.1070599262782447,0.00026764981569561176,-0.010181693825823736
19871030,1988-10-31,1988,10,AP-tree + RM rolling TC-aware (stock-level TC),-0.21926448140468302,1.3322676295501878e-14,0.1255192363863181,0.00031379809096579523,-0.21957827949564881
19871130,1988-11-30,1988,11,AP-tree + RM rolling TC-aware (stock-level TC),-0.05541884667470877,1.6930901125533637e-14,0.19685120805628203,0.0004921280201407051,-0.05591097469484947
19871231,1988-12-31,1988,12,AP-tree + RM rolling TC-aware (stock-level TC),0.04067557307890737,1.9761969838327786e-14,0.164859835262335,0.0004121495881558375,0.040263423490751536
19880129,1989-01-31,1989,1,AP-tree + RM rolling TC-aware (stock-level TC),0.051433296269253775,2.1149748619109232e-14,0.16714968050969742,0.0004178742012742436,0.05101542206797953
19880229,1989-02-28,1989,2,AP-tree + RM rolling TC-aware (stock-level TC),0.04987985122808665,1.8207657603852567e-14,0.1541045137103047,0.00038526128427576175,0.04949458994381089
19880331,1989-03-31,1989,3,AP-tree + RM rolling TC-aware (stock-level TC),0.009800038591070358,1.7930101847696278e-14,0.1388358351210865,0.00034708958780271625,0.009452949003267642
19880429,1989-04-30,1989,4,AP-tree + RM rolling TC-aware (stock-level TC),0.010059527369576833,1.9095836023552692e-14,0.14113196086624247,0.0003528299021656062,0.009706697467411226
19880531,1989-05-31,1989,5,AP-tree + RM rolling TC-aware (stock-level TC),-0.010877976359857693,1.8263168755083825e-14,0.11568362984070933,0.00028920907460177334,-0.011167185434459466
19880630,1989-06-30,1989,6,AP-tree + RM rolling TC-aware (stock-level TC),0.040047334413065364,1.8818280267396403e-14,0.10888561665691787,0.0002722140416422947,0.03977512037142307
19880729,1989-07-31,1989,7,AP-tree + RM rolling TC-aware (stock-level TC),-0.003569390973398457,1.887379141862766e-14,0.259366005309069,0.0006484150132726725,-0.004217805986671129
19880831,1989-08-31,1989,8,AP-tree + RM rolling TC-aware (stock-level TC),-0.024577156349547172,1.8707257964933888e-14,0.10497282154619283,0.0002624320538654821,-0.024839588403412653
19880930,1989-09-30,1989,9,AP-tree + RM rolling TC-aware (stock-level TC),0.019005454704333628,2.0650148258027912e-14,0.10902775321734531,0.0002725693830433633,0.018732885321290263
19881031,1989-10-31,1989,10,AP-tree + RM rolling TC-aware (stock-level TC),0.0028758712739340615,2.0594637106796654e-14,0.10926889477586332,0.0002731722369396583,0.002602699036994403
19881130,1989-11-30,1989,11,AP-tree + RM rolling TC-aware (stock-level TC),-0.02688641835011997,2.6256774532384952e-14,0.11184545964994268,0.0002796136491248567,-0.027166031999244826
19881230,1989-12-31,1989,12,AP-tree + RM rolling TC-aware (stock-level TC),0.01925711210038459,2.6367796834847468e-14,0.10525996501817847,0.0002631499125454462,0.018993962187839143
19890131,1990-01-31,1990,1,AP-tree + RM rolling TC-aware (stock-level TC),0.05363915085961224,2.6201263381153694e-14,0.129334253134314,0.000323335632835785,0.053315815226776454
19890228,1990-02-28,1990,2,AP-tree + RM rolling TC-aware (stock-level TC),-0.00569395577820889,2.8699265186560297e-14,0.11693225831632276,0.0002923306457908069,-0.005986286423999697
19890331,1990-03-31,1990,3,AP-tree + RM rolling TC-aware (stock-level TC),0.01745573688139454,2.8699265186560297e-14,0.10828760895897241,0.000270719022397431,0.01718501785899711
19890428,1990-04-30,1990,4,AP-tree + RM rolling TC-aware (stock-level TC),0.032731291960598305,2.886579864025407e-14,0.13354015401477493,0.0003338503850369373,0.03239744157556137
19890531,1990-05-31,1990,5,AP-tree + RM rolling TC-aware (stock-level TC),0.026672433673016003,2.930988785010413e-14,0.1280285049247284,0.000320071262311821,0.026352362410704183
19890630,1990-06-30,1990,6,AP-tree + RM rolling TC-aware (stock-level TC),-0.006235241279773773,2.90878432451791e-14,0.11481347348531465,0.00028703368371328663,-0.006522274963487059
19890731,1990-07-31,1990,7,AP-tree + RM rolling TC-aware (stock-level TC),0.04671677558560056,2.9032332093947844e-14,0.23086308808178352,0.0005771577202044588,0.0461396178653961
19890831,1990-08-31,1990,8,AP-tree + RM rolling TC-aware (stock-level TC),0.013621499059385304,3.069766663088558e-14,0.11545770659531795,0.0002886442664882949,0.01333285479289701
19890929,1990-09-30,1990,9,AP-tree + RM rolling TC-aware (stock-level TC),0.0034833257398588433,3.1030733538273125e-14,0.11617668940621974,0.00029044172351554935,0.003192884016343294
19891031,1990-10-31,1990,10,AP-tree + RM rolling TC-aware (stock-level TC),-0.03439922006111609,3.108624468950438e-14,0.12524480060649315,0.0003131120015162329,-0.03471233206263233
19891130,1990-11-30,1990,11,AP-tree + RM rolling TC-aware (stock-level TC),0.006008864971354354,3.086420008457935e-14,0.14775018614266605,0.0003693754653566651,0.005639489505997688
19891229,1990-12-31,1990,12,AP-tree + RM rolling TC-aware (stock-level TC),0.0010377117248319186,3.064215547965432e-14,0.12765127053289077,0.00031912817633222693,0.0007185835484996917
19900131,1991-01-31,1991,1,AP-tree + RM rolling TC-aware (stock-level TC),-0.05380477386942603,3.108624468950438e-14,0.1326394077512619,0.00033159851937815475,-0.054136372388804185
19900228,1991-02-28,1991,2,AP-tree + RM rolling TC-aware (stock-level TC),0.008102059168884389,3.425038030968608e-14,0.13579242985285858,0.0003394810746321465,0.007762578094252242
19900330,1991-03-31,1991,3,AP-tree + RM rolling TC-aware (stock-level TC),0.01890493262180512,3.441691376337985e-14,0.1182768061761684,0.000295692015440421,0.0186092406063647
19900430,1991-04-30,1991,4,AP-tree + RM rolling TC-aware (stock-level TC),-0.02186153725505316,3.552713678800501e-14,0.134029770134048,0.00033507442533512,-0.02219661168038828
19900531,1991-05-31,1991,5,AP-tree + RM rolling TC-aware (stock-level TC),0.05850625750655221,3.574918139293004e-14,0.12057784089130058,0.0003014446022282515,0.05820481290432396
19900629,1991-06-30,1991,6,AP-tree + RM rolling TC-aware (stock-level TC),0.0024127090700697827,3.8413716652030416e-14,0.1439962574392628,0.00035999064359815706,0.0020527184264716256
19900731,1991-07-31,1991,7,AP-tree + RM rolling TC-aware (stock-level TC),-0.017004748703515392,3.8413716652030416e-14,0.18983546274188104,0.0004745886568547026,-0.017479337360370096
19900831,1991-08-31,1991,8,AP-tree + RM rolling TC-aware (stock-level TC),-0.09005805202384329,3.913536161803677e-14,0.13409084810634503,0.0003352271202658626,-0.09039327914410915
19900928,1991-09-30,1991,9,AP-tree + RM rolling TC-aware (stock-level TC),-0.05998190998885615,4.107825191113079e-14,0.14726115699357006,0.00036815289248392515,-0.06035006288134007
19901031,1991-10-31,1991,10,AP-tree + RM rolling TC-aware (stock-level TC),-0.028895705375983866,4.091171845743702e-14,0.1586119023738892,0.000396529755934723,-0.02929223513191859
19901130,1991-11-30,1991,11,AP-tree + RM rolling TC-aware (stock-level TC),0.036867529007238484,4.0190073491430667e-14,0.16769468951793198,0.00041923672379483,0.03644829228344365
19901231,1991-12-31,1991,12,AP-tree + RM rolling TC-aware (stock-level TC),0.009364014347440094,3.930189507173054e-14,0.14907076875401845,0.0003726769218850461,0.008991337425555048
19910131,1992-01-31,1992,1,AP-tree + RM rolling TC-aware (stock-level TC),0.05775050149180391,3.930189507173054e-14,0.15932876661388207,0.00039832191653470516,0.05735217957526921
19910228,1992-02-29,1992,2,AP-tree + RM rolling TC-aware (stock-level TC),0.09004924533458714,3.708144902248023e-14,0.16173148033290236,0.0004043287008322559,0.08964491663375487
19910328,1992-03-31,1992,3,AP-tree + RM rolling TC-aware (stock-level TC),0.04733194016846165,3.5083047578154947e-14,0.15749540436779108,0.0003937385109194777,0.04693820165754217
19910430,1992-04-30,1992,4,AP-tree + RM rolling TC-aware (stock-level TC),0.01296938553171327,3.419486915845482e-14,0.15474295593993534,0.00038685738984983834,0.012582528141863432
19910531,1992-05-31,1992,5,AP-tree + RM rolling TC-aware (stock-level TC),0.031065227073339217,3.425038030968608e-14,0.14118163044190984,0.0003529540761047746,0.030712272997234443
19910628,1992-06-30,1992,6,AP-tree + RM rolling TC-aware (stock-level TC),-0.03319233528169088,3.480549182199866e-14,0.12794139269668037,0.00031985348174170094,-0.033512188763432586
19910731,1992-07-31,1992,7,AP-tree + RM rolling TC-aware (stock-level TC),0.0298842996672927,3.574918139293004e-14,0.18772115689565688,0.0004693028922391422,0.02941499677505356
19910830,1992-08-31,1992,8,AP-tree + RM rolling TC-aware (stock-level TC),0.01921232940968263,3.6415315207705135e-14,0.1343344137069895,0.0003358360342674738,0.018876493375415155
19910930,1992-09-30,1992,9,AP-tree + RM rolling TC-aware (stock-level TC),-0.0002740139722943388,3.6637359812630166e-14,0.12314725434375028,0.0003078681358593757,-0.0005818821081537145
19911031,1992-10-31,1992,10,AP-tree + RM rolling TC-aware (stock-level TC),0.01280689198497664,3.552713678800501e-14,0.1429756777212042,0.0003574391943030105,0.012449452790673629
19911129,1992-11-30,1992,11,AP-tree + RM rolling TC-aware (stock-level TC),-0.026151621162021414,3.597122599785507e-14,0.13830506737082965,0.0003457626684270741,-0.026497383830448487
19911231,1992-12-31,1992,12,AP-tree + RM rolling TC-aware (stock-level TC),0.05631692127119797,3.652633751016765e-14,0.13182373319856958,0.00032955933299642394,0.05598736193820155
19920131,1993-01-31,1993,1,AP-tree + RM rolling TC-aware (stock-level TC),0.058048053744577575,3.957945082788683e-14,0.15828418261225727,0.00039571045653064317,0.057652343288046935
19920228,1993-02-28,1993,2,AP-tree + RM rolling TC-aware (stock-level TC),0.028395990383115743,3.3362201889985954e-14,0.17474574211634575,0.00043686435529086435,0.02795912602782488
19920331,1993-03-31,1993,3,AP-tree + RM rolling TC-aware (stock-level TC),-0.01553684590607498,3.1530333899354446e-14,0.14367783136822215,0.0003591945784205554,-0.015896040484495534
19920430,1993-04-30,1993,4,AP-tree + RM rolling TC-aware (stock-level TC),-0.012683798767972699,3.1530333899354446e-14,0.13401722857213483,0.00033504307143033705,-0.013018841839403036
19920529,1993-05-31,1993,5,AP-tree + RM rolling TC-aware (stock-level TC),0.004891773429583496,3.047562202596055e-14,0.1317608071241575,0.00032940201781039375,0.004562371411773102
19920630,1993-06-30,1993,6,AP-tree + RM rolling TC-aware (stock-level TC),-0.029678778914497942,2.969846590872294e-14,0.11680708955071092,0.0002920177238767773,-0.02997079663837472
19920731,1993-07-31,1993,7,AP-tree + RM rolling TC-aware (stock-level TC),0.025787998722999382,2.886579864025407e-14,0.1795173647943885,0.0004487934119859713,0.02533920531101341
19920831,1993-08-31,1993,8,AP-tree + RM rolling TC-aware (stock-level TC),-0.020436357228778047,2.864375403532904e-14,0.12012126399010498,0.00030030315997526245,-0.02073666038875331
19920930,1993-09-30,1993,9,AP-tree + RM rolling TC-aware (stock-level TC),0.010019190825915784,2.4868995751603507e-14,0.11605322696008712,0.0002901330674002178,0.009729057758515567
19921030,1993-10-31,1993,10,AP-tree + RM rolling TC-aware (stock-level TC),0.010636291138592286,2.4980018054066022e-14,0.130452981718912,0.00032613245429728005,0.010310158684295006
19921130,1993-11-30,1993,11,AP-tree + RM rolling TC-aware (stock-level TC),0.042358980315036404,2.4591439995447217e-14,0.13405960432318542,0.00033514901080796355,0.04202383130422844
19921231,1993-12-31,1993,12,AP-tree + RM rolling TC-aware (stock-level TC),0.0223718600157553,2.4868995751603507e-14,0.14172305108853378,0.00035430762772133443,0.022017552388033965
19930129,1994-01-31,1994,1,AP-tree + RM rolling TC-aware (stock-level TC),0.034463790051334924,2.4646951146678475e-14,0.14373771682448347,0.00035934429206120865,0.03410444575927372
19930226,1994-02-28,1994,2,AP-tree + RM rolling TC-aware (stock-level TC),-0.0025609415401134025,2.5701663020072374e-14,0.14549386458310593,0.0003637346614577648,-0.0029246762015711675
19930331,1994-03-31,1994,3,AP-tree + RM rolling TC-aware (stock-level TC),0.019549021276506387,2.581268532253489e-14,0.12449804039356437,0.00031124510098391094,0.019237776175522477
19930430,1994-04-30,1994,4,AP-tree + RM rolling TC-aware (stock-level TC),-0.018691523970139637,2.603472992745992e-14,0.13557288013356616,0.00033893220033391543,-0.019030456170473553
19930528,1994-05-31,1994,5,AP-tree + RM rolling TC-aware (stock-level TC),0.03069251233032955,2.6201263381153694e-14,0.12546401334030396,0.00031366003335075993,0.03037885229697879
19930630,1994-06-30,1994,6,AP-tree + RM rolling TC-aware (stock-level TC),0.006551661171592114,2.8255175976710234e-14,0.11354326295731161,0.000283858157393279,0.006267803014198835
19930730,1994-07-31,1994,7,AP-tree + RM rolling TC-aware (stock-level TC),0.0019198225085446323,2.842170943040401e-14,0.23097438619806598,0.000577435965495165,0.0013423865430494673
19930831,1994-08-31,1994,8,AP-tree + RM rolling TC-aware (stock-level TC),0.033811324742155695,2.781108676686017e-14,0.11793907841201465,0.0002948476960300366,0.033516477046125655
19930930,1994-09-30,1994,9,AP-tree + RM rolling TC-aware (stock-level TC),0.005536662890722918,2.8477220581635265e-14,0.1191135712415401,0.00029778392810385026,0.0052388789626190676
19931029,1994-10-31,1994,10,AP-tree + RM rolling TC-aware (stock-level TC),0.025814000727540816,2.864375403532904e-14,0.14102043606134174,0.00035255109015335434,0.025461449637387463
19931130,1994-11-30,1994,11,AP-tree + RM rolling TC-aware (stock-level TC),-0.018194387493644992,2.836619827917275e-14,0.13696362707952506,0.00034240906769881265,-0.018536796561343806
19931231,1994-12-31,1994,12,AP-tree + RM rolling TC-aware (stock-level TC),0.012505998449254315,2.853273173286652e-14,0.12346134722406055,0.00030865336806015135,0.012197345081194164
19940131,1995-01-31,1995,1,AP-tree + RM rolling TC-aware (stock-level TC),0.034317808915804784,2.881028748902281e-14,0.1364571086274612,0.000341142771568653,0.03397666614423613
19940228,1995-02-28,1995,2,AP-tree + RM rolling TC-aware (stock-level TC),-0.014398636283955789,2.8199664825478976e-14,0.13311940731757205,0.0003327985182939301,-0.01473143480224972
19940331,1995-03-31,1995,3,AP-tree + RM rolling TC-aware (stock-level TC),-0.03694252628870219,2.864375403532904e-14,0.11046915049880733,0.00027617287624701834,-0.03721869916494921
19940429,1995-04-30,1995,4,AP-tree + RM rolling TC-aware (stock-level TC),-0.0026977416431347026,2.914335439641036e-14,0.12273236615401206,0.00030683091538503016,-0.0030045725585197327
19940531,1995-05-31,1995,5,AP-tree + RM rolling TC-aware (stock-level TC),0.002241628695798979,2.90878432451791e-14,0.11184052268984376,0.0002796013067246094,0.00196202738907437
19940630,1995-06-30,1995,6,AP-tree + RM rolling TC-aware (stock-level TC),-0.026560436486868955,2.7977620220553945e-14,0.1191120296050043,0.0002977800740125108,-0.026858216560881467
19940729,1995-07-31,1995,7,AP-tree + RM rolling TC-aware (stock-level TC),0.020364764827322617,2.8199664825478976e-14,0.2242957860007443,0.0005607394650018608,0.019804025362320756
19940831,1995-08-31,1995,8,AP-tree + RM rolling TC-aware (stock-level TC),0.030708459832603938,2.864375403532904e-14,0.1089175137163106,0.00027229378429077653,0.03043616604831316
19940930,1995-09-30,1995,9,AP-tree + RM rolling TC-aware (stock-level TC),-0.005299761602739594,2.531308496145357e-14,0.1310481001079819,0.00032762025026995475,-0.005627381853009549
19941031,1995-10-31,1995,10,AP-tree + RM rolling TC-aware (stock-level TC),0.00876373070837225,2.5757174171303632e-14,0.11711606990482182,0.00029279017476205457,0.008470940533610196
19941130,1995-11-30,1995,11,AP-tree + RM rolling TC-aware (stock-level TC),-0.031415614148287835,2.603472992745992e-14,0.12264628700641018,0.0003066157175160255,-0.031722229865803864
19941230,1995-12-31,1995,12,AP-tree + RM rolling TC-aware (stock-level TC),-0.0022445015289258158,2.7255975254547593e-14,0.11241273008976305,0.00028103182522440763,-0.0025255333541502234
19950131,1996-01-31,1996,1,AP-tree + RM rolling TC-aware (stock-level TC),0.024266154640316576,2.7033930649622562e-14,0.12403431054541231,0.0003100857763635308,0.023956068863953045
19950228,1996-02-29,1996,2,AP-tree + RM rolling TC-aware (stock-level TC),0.02765278738654819,2.7977620220553945e-14,0.13501648181225928,0.00033754120453064824,0.02731524618201754
19950331,1996-03-31,1996,3,AP-tree + RM rolling TC-aware (stock-level TC),0.01892894909764277,2.858824288409778e-14,0.10574681779151178,0.00026436704447877944,0.01866458205316399
19950428,1996-04-30,1996,4,AP-tree + RM rolling TC-aware (stock-level TC),0.023063487336076497,2.8754776337791554e-14,0.12274506636742073,0.00030686266591855183,0.022756624670157946
19950531,1996-05-31,1996,5,AP-tree + RM rolling TC-aware (stock-level TC),0.027323096993712576,2.8699265186560297e-14,0.1187100392381765,0.00029677509809544127,0.027026321895617135
19950630,1996-06-30,1996,6,AP-tree + RM rolling TC-aware (stock-level TC),0.030802649518847532,2.7977620220553945e-14,0.1191355893055222,0.0002978389732638055,0.030504810545583728
19950731,1996-07-31,1996,7,AP-tree + RM rolling TC-aware (stock-level TC),0.04032010980933244,2.781108676686017e-14,0.361288810436999,0.0009032220260924975,0.03941688778323994
19950831,1996-08-31,1996,8,AP-tree + RM rolling TC-aware (stock-level TC),0.01911299773203583,2.786659791809143e-14,0.1294093553670452,0.000323523388417613,0.018789474343618218
19950929,1996-09-30,1996,9,AP-tree + RM rolling TC-aware (stock-level TC),0.027586033026489293,2.7533531010703882e-14,0.13176594767642164,0.0003294148691910541,0.02725661815729824
19951031,1996-10-31,1996,10,AP-tree + RM rolling TC-aware (stock-level TC),-0.02253210604438252,2.758904216193514e-14,0.11985312462860805,0.00029963281157152015,-0.02283173885595404
19951130,1996-11-30,1996,11,AP-tree + RM rolling TC-aware (stock-level TC),0.021270557211378747,2.6423307986078726e-14,0.13628879651757703,0.0003407219912939426,0.020929835220084805
19951229,1996-12-31,1996,12,AP-tree + RM rolling TC-aware (stock-level TC),0.009802021250839612,2.5757174171303632e-14,0.12423894306781785,0.00031059735766954467,0.009491423893170068
19960131,1997-01-31,1997,1,AP-tree + RM rolling TC-aware (stock-level TC),0.02285179493831878,2.5479618415147343e-14,0.13805241721831762,0.0003451310430457941,0.022506663895272984
19960229,1997-02-28,1997,2,AP-tree + RM rolling TC-aware (stock-level TC),0.021105444586482922,2.55351295663786e-14,0.14009720910138085,0.00035024302275345215,0.02075520156372947
19960329,1997-03-31,1997,3,AP-tree + RM rolling TC-aware (stock-level TC),0.017923082160801712,2.353672812205332e-14,0.1250332339334645,0.00031258308483366127,0.01761049907596805
19960430,1997-04-30,1997,4,AP-tree + RM rolling TC-aware (stock-level TC),0.033307818391761654,2.3092638912203256e-14,0.12961108452742753,0.00032402771131856883,0.03298379068044308
19960531,1997-05-31,1997,5,AP-tree + RM rolling TC-aware (stock-level TC),0.041658053895806416,2.225997164373439e-14,0.1441843712565699,0.0003604609281414248,0.04129759296766499
19960628,1997-06-30,1997,6,AP-tree + RM rolling TC-aware (stock-level TC),-0.020032239586842224,2.1094237467877974e-14,0.12928559508174595,0.0003232139877043649,-0.02035545357454659
19960731,1997-07-31,1997,7,AP-tree + RM rolling TC-aware (stock-level TC),-0.05083955091583303,2.0650148258027912e-14,0.2326832291173965,0.0005817080727934913,-0.051421258988626525
19960830,1997-08-31,1997,8,AP-tree + RM rolling TC-aware (stock-level TC),0.03210864719912736,1.9761969838327786e-14,0.13270179474172927,0.0003317544868543232,0.03177689271227303
19960930,1997-09-30,1997,9,AP-tree + RM rolling TC-aware (stock-level TC),0.034587073883146933,1.865174681370263e-14,0.11567142403069683,0.00028917856007674205,0.03429789532307019
19961031,1997-10-31,1997,10,AP-tree + RM rolling TC-aware (stock-level TC),0.00025937522890968207,1.7041923427996153e-14,0.12921580751149891,0.0003230395187787473,-6.366428986906523e-05
19961129,1997-11-30,1997,11,AP-tree + RM rolling TC-aware (stock-level TC),0.040049242200916275,1.6153745008296028e-14,0.13609644922548342,0.00034024112306370855,0.039709001077852565
19961231,1997-12-31,1997,12,AP-tree + RM rolling TC-aware (stock-level TC),-0.006410701651215679,1.7486012637846216e-14,0.11533115422010536,0.0002883278855502634,-0.006699029536765942
19970131,1998-01-31,1998,1,AP-tree + RM rolling TC-aware (stock-level TC),0.05215330132584446,1.765254609153999e-14,0.13781637648121642,0.0003445409412030411,0.05180876038464142
19970228,1998-02-28,1998,2,AP-tree + RM rolling TC-aware (stock-level TC),-0.0011457514465215944,1.3711254354120683e-14,0.14115885785691215,0.0003528971446422804,-0.0014986485911638748
19970331,1998-03-31,1998,3,AP-tree + RM rolling TC-aware (stock-level TC),-0.03797826955957938,1.4654943925052066e-14,0.12208754453676163,0.00030521886134190406,-0.03828348842092128
19970430,1998-04-30,1998,4,AP-tree + RM rolling TC-aware (stock-level TC),0.010326406117433998,1.5376588891058418e-14,0.13030785067545853,0.0003257696266886463,0.010000636490745353
19970530,1998-05-31,1998,5,AP-tree + RM rolling TC-aware (stock-level TC),0.06638761122522964,1.5154544286133387e-14,0.1273884777702529,0.00031847119442563224,0.06606914003080401
19970630,1998-06-30,1998,6,AP-tree + RM rolling TC-aware (stock-level TC),0.03607204883133451,1.532107773982716e-14,0.129614259296781,0.0003240356482419525,0.03574801318309256
19970731,1998-07-31,1998,7,AP-tree + RM rolling TC-aware (stock-level TC),0.06106659909379946,1.509903313490213e-14,0.22456961634054284,0.0005614240408513572,0.060505175052948106
19970829,1998-08-31,1998,8,AP-tree + RM rolling TC-aware (stock-level TC),-0.004273922860700592,1.6653345369377348e-14,0.14268892997521038,0.00035672232493802594,-0.004630645185638617
19970930,1998-09-30,1998,9,AP-tree + RM rolling TC-aware (stock-level TC),0.06766706114591375,1.7263968032921184e-14,0.13498384963356852,0.0003374596240839213,0.06732960152182983
19971031,1998-10-31,1998,10,AP-tree + RM rolling TC-aware (stock-level TC),-0.025281847665518754,1.637578961322106e-14,0.14920231010438303,0.0003730057752609576,-0.025654853440779713
19971128,1998-11-30,1998,11,AP-tree + RM rolling TC-aware (stock-level TC),0.00601869262856157,1.2212453270876722e-14,0.14202130638435817,0.00035505326596089543,0.005663639362600674
19971231,1998-12-31,1998,12,AP-tree + RM rolling TC-aware (stock-level TC),-0.006555551748706765,9.71445146547012e-15,0.13284756868793768,0.00033211892171984423,-0.006887670670426609
19980130,1999-01-31,1999,1,AP-tree + RM rolling TC-aware (stock-level TC),0.004867843508498105,7.827072323607354e-15,0.1520166103748984,0.000380041525937246,0.004487801982560859
19980227,1999-02-28,1999,2,AP-tree + RM rolling TC-aware (stock-level TC),0.05557352457577193,8.881784197001252e-15,0.13135714441098634,0.00032839286102746585,0.05524513171474446
19980331,1999-03-31,1999,3,AP-tree + RM rolling TC-aware (stock-level TC),0.04145778691736529,1.0158540675320182e-14,0.1349218098484507,0.0003373045246211268,0.04112048239274416
19980430,1999-04-30,1999,4,AP-tree + RM rolling TC-aware (stock-level TC),0.013375482701392907,1.0269562977782698e-14,0.14241799324978058,0.00035604498312445144,0.013019437718268455
19980529,1999-05-31,1999,5,AP-tree + RM rolling TC-aware (stock-level TC),-0.026627928660446602,1.021405182655144e-14,0.13187529543157317,0.00032968823857893294,-0.026957616899025535
19980630,1999-06-30,1999,6,AP-tree + RM rolling TC-aware (stock-level TC),-0.0007894633492752153,1.049160758270773e-14,0.12247654562685488,0.0003061913640671372,-0.0010956547133423526
19980731,1999-07-31,1999,7,AP-tree + RM rolling TC-aware (stock-level TC),-0.03335162457240122,9.769962616701378e-15,0.2604518291520655,0.0006511295728801637,-0.03400275414528138
19980831,1999-08-31,1999,8,AP-tree + RM rolling TC-aware (stock-level TC),-0.15111937837373624,9.159339953157541e-15,0.14576568732970271,0.0003644142183242568,-0.1514837925920605
19980930,1999-09-30,1999,9,AP-tree + RM rolling TC-aware (stock-level TC),0.046036748897819814,1.071365218763276e-14,0.19938922573680767,0.0004984730643420192,0.0455382758334778
19981030,1999-10-31,1999,10,AP-tree + RM rolling TC-aware (stock-level TC),0.0501244249740225,1.1324274851176597e-14,0.2035693541519038,0.0005089233853797596,0.049615501588642745
19981130,1999-11-30,1999,11,AP-tree + RM rolling TC-aware (stock-level TC),0.059537918754674624,1.354472090042691e-14,0.17080785804524712,0.0004270196451131178,0.05911089910956151
19981231,1999-12-31,1999,12,AP-tree + RM rolling TC-aware (stock-level TC),0.029641272429813965,1.3600232051658168e-14,0.16790340782397445,0.00041975851955993615,0.02922151391025403
19990129,2000-01-31,2000,1,AP-tree + RM rolling TC-aware (stock-level TC),0.04602678687891645,1.459943277382081e-14,0.16594118702887084,0.0004148529675721771,0.04561193391134427
19990226,2000-02-29,2000,2,AP-tree + RM rolling TC-aware (stock-level TC),-0.03279075960605837,1.3433698597964394e-14,0.17823784250423652,0.0004455946062605913,-0.033236354212318964
19990331,2000-03-31,2000,3,AP-tree + RM rolling TC-aware (stock-level TC),0.01238932387951758,1.354472090042691e-14,0.14881741094129822,0.00037204352735324556,0.012017280352164334
19990430,2000-04-30,2000,4,AP-tree + RM rolling TC-aware (stock-level TC),0.053433760868923263,1.3600232051658168e-14,0.17164611046904282,0.00042911527617260707,0.05300464559275066
19990528,2000-05-31,2000,5,AP-tree + RM rolling TC-aware (stock-level TC),0.0040477292287788,1.2601031329495527e-14,0.17934166036335736,0.0004483541509083934,0.0035993750778704064
19990630,2000-06-30,2000,6,AP-tree + RM rolling TC-aware (stock-level TC),0.03572802406207317,1.2601031329495527e-14,0.1469946341091397,0.00036748658527284927,0.03536053747680032
19990730,2000-07-31,2000,7,AP-tree + RM rolling TC-aware (stock-level TC),-0.0059623818699567,1.2934098236883074e-14,0.22585431667641176,0.0005646357916910294,-0.006527017661647729
19990831,2000-08-31,2000,8,AP-tree + RM rolling TC-aware (stock-level TC),-0.012780208137965123,1.2045919817182948e-14,0.1480256603003431,0.00037006415075085773,-0.013150272288715981
19990930,2000-09-30,2000,9,AP-tree + RM rolling TC-aware (stock-level TC),-0.022610526713027355,1.2045919817182948e-14,0.15707992849056693,0.0003926998212264173,-0.02300322653425377
19991029,2000-10-31,2000,10,AP-tree + RM rolling TC-aware (stock-level TC),0.018491121715993767,1.2712053631958042e-14,0.1558382080691726,0.0003895955201729315,0.018101526195820835
19991130,2000-11-30,2000,11,AP-tree + RM rolling TC-aware (stock-level TC),0.05541131080707759,1.3322676295501878e-14,0.1737001254038012,0.000434250313509503,0.05497706049356809
19991231,2000-12-31,2000,12,AP-tree + RM rolling TC-aware (stock-level TC),0.06596745437829286,1.1601830607332886e-14,0.20174776397973443,0.000504369409949336,0.06546308496834352
20000131,2001-01-31,2001,1,AP-tree + RM rolling TC-aware (stock-level TC),0.006522000732739782,1.2212453270876722e-14,0.22933911002230886,0.0005733477750557722,0.00594865295768401
20000229,2001-02-28,2001,2,AP-tree + RM rolling TC-aware (stock-level TC),0.0555212124099238,1.021405182655144e-14,0.20192698280742016,0.0005048174570185505,0.055016394952905244
20000331,2001-03-31,2001,3,AP-tree + RM rolling TC-aware (stock-level TC),0.032922633247033053,7.105427357601002e-15,0.255667317865669,0.0006391682946641725,0.03228346495236888
20000428,2001-04-30,2001,4,AP-tree + RM rolling TC-aware (stock-level TC),-0.05511742841241613,8.271161533457416e-15,0.21091482355637806,0.0005272870588909452,-0.055644715471307074
20000531,2001-05-31,2001,5,AP-tree + RM rolling TC-aware (stock-level TC),-0.03573148277806682,6.439293542825908e-15,0.2063146143380225,0.0005157865358450563,-0.036247269313911874
20000630,2001-06-30,2001,6,AP-tree + RM rolling TC-aware (stock-level TC),0.04512641834886055,3.3861802251067274e-15,0.20581960472985336,0.0005145490118246334,0.04461186933703592
20000731,2001-07-31,2001,7,AP-tree + RM rolling TC-aware (stock-level TC),-0.014828878404838604,2.886579864025407e-15,0.27103878250445507,0.0006775969562611377,-0.01550647536109974
20000831,2001-08-31,2001,8,AP-tree + RM rolling TC-aware (stock-level TC),0.056137076581106574,3.4416913763379853e-15,0.1681824168166089,0.0004204560420415222,0.05571662053906505
20000929,2001-09-30,2001,9,AP-tree + RM rolling TC-aware (stock-level TC),-0.035982567199095136,3.83026943495679e-15,0.17323313699621093,0.0004330828424905273,-0.036415650041585666
20001031,2001-10-31,2001,10,AP-tree + RM rolling TC-aware (stock-level TC),-0.033700145659589786,5.329070518200751e-15,0.19748379707441746,0.0004937094926860437,-0.03419385515227583
20001130,2001-11-30,2001,11,AP-tree + RM rolling TC-aware (stock-level TC),-0.08156504288151985,5.384581669432009e-15,0.1894964303706725,0.00047374107592668125,-0.08203878395744653
20001229,2001-12-31,2001,12,AP-tree + RM rolling TC-aware (stock-level TC),0.0015217898022906254,5.662137425588298e-15,0.23123859870600755,0.0005780964967650189,0.0009436933055256064
20010131,2002-01-31,2002,1,AP-tree + RM rolling TC-aware (stock-level TC),0.10045450123531896,5.495603971894525e-15,0.20168485812822415,0.0005042121453205604,0.0999502890899984
20010228,2002-02-28,2002,2,AP-tree + RM rolling TC-aware (stock-level TC),-0.06521130770245565,4.718447854656915e-15,0.23250309019801552,0.0005812577254950388,-0.06579256542795069
20010330,2002-03-31,2002,3,AP-tree + RM rolling TC-aware (stock-level TC),-0.04789311787325086,0.0,0.20103718252285097,0.0005025929563071274,-0.048395710829557986
20010430,2002-04-30,2002,4,AP-tree + RM rolling TC-aware (stock-level TC),0.05830832163184868,3.774758283725532e-15,0.17671941007727396,0.0004417985251931849,0.05786652310665549
20010531,2002-05-31,2002,5,AP-tree + RM rolling TC-aware (stock-level TC),0.03260409896953606,5.6066262743570405e-15,0.16666252304432477,0.00041665630761081193,0.03218744266192525
20010629,2002-06-30,2002,6,AP-tree + RM rolling TC-aware (stock-level TC),-0.010722370177372443,4.218847493575595e-15,0.15613755921899225,0.00039034389804748064,-0.011112714075419925
20010731,2002-07-31,2002,7,AP-tree + RM rolling TC-aware (stock-level TC),-0.010866223330052868,3.608224830031759e-15,0.23728447822750942,0.0005932111955687736,-0.011459434525621641
20010831,2002-08-31,2002,8,AP-tree + RM rolling TC-aware (stock-level TC),-0.04198322466051663,3.497202527569243e-15,0.1561726039749006,0.0003904315099372515,-0.042373656170453876
20010928,2002-09-30,2002,9,AP-tree + RM rolling TC-aware (stock-level TC),-0.08898737931290682,5.329070518200751e-15,0.14715304789161354,0.00036788261972903386,-0.08935526193263585
20011031,2002-10-31,2002,10,AP-tree + RM rolling TC-aware (stock-level TC),0.043334113147619965,5.384581669432009e-15,0.20357444398096836,0.0005089361099524208,0.04282517703766754
20011130,2002-11-30,2002,11,AP-tree + RM rolling TC-aware (stock-level TC),0.06503853472961427,4.496403249731884e-15,0.18003500650042029,0.0004500875162510507,0.06458844721336321
20011231,2002-12-31,2002,12,AP-tree + RM rolling TC-aware (stock-level TC),0.03455214110923139,4.6074255521944e-15,0.16311487461219748,0.0004077871865304937,0.0341443539227009
20020131,2003-01-31,2003,1,AP-tree + RM rolling TC-aware (stock-level TC),0.003418300951180977,0.0,0.13652706268854348,0.0003413176567213587,0.0030769832944596183
20020228,2003-02-28,2003,2,AP-tree + RM rolling TC-aware (stock-level TC),-0.02094608483127351,5.828670879282072e-15,0.14678611790854154,0.0003669652947713539,-0.021313050126044862
20020328,2003-03-31,2003,3,AP-tree + RM rolling TC-aware (stock-level TC),0.050365170162441505,6.2727600891321345e-15,0.1524821977831764,0.00038120549445794103,0.04998396466798356
20020430,2003-04-30,2003,4,AP-tree + RM rolling TC-aware (stock-level TC),-0.025774425043321184,5.10702591327572e-15,0.14294184515302188,0.0003573546128825547,-0.026131779656203738
20020531,2003-05-31,2003,5,AP-tree + RM rolling TC-aware (stock-level TC),-0.005799555339901407,7.993605777301127e-15,0.15863024724302122,0.0003965756181075531,-0.00619613095800896
20020628,2003-06-30,2003,6,AP-tree + RM rolling TC-aware (stock-level TC),-0.05163734938343119,8.104628079763643e-15,0.14388463347779137,0.00035971158369447846,-0.05199706096712567
20020731,2003-07-31,2003,7,AP-tree + RM rolling TC-aware (stock-level TC),-0.07849209312905278,9.936496070395151e-15,0.2466446099944265,0.0006166115249860662,-0.07910870465403885
20020830,2003-08-31,2003,8,AP-tree + RM rolling TC-aware (stock-level TC),0.00478353029089695,9.71445146547012e-15,0.1796220123474427,0.0004490550308686068,0.0043344752600283434
20020930,2003-09-30,2003,9,AP-tree + RM rolling TC-aware (stock-level TC),-0.07606662654495475,9.603429163007604e-15,0.1449452271494513,0.00036236306787362825,-0.07642898961282837
20021031,2003-10-31,2003,10,AP-tree + RM rolling TC-aware (stock-level TC),0.05463978191523624,1.176836406102666e-14,0.16098747265147595,0.00040246868162868986,0.05423731323360755
20021129,2003-11-30,2003,11,AP-tree + RM rolling TC-aware (stock-level TC),0.0777618861066275,1.3322676295501878e-14,0.17466592672968612,0.0004366648168242153,0.07732522128980329
20021231,2003-12-31,2003,12,AP-tree + RM rolling TC-aware (stock-level TC),-0.039915697238455096,1.1546319456101628e-14,0.1843569329678844,0.000460892332419711,-0.04037658957087481
20030131,2004-01-31,2004,1,AP-tree + RM rolling TC-aware (stock-level TC),-0.006707519374698416,1.2878587085651816e-14,0.1501518226263678,0.00037537955656591956,-0.007082898931264335
20030228,2004-02-29,2004,2,AP-tree + RM rolling TC-aware (stock-level TC),-0.015577614101649297,1.426636586643326e-14,0.13326557790704663,0.00033316394476761655,-0.015910778046416912
20030331,2004-03-31,2004,3,AP-tree + RM rolling TC-aware (stock-level TC),0.0072006556173665835,1.4432899320127035e-14,0.12825549675866688,0.0003206387418966672,0.006880016875469916
20030430,2004-04-30,2004,4,AP-tree + RM rolling TC-aware (stock-level TC),0.08420661453748354,1.426636586643326e-14,0.13466030199704965,0.0003366507549926241,0.08386996378249092
20030530,2004-05-31,2004,5,AP-tree + RM rolling TC-aware (stock-level TC),0.085809571198286,1.4710455076283324e-14,0.16039155112868586,0.00040097887782171465,0.08540859232046429
20030630,2004-06-30,2004,6,AP-tree + RM rolling TC-aware (stock-level TC),0.0287831421224655,1.2045919817182948e-14,0.16494209303161916,0.0004123552325790479,0.02837078688988645
20030731,2004-07-31,2004,7,AP-tree + RM rolling TC-aware (stock-level TC),0.04071262699022882,1.1712852909795402e-14,0.17992686129837693,0.00044981715324594234,0.040262809836982875
20030829,2004-08-31,2004,8,AP-tree + RM rolling TC-aware (stock-level TC),0.03214565585287806,1.0658141036401503e-14,0.13868315894374694,0.00034670789735936734,0.03179894795551869
20030930,2004-09-30,2004,9,AP-tree + RM rolling TC-aware (stock-level TC),0.006430373717559962,1.021405182655144e-14,0.12458927694901997,0.00031147319237254996,0.006118900525187412
20031031,2004-10-31,2004,10,AP-tree + RM rolling TC-aware (stock-level TC),0.061840766227285154,1.021405182655144e-14,0.12742841270478206,0.0003185710317619551,0.0615221951955232
20031128,2004-11-30,2004,11,AP-tree + RM rolling TC-aware (stock-level TC),0.0232657981129962,1.0103029524088925e-14,0.14037349865902757,0.0003509337466475689,0.022914864366348632
20031231,2004-12-31,2004,12,AP-tree + RM rolling TC-aware (stock-level TC),0.036060661980897094,9.992007221626409e-15,0.11811700199034729,0.00029529250497586825,0.035765369475921224
20040130,2005-01-31,2005,1,AP-tree + RM rolling TC-aware (stock-level TC),0.04193444066580776,1.0325074129013956e-14,0.12477424133480716,0.00031193560333701793,0.04162250506247074
20040227,2005-02-28,2005,2,AP-tree + RM rolling TC-aware (stock-level TC),0.011735615504384256,9.547918011776346e-15,0.13044743487534122,0.00032611858718835303,0.011409496917195902
20040331,2005-03-31,2005,3,AP-tree + RM rolling TC-aware (stock-level TC),-0.003351657462191142,9.325873406851315e-15,0.11747405534435734,0.00029368513836089334,-0.0036453426005520354
20040430,2005-04-30,2005,4,AP-tree + RM rolling TC-aware (stock-level TC),-0.02613032796152543,9.103828801926284e-15,0.11605008613784192,0.0002901252153446048,-0.026420453176870036
20040528,2005-05-31,2005,5,AP-tree + RM rolling TC-aware (stock-level TC),0.0058448213261262615,9.270362255620057e-15,0.13362357779941006,0.00033405894449852516,0.005510762381627736
20040630,2005-06-30,2005,6,AP-tree + RM rolling TC-aware (stock-level TC),0.016765010756593448,9.159339953157541e-15,0.10885097524264678,0.00027212743810661695,0.01649288331848683
20040730,2005-07-31,2005,7,AP-tree + RM rolling TC-aware (stock-level TC),-0.04060840255375449,9.048317650695026e-15,0.1507074378369003,0.00037676859459225074,-0.04098517114834674
20040831,2005-08-31,2005,8,AP-tree + RM rolling TC-aware (stock-level TC),0.0009204262972603411,8.215650382226158e-15,0.13947316050686903,0.0003486829012671726,0.0005717433959931686
20040930,2005-09-30,2005,9,AP-tree + RM rolling TC-aware (stock-level TC),0.024861380708568536,7.771561172376096e-15,0.10838081934803129,0.0002709520483700782,0.02459042866019846
20041029,2005-10-31,2005,10,AP-tree + RM rolling TC-aware (stock-level TC),0.014749032727805457,7.105427357601002e-15,0.11036441675227654,0.00027591104188069135,0.014473121685924765
20041130,2005-11-30,2005,11,AP-tree + RM rolling TC-aware (stock-level TC),0.05270525968345481,7.105427357601002e-15,0.12630527514637413,0.0003157631878659353,0.052389496495588876
20041231,2005-12-31,2005,12,AP-tree + RM rolling TC-aware (stock-level TC),0.038266699975746325,5.995204332975845e-15,0.1184513193271021,0.00029612829831775526,0.03797057167742857
20050131,2006-01-31,2006,1,AP-tree + RM rolling TC-aware (stock-level TC),-0.026716043799408278,6.161737786669619e-15,0.12171069550456363,0.0003042767387614091,-0.027020320538169686
20050228,2006-02-28,2006,2,AP-tree + RM rolling TC-aware (stock-level TC),0.01562583596032187,6.217248937900877e-15,0.11410636528674259,0.0002852659132168565,0.015340570047105012
20050331,2006-03-31,2006,3,AP-tree + RM rolling TC-aware (stock-level TC),-0.02573794634458215,5.995204332975845e-15,0.1176646559495283,0.00029416163987382074,-0.02603210798445597
20050429,2006-04-30,2006,4,AP-tree + RM rolling TC-aware (stock-level TC),-0.03252573103598819,5.551115123125783e-15,0.1179558335448983,0.00029488958386224577,-0.03282062061985043
20050531,2006-05-31,2006,5,AP-tree + RM rolling TC-aware (stock-level TC),0.03484881820570129,4.884981308350689e-15,0.12495592746901066,0.00031238981867252663,0.034536428387028764
20050630,2006-06-30,2006,6,AP-tree + RM rolling TC-aware (stock-level TC),0.017575086675468986,4.6074255521944e-15,0.11479747323154868,0.0002869936830788717,0.017288092992390116
20050729,2006-07-31,2006,7,AP-tree + RM rolling TC-aware (stock-level TC),0.043241339946838465,4.496403249731884e-15,0.13569038205855433,0.00033922595514638583,0.04290211399169208
20050831,2006-08-31,2006,8,AP-tree + RM rolling TC-aware (stock-level TC),-0.007833360081308145,3.774758283725532e-15,0.11872981828495685,0.0002968245457123921,-0.008130184627020537
20050930,2006-09-30,2006,9,AP-tree + RM rolling TC-aware (stock-level TC),0.00751642404351013,3.941291737419306e-15,0.11694156125271998,0.00029235390313179995,0.0072240701403783305
20051031,2006-10-31,2006,10,AP-tree + RM rolling TC-aware (stock-level TC),-0.02239126644848559,3.552713678800501e-15,0.11120240939795824,0.0002780060234948956,-0.022669272471980483
20051130,2006-11-30,2006,11,AP-tree + RM rolling TC-aware (stock-level TC),0.03140484235394015,4.163336342344337e-15,0.12863749891528536,0.0003215937472882134,0.031083248606651938
20051230,2006-12-31,2006,12,AP-tree + RM rolling TC-aware (stock-level TC),0.005387607918350524,3.9968028886505635e-15,0.10492024007897106,0.00026230060019742765,0.005125307318153097
20060131,2007-01-31,2007,1,AP-tree + RM rolling TC-aware (stock-level TC),0.050994680284240756,3.9968028886505635e-15,0.10434629548332729,0.00026086573870831825,0.05073381454553244
20060228,2007-02-28,2007,2,AP-tree + RM rolling TC-aware (stock-level TC),0.0012616428686878264,3.2751579226442118e-15,0.13158337888670743,0.00032895844721676857,0.0009326844214710578
20060331,2007-03-31,2007,3,AP-tree + RM rolling TC-aware (stock-level TC),0.0252017733391448,3.3861802251067274e-15,0.11281950532652332,0.0002820487633163083,0.02491972457582849
20060428,2007-04-30,2007,4,AP-tree + RM rolling TC-aware (stock-level TC),0.010017833646127232,3.2751579226442118e-15,0.11361036678169523,0.00028402591695423805,0.009733807729172993
20060531,2007-05-31,2007,5,AP-tree + RM rolling TC-aware (stock-level TC),-0.03453748723042362,3.7192471324942744e-15,0.11372590657700465,0.00028431476644251165,-0.03482180199686614
20060630,2007-06-30,2007,6,AP-tree + RM rolling TC-aware (stock-level TC),-0.0023171439209000604,4.218847493575595e-15,0.10949572378816291,0.0002737393094704073,-0.002590883230370468
20060731,2007-07-31,2007,7,AP-tree + RM rolling TC-aware (stock-level TC),-0.009759148676597,4.773959005888173e-15,0.16820795013329148,0.0004205198753332287,-0.010179668551930228
20060831,2007-08-31,2007,8,AP-tree + RM rolling TC-aware (stock-level TC),0.021383595183006712,4.9404924595819466e-15,0.1242773257547612,0.00031069331438690303,0.02107290186861981
20060929,2007-09-30,2007,9,AP-tree + RM rolling TC-aware (stock-level TC),0.011225936824294921,4.829470157119431e-15,0.10442284102625968,0.0002610571025656492,0.010964879721729272
20061031,2007-10-31,2007,10,AP-tree + RM rolling TC-aware (stock-level TC),0.038232429030894785,3.9968028886505635e-15,0.09853187522662762,0.00024632968806656905,0.03798609934282821
20061130,2007-11-30,2007,11,AP-tree + RM rolling TC-aware (stock-level TC),0.01881352391356177,4.274358644806853e-15,0.1107558300368684,0.000276889575092171,0.0185366343384696
20061229,2007-12-31,2007,12,AP-tree + RM rolling TC-aware (stock-level TC),0.01261545241910916,2.886579864025407e-15,0.10886211916097928,0.0002721552979024482,0.012343297121206711
20070131,2008-01-31,2008,1,AP-tree + RM rolling TC-aware (stock-level TC),0.014973554413695179,2.7200464103316335e-15,0.09932477227033192,0.0002483119306758298,0.01472524248301935
20070228,2008-02-29,2008,2,AP-tree + RM rolling TC-aware (stock-level TC),-0.005643398484090831,2.6645352591003757e-15,0.10620544800259865,0.00026551362000649665,-0.005908912104097328
20070330,2008-03-31,2008,3,AP-tree + RM rolling TC-aware (stock-level TC),0.009943176093831003,2.886579864025407e-15,0.10053193472908417,0.0002513298368227104,0.009691846257008294
20070430,2008-04-30,2008,4,AP-tree + RM rolling TC-aware (stock-level TC),0.025078819758698315,2.609024107869118e-15,0.09524440743092664,0.00023811101857731663,0.024840708740121
20070531,2008-05-31,2008,5,AP-tree + RM rolling TC-aware (stock-level TC),0.029091053066846364,2.831068712794149e-15,0.10558846943645767,0.00026397117359114417,0.02882708189325522
20070629,2008-06-30,2008,6,AP-tree + RM rolling TC-aware (stock-level TC),-0.009364605200364952,2.6645352591003757e-15,0.10546812512784562,0.00026367031281961405,-0.009628275513184566
20070731,2008-07-31,2008,7,AP-tree + RM rolling TC-aware (stock-level TC),-0.034867339893317514,2.4424906541753444e-15,0.15642180290482022,0.00039105450726205056,-0.03525839440057957
20070831,2008-08-31,2008,8,AP-tree + RM rolling TC-aware (stock-level TC),0.0021107801600853708,0.0,0.11837602297905753,0.0002959400574476438,0.001814840102637727
20070928,2008-09-30,2008,9,AP-tree + RM rolling TC-aware (stock-level TC),0.027729738305061175,0.0,0.1201672588731948,0.000300418147182987,0.027429320157878186
20071031,2008-10-31,2008,10,AP-tree + RM rolling TC-aware (stock-level TC),0.014604167411758521,0.0,0.11724650368340334,0.00029311625920850834,0.014311051152550013
20071130,2008-11-30,2008,11,AP-tree + RM rolling TC-aware (stock-level TC),-0.054498256329829714,0.0,0.13802974992023165,0.00034507437480057915,-0.054843330704630294
20071231,2008-12-31,2008,12,AP-tree + RM rolling TC-aware (stock-level TC),-0.005924977969111391,1.9984014443252818e-15,0.14029389528904854,0.00035073473822262133,-0.006275712707334012
20080131,2009-01-31,2009,1,AP-tree + RM rolling TC-aware (stock-level TC),-0.04959063712343022,1.5543122344752192e-15,0.12398322810243557,0.00030995807025608897,-0.04990059519368631
20080229,2009-02-28,2009,2,AP-tree + RM rolling TC-aware (stock-level TC),-0.02189336771338403,0.0,0.1566767880882521,0.0003916919702206303,-0.02228505968360466
20080331,2009-03-31,2009,3,AP-tree + RM rolling TC-aware (stock-level TC),-0.009923529794390215,1.9984014443252818e-15,0.1445622198515477,0.0003614055496288693,-0.010284935344019084
20080430,2009-04-30,2009,4,AP-tree + RM rolling TC-aware (stock-level TC),0.02872374354054791,2.6645352591003757e-15,0.145508932777119,0.00036377233194279747,0.028359971208605114
20080530,2009-05-31,2009,5,AP-tree + RM rolling TC-aware (stock-level TC),0.019568403004368108,1.7763568394002505e-15,0.1398737099150555,0.0003496842747876387,0.019218718729580468
20080630,2009-06-30,2009,6,AP-tree + RM rolling TC-aware (stock-level TC),-0.07907610851114318,1.5543122344752192e-15,0.1348920999887118,0.0003372302499717795,-0.07941333876111495
20080731,2009-07-31,2009,7,AP-tree + RM rolling TC-aware (stock-level TC),0.006471502885195559,0.0,0.22063450128856038,0.000551586253221401,0.005919916631974158
20080829,2009-08-31,2009,8,AP-tree + RM rolling TC-aware (stock-level TC),0.015146991725778897,0.0,0.18406798686471687,0.0004601699671617922,0.014686821758617106
20080930,2009-09-30,2009,9,AP-tree + RM rolling TC-aware (stock-level TC),-0.08515991232755363,0.0,0.14114335320014454,0.00035285838300036135,-0.08551277071055399
20081031,2009-10-31,2009,10,AP-tree + RM rolling TC-aware (stock-level TC),-0.17531403177281485,0.0,0.20165140626694789,0.0005041285156673698,-0.1758181602884822
20081128,2009-11-30,2009,11,AP-tree + RM rolling TC-aware (stock-level TC),-0.09963819412315841,0.0,0.2601860053110765,0.0006504650132776913,-0.1002886591364361
20081231,2009-12-31,2009,12,AP-tree + RM rolling TC-aware (stock-level TC),0.023294108211252895,4.163336342344337e-15,0.24229691039587206,0.0006057422759896802,0.022688365935263216
20090130,2010-01-31,2010,1,AP-tree + RM rolling TC-aware (stock-level TC),-0.0641002539176739,5.773159728050814e-15,0.20229593371078852,0.0005057398342769713,-0.06460599375195088
20090227,2010-02-28,2010,2,AP-tree + RM rolling TC-aware (stock-level TC),-0.0961124785985109,3.9968028886505635e-15,0.20747974247127712,0.0005186993561781928,-0.09663117795468909
20090331,2010-03-31,2010,3,AP-tree + RM rolling TC-aware (stock-level TC),0.08463304499532925,3.9968028886505635e-15,0.20375986741265215,0.0005093996685316303,0.08412364532679763
20090430,2010-04-30,2010,4,AP-tree + RM rolling TC-aware (stock-level TC),0.1409783415585803,3.941291737419306e-15,0.1694753550372795,0.0004236883875931988,0.14055465317098711
20090529,2010-05-31,2010,5,AP-tree + RM rolling TC-aware (stock-level TC),0.07697375663120695,9.992007221626409e-15,0.21195492917170689,0.0005298873229292672,0.07644386930827768
20090630,2010-06-30,2010,6,AP-tree + RM rolling TC-aware (stock-level TC),0.013325409954455875,1.049160758270773e-14,0.1903539905089534,0.0004758849762723835,0.012849524978183492
20090731,2010-07-31,2010,7,AP-tree + RM rolling TC-aware (stock-level TC),0.0738589276604334,1.1546319456101628e-14,0.21910333195913112,0.0005477583298978278,0.07331116933053557
20090831,2010-08-31,2010,8,AP-tree + RM rolling TC-aware (stock-level TC),0.03805307418756042,1.1157741397482823e-14,0.1410168216494629,0.00035254205412365723,0.037700532133436764
20090930,2010-09-30,2010,9,AP-tree + RM rolling TC-aware (stock-level TC),0.04967588135004289,1.1102230246251565e-14,0.14602445609810755,0.00036506114024526887,0.04931082020979762
20091030,2010-10-31,2010,10,AP-tree + RM rolling TC-aware (stock-level TC),-0.036698879245342035,1.149080830487037e-14,0.1393138721258583,0.00034828468031464574,-0.037047163925656684
20091130,2010-11-30,2010,11,AP-tree + RM rolling TC-aware (stock-level TC),0.03241545273155164,1.354472090042691e-14,0.14370030560286667,0.0003592507640071667,0.032056201967544475
20091231,2010-12-31,2010,12,AP-tree + RM rolling TC-aware (stock-level TC),0.03559813922821086,1.0935696792557792e-14,0.1284530661607201,0.0003211326654018003,0.03527700656280906
20100129,2011-01-31,2011,1,AP-tree + RM rolling TC-aware (stock-level TC),-0.027353112227236447,1.2434497875801753e-14,0.11909836920375953,0.0002977459230093988,-0.027650858150245847
20100226,2011-02-28,2011,2,AP-tree + RM rolling TC-aware (stock-level TC),0.03407679852993248,1.1546319456101628e-14,0.11607970069051027,0.00029019925172627567,0.0337865992782062
20100331,2011-03-31,2011,3,AP-tree + RM rolling TC-aware (stock-level TC),0.0618569867245186,8.049116928532385e-15,0.10684527480109851,0.00026711318700274627,0.061589873537515855
20100430,2011-04-30,2011,4,AP-tree + RM rolling TC-aware (stock-level TC),0.03856722968737748,9.769962616701378e-15,0.12338395104638211,0.0003084598776159553,0.03825876980976153
20100528,2011-05-31,2011,5,AP-tree + RM rolling TC-aware (stock-level TC),-0.06927260228712512,8.826273045769994e-15,0.12434036570214162,0.00031085091425535403,-0.06958345320138047
20100630,2011-06-30,2011,6,AP-tree + RM rolling TC-aware (stock-level TC),-0.05383880548162953,7.382983113757291e-15,0.11318675540171146,0.00028296688850427867,-0.05412177237013381
20100730,2011-07-31,2011,7,AP-tree + RM rolling TC-aware (stock-level TC),0.05722362313872567,7.382983113757291e-15,0.14984760053414334,0.00037461900133535834,0.056849004137390316
20100831,2011-08-31,2011,8,AP-tree + RM rolling TC-aware (stock-level TC),-0.04858194950070767,6.439293542825908e-15,0.106562245858795,0.0002664056146469875,-0.04884835511535466
20100930,2011-09-30,2011,9,AP-tree + RM rolling TC-aware (stock-level TC),0.0849845577987885,8.992806499463768e-15,0.12421033363534267,0.0003105258340883567,0.08467403196470014
20101029,2011-10-31,2011,10,AP-tree + RM rolling TC-aware (stock-level TC),0.03783720614122997,9.603429163007604e-15,0.10758220399118171,0.00026895550997795426,0.03756825063125201
20101130,2011-11-30,2011,11,AP-tree + RM rolling TC-aware (stock-level TC),0.013510589415618765,8.1601392309949e-15,0.11356816250713254,0.0002839204062678314,0.013226669009350933
20101231,2011-12-31,2011,12,AP-tree + RM rolling TC-aware (stock-level TC),0.06814034688365428,8.659739592076221e-15,0.11722058690748083,0.0002930514672687021,0.06784729541638558
20110131,2012-01-31,2012,1,AP-tree + RM rolling TC-aware (stock-level TC),0.008486778590834711,7.93809462606987e-15,0.11485282736538274,0.00028713206841345687,0.008199646522421255
20110228,2012-02-29,2012,2,AP-tree + RM rolling TC-aware (stock-level TC),0.03820877731686188,3.3306690738754696e-15,0.10714391356829288,0.0002678597839207322,0.037940917532941154
20110331,2012-03-31,2012,3,AP-tree + RM rolling TC-aware (stock-level TC),0.0042377598633867196,0.0,0.10766746423090148,0.0002691686605772537,0.003968591202809466
20110429,2012-04-30,2012,4,AP-tree + RM rolling TC-aware (stock-level TC),0.021057455134515703,0.0,0.10718643211631554,0.00026796608029078884,0.020789489054224914
20110531,2012-05-31,2012,5,AP-tree + RM rolling TC-aware (stock-level TC),-0.019000248064232422,2.609024107869118e-15,0.095064519171053,0.00023766129792763253,-0.019237909362160056
20110630,2012-06-30,2012,6,AP-tree + RM rolling TC-aware (stock-level TC),-0.02026771647092076,1.5543122344752192e-15,0.10843698701525831,0.0002710924675381458,-0.020538808938458903
20110729,2012-07-31,2012,7,AP-tree + RM rolling TC-aware (stock-level TC),-0.02029907114250895,1.9984014443252818e-15,0.12818871974684282,0.00032047179936710703,-0.020619542941876057
20110831,2012-08-31,2012,8,AP-tree + RM rolling TC-aware (stock-level TC),-0.06517124538475742,2.1649348980190553e-15,0.10759837201580359,0.000268995930039509,-0.06544024131479693
20110930,2012-09-30,2012,9,AP-tree + RM rolling TC-aware (stock-level TC),-0.08552525760447947,4.6074255521944e-15,0.1317635067107804,0.000329408766776951,-0.08585466637125642
20111031,2012-10-31,2012,10,AP-tree + RM rolling TC-aware (stock-level TC),0.10715204225560934,4.440892098500626e-15,0.13886346007732514,0.00034715865019331284,0.10680488360541603
20111130,2012-11-30,2012,11,AP-tree + RM rolling TC-aware (stock-level TC),-0.009809649073893392,1.6653345369377348e-15,0.13044124667922233,0.00032610311669805585,-0.010135752190591447
20111230,2012-12-31,2012,12,AP-tree + RM rolling TC-aware (stock-level TC),0.004103142996859778,3.1086244689504383e-15,0.13003752685232522,0.0003250938171308131,0.0037780491797289647
20120131,2013-01-31,2013,1,AP-tree + RM rolling TC-aware (stock-level TC),0.0568328514053226,2.4980018054066022e-15,0.11773833557464453,0.0002943458389366113,0.05653850556638599
20120229,2013-02-28,2013,2,AP-tree + RM rolling TC-aware (stock-level TC),0.027013591584098426,3.164135620181696e-15,0.11833540753744995,0.0002958385188436249,0.026717753065254802
20120330,2013-03-31,2013,3,AP-tree + RM rolling TC-aware (stock-level TC),0.021395030413728575,2.6645352591003757e-15,0.10726875150529219,0.00026817187876323047,0.021126858534965345
20120430,2013-04-30,2013,4,AP-tree + RM rolling TC-aware (stock-level TC),-0.012672133729496967,1.9984014443252818e-15,0.11038173883756218,0.00027595434709390545,-0.012948088076590872
20120531,2013-05-31,2013,5,AP-tree + RM rolling TC-aware (stock-level TC),-0.05982010045959398,3.885780586188048e-15,0.10094206614847799,0.000252355165371195,-0.060072455624965174
20120629,2013-06-30,2013,6,AP-tree + RM rolling TC-aware (stock-level TC),0.0373988190791385,3.3306690738754696e-15,0.1348409307592391,0.00033710232689809777,0.0370617167522404
20120731,2013-07-31,2013,7,AP-tree + RM rolling TC-aware (stock-level TC),-0.0018245962955235617,4.163336342344337e-15,0.1547168337432544,0.000386792084358136,-0.0022113883798816976
20120831,2013-08-31,2013,8,AP-tree + RM rolling TC-aware (stock-level TC),0.024868464672034546,4.218847493575595e-15,0.10567843703873606,0.00026419609259684015,0.024604268579437705
20120928,2013-09-30,2013,9,AP-tree + RM rolling TC-aware (stock-level TC),0.029596516280889867,4.052314039881821e-15,0.09999134002303191,0.00024997835005757975,0.02934653793083229
20121031,2013-10-31,2013,10,AP-tree + RM rolling TC-aware (stock-level TC),-0.016615432720128716,6.217248937900877e-15,0.09297310447860564,0.0002324327611965141,-0.01684786548132523
20121130,2013-11-30,2013,11,AP-tree + RM rolling TC-aware (stock-level TC),0.005240580825248469,7.993605777301127e-15,0.10610919138653804,0.0002652729784663451,0.0049753078467821244
20121231,2013-12-31,2013,12,AP-tree + RM rolling TC-aware (stock-level TC),0.021083723909918514,5.995204332975845e-15,0.10616237488604169,0.0002654059372151042,0.02081831797270341
20130131,2014-01-31,2014,1,AP-tree + RM rolling TC-aware (stock-level TC),0.04760909237915079,7.105427357601002e-15,0.09341962716206866,0.00023354906790517163,0.04737554331124562
20130228,2014-02-28,2014,2,AP-tree + RM rolling TC-aware (stock-level TC),0.005924034189829002,7.105427357601002e-15,0.10020661454709077,0.0002505165363677269,0.005673517653461275
20130328,2014-03-31,2014,3,AP-tree + RM rolling TC-aware (stock-level TC),0.0355565440180783,7.105427357601002e-15,0.09827041468715708,0.00024567603671789273,0.035310867981360405
20130430,2014-04-30,2014,4,AP-tree + RM rolling TC-aware (stock-level TC),0.008075479125689523,6.8833827526759706e-15,0.1002551441790199,0.00025063786044754975,0.007824841265241973
20130531,2014-05-31,2014,5,AP-tree + RM rolling TC-aware (stock-level TC),0.027812912521654326,7.771561172376096e-15,0.11043040778462004,0.0002760760194615501,0.027536836502192776
20130628,2014-06-30,2014,6,AP-tree + RM rolling TC-aware (stock-level TC),-0.007887223451587861,5.162537064506978e-15,0.1071506452152319,0.0002678766130380798,-0.008155100064625942
20130731,2014-07-31,2014,7,AP-tree + RM rolling TC-aware (stock-level TC),0.052901494955275394,4.6629367034256575e-15,0.13638203481062056,0.0003409550870265514,0.052560539868248844
20130830,2014-08-31,2014,8,AP-tree + RM rolling TC-aware (stock-level TC),-0.02011608198734327,3.774758283725532e-15,0.09869010798640301,0.00024672526996600755,-0.020362807257309278
20130930,2014-09-30,2014,9,AP-tree + RM rolling TC-aware (stock-level TC),0.042815356846690425,3.3861802251067274e-15,0.107596070751343,0.00026899017687835754,0.04254636666981207
20131031,2014-10-31,2014,10,AP-tree + RM rolling TC-aware (stock-level TC),0.029741634170230916,3.7192471324942744e-15,0.09661989616706856,0.0002415497404176714,0.029500084429813243
20131129,2014-11-30,2014,11,AP-tree + RM rolling TC-aware (stock-level TC),0.03171234924697002,2.6645352591003757e-15,0.10587437033225848,0.0002646859258306462,0.03144766332113937
20131231,2014-12-31,2014,12,AP-tree + RM rolling TC-aware (stock-level TC),0.02093225253477965,2.6645352591003757e-15,0.10646032917620094,0.00026615082294050236,0.020666101711839146
20140131,2015-01-31,2015,1,AP-tree + RM rolling TC-aware (stock-level TC),-0.01735119961866939,3.0531133177191805e-15,0.09913816021994079,0.000247845400549852,-0.017599045019219245
20140228,2015-02-28,2015,2,AP-tree + RM rolling TC-aware (stock-level TC),0.03595247980978213,1.609823385706477e-15,0.12436220254346558,0.000310905506358664,0.03564157430342347
20140331,2015-03-31,2015,3,AP-tree + RM rolling TC-aware (stock-level TC),0.0054163425978573845,1.3877787807814457e-15,0.0958398410137351,0.00023959960253433778,0.005176742995323047
20140430,2015-04-30,2015,4,AP-tree + RM rolling TC-aware (stock-level TC),-0.011976150059867121,1.4988010832439613e-15,0.10826984545773384,0.0002706746136443346,-0.012246824673511457
20140530,2015-05-31,2015,5,AP-tree + RM rolling TC-aware (stock-level TC),0.005676558083487557,1.942890293094024e-15,0.10160742083889904,0.0002540185520972476,0.00542253953139031
20140630,2015-06-30,2015,6,AP-tree + RM rolling TC-aware (stock-level TC),0.03298165250258581,1.942890293094024e-15,0.09288648747635828,0.0002322162186908957,0.032749436283894914
20140731,2015-07-31,2015,7,AP-tree + RM rolling TC-aware (stock-level TC),-0.02638149256795207,1.9984014443252818e-15,0.1328490435686004,0.00033212260892150097,-0.02671361517687357
20140829,2015-08-31,2015,8,AP-tree + RM rolling TC-aware (stock-level TC),0.033648355480622505,1.9984014443252818e-15,0.0920245970828397,0.00023006149270709923,0.033418293987915404
20140930,2015-09-30,2015,9,AP-tree + RM rolling TC-aware (stock-level TC),-0.03766133670283653,1.7763568394002505e-15,0.09936125632775922,0.00024840314081939804,-0.03790973984365593
20141031,2015-10-31,2015,10,AP-tree + RM rolling TC-aware (stock-level TC),0.02303331602544137,2.1649348980190553e-15,0.10249227149299009,0.0002562306787324752,0.022777085346708893
20141128,2015-11-30,2015,11,AP-tree + RM rolling TC-aware (stock-level TC),0.0037795513545282808,2.3314683517128287e-15,0.13287556264250222,0.00033218890660625553,0.0034473624479220252
20141231,2015-12-31,2015,12,AP-tree + RM rolling TC-aware (stock-level TC),0.00582052647939044,1.5543122344752192e-15,0.10124085881971127,0.0002531021470492782,0.005567424332341162
20150130,2016-01-31,2016,1,AP-tree + RM rolling TC-aware (stock-level TC),-0.030102147501770708,0.0,0.11712761950726668,0.0002928190487681667,-0.030394966550538874
20150227,2016-02-29,2016,2,AP-tree + RM rolling TC-aware (stock-level TC),0.051038909974577475,1.4988010832439613e-15,0.12260236609996894,0.00030650591524992234,0.05073240405932755
20150331,2016-03-31,2016,3,AP-tree + RM rolling TC-aware (stock-level TC),-0.008375897288051529,0.0,0.09734306493761485,0.00024335766234403713,-0.008619254950395566
20150430,2016-04-30,2016,4,AP-tree + RM rolling TC-aware (stock-level TC),0.007285673587030323,0.0,0.09250431705117651,0.0002312607926279413,0.007054412794402382
20150529,2016-05-31,2016,5,AP-tree + RM rolling TC-aware (stock-level TC),0.0026044497868168938,0.0,0.10027976905420796,0.0002506994226355199,0.002353750364181374
20150630,2016-06-30,2016,6,AP-tree + RM rolling TC-aware (stock-level TC),-0.008080695267239063,0.0,0.09603120263116982,0.00024007800657792455,-0.008320773273816988
20150731,2016-07-31,2016,7,AP-tree + RM rolling TC-aware (stock-level TC),-0.012964990315824074,0.0,0.1666562588060378,0.0004166406470150945,-0.013381630962839168
20150831,2016-08-31,2016,8,AP-tree + RM rolling TC-aware (stock-level TC),-0.047333437479002316,0.0,0.12460071069059273,0.0003115017767264818,-0.047644939255728797
20150930,2016-09-30,2016,9,AP-tree + RM rolling TC-aware (stock-level TC),-0.03837103409013601,1.609823385706477e-15,0.10743978658358147,0.00026859946645895366,-0.038639633556594964
20151030,2016-10-31,2016,10,AP-tree + RM rolling TC-aware (stock-level TC),0.06294657068203229,0.0,0.12721607795966516,0.0003180401948991629,0.06262853048713313
20151130,2016-11-30,2016,11,AP-tree + RM rolling TC-aware (stock-level TC),0.01047138705285597,2.4424906541753444e-15,0.1196774977097276,0.000299193744274319,0.010172193308581651
20151231,2016-12-31,2016,12,AP-tree + RM rolling TC-aware (stock-level TC),-0.029088627779713487,2.220446049250313e-15,0.12276114712052552,0.0003069028678013138,-0.029395530647514802
