date,date_dt,yy,mm,method,gross_ret,sdf_ret,turnover_raw,turnover,cost,net_ret
19930129,1994-01-31,1994,1,AP-tree + RM AP-pruning (static + stock-level TC),0.01865286054280692,0.3631177206113744,0.9416686572055943,0.9416686572055943,0.0023541716430139858,0.016298688899792937
19930226,1994-02-28,1994,2,AP-tree + RM AP-pruning (static + stock-level TC),0.030262534795734923,0.5891247956167934,0.3453415332505456,0.3453415332505456,0.0008633538331263641,0.02939918096260856
19930331,1994-03-31,1994,3,AP-tree + RM AP-pruning (static + stock-level TC),0.029983242449696898,0.5836877743167742,0.32380741937152663,0.32380741937152663,0.0008095185484288166,0.02917372390126808
19930430,1994-04-30,1994,4,AP-tree + RM AP-pruning (static + stock-level TC),0.012072162090437155,0.2350103873382055,0.34708113739386914,0.34708113739386914,0.0008677028434846729,0.011204459246952483
19930528,1994-05-31,1994,5,AP-tree + RM AP-pruning (static + stock-level TC),0.00850294369553982,0.16552793745096278,0.32687325980594173,0.32687325980594173,0.0008171831495148544,0.007685760546024966
19930630,1994-06-30,1994,6,AP-tree + RM AP-pruning (static + stock-level TC),0.006140326349257612,0.11953455088754245,0.2961903611807716,0.2961903611807716,0.0007404759029519289,0.005399850446305683
19930730,1994-07-31,1994,7,AP-tree + RM AP-pruning (static + stock-level TC),0.00620341721789453,0.1207627492305394,1.0085498672937332,1.0085498672937332,0.002521374668234333,0.0036820425496601967
19930831,1994-08-31,1994,8,AP-tree + RM AP-pruning (static + stock-level TC),0.006863034827335482,0.13360361308976607,0.27955986634566266,0.27955986634566266,0.0006988996658641567,0.006164135161471325
19930930,1994-09-30,1994,9,AP-tree + RM AP-pruning (static + stock-level TC),-0.002494924137819511,-0.04856902049657369,0.29510655031757843,0.29510655031757843,0.0007377663757939461,-0.003232690513613457
19931029,1994-10-31,1994,10,AP-tree + RM AP-pruning (static + stock-level TC),0.00958138490711601,0.18652209615719556,0.31299793679432586,0.31299793679432586,0.0007824948419858146,0.008798890065130197
19931130,1994-11-30,1994,11,AP-tree + RM AP-pruning (static + stock-level TC),0.016881083018318907,0.3286262915543632,0.3084270329299896,0.3084270329299896,0.000771067582324974,0.016110015435993934
19931231,1994-12-31,1994,12,AP-tree + RM AP-pruning (static + stock-level TC),0.005668011383869704,0.1103399325474383,0.3011943241857582,0.3011943241857582,0.0007529858104643955,0.004915025573405308
19940131,1995-01-31,1995,1,AP-tree + RM AP-pruning (static + stock-level TC),0.022825737819987972,0.4443516783629808,0.3217721383491395,0.3217721383491395,0.0008044303458728487,0.022021307474115123
19940228,1995-02-28,1995,2,AP-tree + RM AP-pruning (static + stock-level TC),0.01633362096813635,0.3179687749055198,0.34089325396413606,0.34089325396413606,0.0008522331349103402,0.015481387833226008
19940331,1995-03-31,1995,3,AP-tree + RM AP-pruning (static + stock-level TC),0.012231118193175107,0.23810480696199524,0.287587748390556,0.287587748390556,0.00071896937097639,0.011512148822198717
19940429,1995-04-30,1995,4,AP-tree + RM AP-pruning (static + stock-level TC),0.00883321622964113,0.17195739686219816,0.31533209791602534,0.31533209791602534,0.0007883302447900634,0.008044885984851067
19940531,1995-05-31,1995,5,AP-tree + RM AP-pruning (static + stock-level TC),0.01280489372845472,0.24927457172998668,0.2846845191514234,0.2846845191514234,0.0007117112978785585,0.01209318243057616
19940630,1995-06-30,1995,6,AP-tree + RM AP-pruning (static + stock-level TC),0.009278142313031618,0.18061883218845984,0.28290776766811304,0.28290776766811304,0.0007072694191702826,0.008570872893861336
19940729,1995-07-31,1995,7,AP-tree + RM AP-pruning (static + stock-level TC),0.011208227500968036,0.21819205761524377,1.0050713029297556,1.0050713029297556,0.0025126782573243888,0.008695549243643647
19940831,1995-08-31,1995,8,AP-tree + RM AP-pruning (static + stock-level TC),0.0051072204055834895,0.09942293987988521,0.2892730970746936,0.2892730970746936,0.0007231827426867341,0.004384037662896755
19940930,1995-09-30,1995,9,AP-tree + RM AP-pruning (static + stock-level TC),0.002816578922429782,0.05483071703064579,0.2948428672800164,0.2948428672800164,0.000737107168200041,0.002079471754229741
19941031,1995-10-31,1995,10,AP-tree + RM AP-pruning (static + stock-level TC),0.009753875407566349,0.18987999170393496,0.30621900622315656,0.30621900622315656,0.0007655475155578914,0.008988327892008457
19941130,1995-11-30,1995,11,AP-tree + RM AP-pruning (static + stock-level TC),0.0002578360133721306,0.0050193280141858174,0.28917044871921427,0.28917044871921427,0.0007229261217980357,-0.00046509010842590506
19941230,1995-12-31,1995,12,AP-tree + RM AP-pruning (static + stock-level TC),0.023982860809196406,0.4668775457142177,0.3088397291825309,0.3088397291825309,0.0007720993229563272,0.02321076148624008
19950131,1996-01-31,1996,1,AP-tree + RM AP-pruning (static + stock-level TC),-0.001535547322282836,-0.029892704246548565,0.30738224699772654,0.30738224699772654,0.0007684556174943163,-0.0023040029397771522
19950228,1996-02-29,1996,2,AP-tree + RM AP-pruning (static + stock-level TC),0.012991365761272182,0.2529046476295548,0.3238654002513665,0.3238654002513665,0.0008096635006284163,0.012181702260643766
19950331,1996-03-31,1996,3,AP-tree + RM AP-pruning (static + stock-level TC),0.013282594447556086,0.25857403525497386,0.30432005018186625,0.30432005018186625,0.0007608001254546656,0.012521794322101421
19950428,1996-04-30,1996,4,AP-tree + RM AP-pruning (static + stock-level TC),0.0035836970969109973,0.06976430870779989,0.3228678846007717,0.3228678846007717,0.0008071697115019293,0.002776527385409068
19950531,1996-05-31,1996,5,AP-tree + RM AP-pruning (static + stock-level TC),0.0005978307062617996,0.011638049985474533,0.30990024160525786,0.30990024160525786,0.0007747506040131447,-0.00017691989775134504
19950630,1996-06-30,1996,6,AP-tree + RM AP-pruning (static + stock-level TC),-0.0037760861505477844,-0.07350957203976155,0.32814317179590924,0.32814317179590924,0.0008203579294897731,-0.004596444080037557
19950731,1996-07-31,1996,7,AP-tree + RM AP-pruning (static + stock-level TC),0.007012208292290582,0.13650759280086117,1.0824521879305162,1.0824521879305162,0.0027061304698262905,0.004306077822464291
19950831,1996-08-31,1996,8,AP-tree + RM AP-pruning (static + stock-level TC),-0.008880296424724253,-0.17287391329061894,0.3141887124860004,0.3141887124860004,0.0007854717812150009,-0.009665768205939253
19950929,1996-09-30,1996,9,AP-tree + RM AP-pruning (static + stock-level TC),0.013967313511806795,0.27190355247831205,0.3342689074311822,0.3342689074311822,0.0008356722685779555,0.01313164124322884
19951031,1996-10-31,1996,10,AP-tree + RM AP-pruning (static + stock-level TC),0.008602484806482548,0.16746571751583264,0.30032932512608174,0.30032932512608174,0.0007508233128152044,0.007851661493667344
19951130,1996-11-30,1996,11,AP-tree + RM AP-pruning (static + stock-level TC),-0.010075515514726399,-0.19614140251012868,0.329350336985976,0.329350336985976,0.00082337584246494,-0.010898891357191338
19951229,1996-12-31,1996,12,AP-tree + RM AP-pruning (static + stock-level TC),0.003607227112137187,0.07022237064823394,0.31678760150886054,0.31678760150886054,0.0007919690037721513,0.0028152581083650354
19960131,1997-01-31,1997,1,AP-tree + RM AP-pruning (static + stock-level TC),0.01605546688893259,0.31255391239757185,0.33780922858095247,0.33780922858095247,0.0008445230714523811,0.01521094381748021
19960229,1997-02-28,1997,2,AP-tree + RM AP-pruning (static + stock-level TC),-0.005842162032371547,-0.11373014641741594,0.3638342406413532,0.3638342406413532,0.0009095856016033831,-0.0067517476339749305
19960329,1997-03-31,1997,3,AP-tree + RM AP-pruning (static + stock-level TC),0.017723139224118903,0.3450187118683976,0.31014959284353816,0.31014959284353816,0.0007753739821088454,0.016947765242010058
19960430,1997-04-30,1997,4,AP-tree + RM AP-pruning (static + stock-level TC),-0.008752227194177125,-0.17038077252167338,0.3492323144985916,0.3492323144985916,0.000873080786246479,-0.009625307980423605
19960531,1997-05-31,1997,5,AP-tree + RM AP-pruning (static + stock-level TC),0.020099865588299164,0.39128676056245726,0.32824152036626375,0.32824152036626375,0.0008206038009156594,0.019279261787383505
19960628,1997-06-30,1997,6,AP-tree + RM AP-pruning (static + stock-level TC),0.02244608329832249,0.43696089322251436,0.32974076487523707,0.32974076487523707,0.0008243519121880927,0.021621731386134397
19960731,1997-07-31,1997,7,AP-tree + RM AP-pruning (static + stock-level TC),0.014899156087617368,0.29004385601622973,1.0313024129430142,1.0313024129430142,0.0025782560323575356,0.012320900055259832
19960830,1997-08-31,1997,8,AP-tree + RM AP-pruning (static + stock-level TC),0.019622480407745214,0.3819934396684001,0.35447571956889506,0.35447571956889506,0.0008861892989222377,0.018736291108822977
19960930,1997-09-30,1997,9,AP-tree + RM AP-pruning (static + stock-level TC),0.015315980579922417,0.298158233925905,0.3001961322213369,0.3001961322213369,0.0007504903305533422,0.014565490249369074
19961031,1997-10-31,1997,10,AP-tree + RM AP-pruning (static + stock-level TC),0.015819350205601164,0.3079573974741442,0.2933132068534682,0.2933132068534682,0.0007332830171336705,0.015086067188467493
19961129,1997-11-30,1997,11,AP-tree + RM AP-pruning (static + stock-level TC),0.01707938784131518,0.33248671795638324,0.3212960512785444,0.3212960512785444,0.000803240128196361,0.01627614771311882
19961231,1997-12-31,1997,12,AP-tree + RM AP-pruning (static + stock-level TC),-0.008942936359295302,-0.17409333324009452,0.2737949377212009,0.2737949377212009,0.0006844873443030022,-0.009627423703598304
19970131,1998-01-31,1998,1,AP-tree + RM AP-pruning (static + stock-level TC),0.007764337668610749,0.15114939554781587,0.31941060036528246,0.31941060036528246,0.0007985265009132061,0.006965811167697543
19970228,1998-02-28,1998,2,AP-tree + RM AP-pruning (static + stock-level TC),0.019461381781258908,0.37885731124943295,0.32934792018841896,0.32934792018841896,0.0008233698004710474,0.01863801198078786
19970331,1998-03-31,1998,3,AP-tree + RM AP-pruning (static + stock-level TC),0.008927852634793938,0.17379969636618464,0.3096462066237148,0.3096462066237148,0.000774115516559287,0.00815373711823465
19970430,1998-04-30,1998,4,AP-tree + RM AP-pruning (static + stock-level TC),0.008479128538499388,0.16506432461685208,0.32246019381472685,0.32246019381472685,0.0008061504845368172,0.007672978053962571
19970530,1998-05-31,1998,5,AP-tree + RM AP-pruning (static + stock-level TC),-0.004642051901176693,-0.0903674426475567,0.29737490481797774,0.29737490481797774,0.0007434372620449443,-0.005385489163221637
19970630,1998-06-30,1998,6,AP-tree + RM AP-pruning (static + stock-level TC),0.016552688296359183,0.32223338776219895,0.3096099534208931,0.3096099534208931,0.0007740248835522328,0.01577866341280695
19970731,1998-07-31,1998,7,AP-tree + RM AP-pruning (static + stock-level TC),0.016554788836673082,0.3222742792602663,0.9976165364924996,0.9976165364924996,0.002494041341231249,0.014060747495441834
19970829,1998-08-31,1998,8,AP-tree + RM AP-pruning (static + stock-level TC),-0.005569029928194863,-0.1084130473662105,0.3397958249493221,0.3397958249493221,0.0008494895623733052,-0.006418519490568168
19970930,1998-09-30,1998,9,AP-tree + RM AP-pruning (static + stock-level TC),-0.0002908148291224011,-0.005661331012933299,0.3373829429609325,0.3373829429609325,0.0008434573574023313,-0.0011342721865247323
19971031,1998-10-31,1998,10,AP-tree + RM AP-pruning (static + stock-level TC),0.007460786908814466,0.1452401324761213,0.3361409658188026,0.3361409658188026,0.0008403524145470065,0.00662043449426746
19971128,1998-11-30,1998,11,AP-tree + RM AP-pruning (static + stock-level TC),0.021366596063715187,0.4159463714466124,0.3276459165289165,0.3276459165289165,0.0008191147913222912,0.020547481272392896
19971231,1998-12-31,1998,12,AP-tree + RM AP-pruning (static + stock-level TC),-0.0011331002068509922,-0.02205821264742548,0.2821688283318662,0.2821688283318662,0.0007054220708296655,-0.0018385222776806578
19980130,1999-01-31,1999,1,AP-tree + RM AP-pruning (static + stock-level TC),0.027501263953801546,0.5353707683558023,0.3411702057274332,0.3411702057274332,0.000852925514318583,0.026648338439482964
19980227,1999-02-28,1999,2,AP-tree + RM AP-pruning (static + stock-level TC),0.01708790990361412,0.3326526180782328,0.32787353631316235,0.32787353631316235,0.0008196838407829058,0.016268226062831213
19980331,1999-03-31,1999,3,AP-tree + RM AP-pruning (static + stock-level TC),0.0028966748404027787,0.056389954934016384,0.3330399791178868,0.3330399791178868,0.000832599947794717,0.0020640748926080616
19980430,1999-04-30,1999,4,AP-tree + RM AP-pruning (static + stock-level TC),0.009722587045804594,0.18927089699813804,0.32894841252169305,0.32894841252169305,0.0008223710313042327,0.008900216014500362
19980529,1999-05-31,1999,5,AP-tree + RM AP-pruning (static + stock-level TC),0.00799583645423238,0.15565601324145653,0.3202347052552215,0.3202347052552215,0.0008005867631380538,0.007195249691094327
19980630,1999-06-30,1999,6,AP-tree + RM AP-pruning (static + stock-level TC),0.010644925282357548,0.20722617829781925,0.31287793520117974,0.31287793520117974,0.0007821948380029493,0.009862730444354598
19980731,1999-07-31,1999,7,AP-tree + RM AP-pruning (static + stock-level TC),0.008732321262988063,0.1699932611078915,1.0157023829438117,1.0157023829438117,0.002539255957359529,0.006193065305628534
19980831,1999-08-31,1999,8,AP-tree + RM AP-pruning (static + stock-level TC),0.008021523629228634,0.15615606889845235,0.34768604299288025,0.34768604299288025,0.0008692151074822007,0.007152308521746433
19980930,1999-09-30,1999,9,AP-tree + RM AP-pruning (static + stock-level TC),-0.010659133999880709,-0.2075027812943399,0.4043167482563068,0.4043167482563068,0.001010791870640767,-0.011669925870521475
19981030,1999-10-31,1999,10,AP-tree + RM AP-pruning (static + stock-level TC),0.007912817204204586,0.1540398664436088,0.36453832383218043,0.36453832383218043,0.0009113458095804511,0.007001471394624135
19981130,1999-11-30,1999,11,AP-tree + RM AP-pruning (static + stock-level TC),0.01292368302194915,0.25158705872830767,0.341502791327715,0.341502791327715,0.0008537569783192875,0.012069926043629862
19981231,1999-12-31,1999,12,AP-tree + RM AP-pruning (static + stock-level TC),0.014415082186966898,0.28062032491716515,0.3523270996348245,0.3523270996348245,0.0008808177490870613,0.013534264437879837
19990129,2000-01-31,2000,1,AP-tree + RM AP-pruning (static + stock-level TC),-0.006683675407266436,-0.1301119993699194,0.3648343977727918,0.3648343977727918,0.0009120859944319796,-0.007595761401698415
19990226,2000-02-29,2000,2,AP-tree + RM AP-pruning (static + stock-level TC),0.015065248987698327,0.293277208624465,0.3936490617814081,0.3936490617814081,0.0009841226544535203,0.014081126333244808
19990331,2000-03-31,2000,3,AP-tree + RM AP-pruning (static + stock-level TC),0.00739302629560706,0.14392102759359482,0.3306449921800512,0.3306449921800512,0.000826612480450128,0.006566413815156932
19990430,2000-04-30,2000,4,AP-tree + RM AP-pruning (static + stock-level TC),0.011578439763127273,0.22539902903226236,0.3602533730729143,0.3602533730729143,0.0009006334326822857,0.010677806330444987
19990528,2000-05-31,2000,5,AP-tree + RM AP-pruning (static + stock-level TC),0.012878451371416438,0.25070652816286243,0.3607132852783893,0.3607132852783893,0.0009017832131959733,0.011976668158220466
19990630,2000-06-30,2000,6,AP-tree + RM AP-pruning (static + stock-level TC),0.010814052795550245,0.21051860612368894,0.3362206154584868,0.3362206154584868,0.0008405515386462171,0.009973501256904029
19990730,2000-07-31,2000,7,AP-tree + RM AP-pruning (static + stock-level TC),0.012082685931043247,0.23521525634498297,1.0201850034421662,1.0201850034421662,0.0025504625086054155,0.00953222342243783
19990831,2000-08-31,2000,8,AP-tree + RM AP-pruning (static + stock-level TC),-0.0036395940056022638,-0.07085246127435196,0.3406845086925069,0.3406845086925069,0.0008517112717312673,-0.004491305277333531
19990930,2000-09-30,2000,9,AP-tree + RM AP-pruning (static + stock-level TC),0.0009918539544241688,0.019308553038465178,0.367993313736747,0.367993313736747,0.0009199832843418675,7.18706700823013e-05
19991029,2000-10-31,2000,10,AP-tree + RM AP-pruning (static + stock-level TC),0.011787631892134696,0.22947140007051095,0.35560903143651534,0.35560903143651534,0.0008890225785912883,0.010898609313543407
19991130,2000-11-30,2000,11,AP-tree + RM AP-pruning (static + stock-level TC),-0.01846926666201672,-0.3595436740806701,0.34963451782487537,0.34963451782487537,0.0008740862945621885,-0.019343352956578908
19991231,2000-12-31,2000,12,AP-tree + RM AP-pruning (static + stock-level TC),-0.030775001967326285,-0.5991010623030403,0.42897472106813905,0.42897472106813905,0.0010724368026703477,-0.031847438769996635
20000131,2001-01-31,2001,1,AP-tree + RM AP-pruning (static + stock-level TC),0.00012347457639397957,0.0024036960245718483,0.40815993095746905,0.40815993095746905,0.0010203998273936726,-0.0008969252509996931
20000229,2001-02-28,2001,2,AP-tree + RM AP-pruning (static + stock-level TC),0.01089483594788487,0.21209122250991191,0.41453783476353645,0.41453783476353645,0.0010363445869088412,0.009858491360976029
20000331,2001-03-31,2001,3,AP-tree + RM AP-pruning (static + stock-level TC),0.033886782645128136,0.6596785112242282,0.4809013351533547,0.4809013351533547,0.0012022533378833868,0.03268452930724475
20000428,2001-04-30,2001,4,AP-tree + RM AP-pruning (static + stock-level TC),0.028610412228032168,0.556962705540685,0.41990733653873213,0.41990733653873213,0.0010497683413468303,0.02756064388668534
20000531,2001-05-31,2001,5,AP-tree + RM AP-pruning (static + stock-level TC),0.007824492068415565,0.15232042926094214,0.42296196272577674,0.42296196272577674,0.001057404906814442,0.006767087161601124
20000630,2001-06-30,2001,6,AP-tree + RM AP-pruning (static + stock-level TC),0.006979397961654241,0.13586886972426743,0.37847984304867793,0.37847984304867793,0.0009461996076216948,0.0060331983540325455
20000731,2001-07-31,2001,7,AP-tree + RM AP-pruning (static + stock-level TC),0.013959427669832951,0.27175003774227074,1.0287151407390067,1.0287151407390067,0.002571787851847517,0.011387639817985434
20000831,2001-08-31,2001,8,AP-tree + RM AP-pruning (static + stock-level TC),0.0024719682227473203,0.0481221346403035,0.33293881460041563,0.33293881460041563,0.000832347036501039,0.0016396211862462814
20000929,2001-09-30,2001,9,AP-tree + RM AP-pruning (static + stock-level TC),0.0072942358045102445,0.14199785994524242,0.35658979369182264,0.35658979369182264,0.0008914744842295566,0.006402761320280688
20001031,2001-10-31,2001,10,AP-tree + RM AP-pruning (static + stock-level TC),0.012579348427183046,0.24488385130914703,0.3750825941256717,0.3750825941256717,0.0009377064853141792,0.011641641941868867
20001130,2001-11-30,2001,11,AP-tree + RM AP-pruning (static + stock-level TC),0.025552827767339442,0.4974403015965005,0.3560588430938941,0.3560588430938941,0.0008901471077347352,0.024662680659604707
20001229,2001-12-31,2001,12,AP-tree + RM AP-pruning (static + stock-level TC),0.009587241766281781,0.18663611241466635,0.40322926408299675,0.40322926408299675,0.001008073160207492,0.00857916860607429
20010131,2002-01-31,2002,1,AP-tree + RM AP-pruning (static + stock-level TC),-0.00020180005111730096,-0.003928468473390838,0.4085041065379353,0.4085041065379353,0.0010212602663448383,-0.0012230603174621392
20010228,2002-02-28,2002,2,AP-tree + RM AP-pruning (static + stock-level TC),0.03500700445878016,0.6814860184759417,0.47303746709955197,0.47303746709955197,0.0011825936677488799,0.03382441079103128
20010330,2002-03-31,2002,3,AP-tree + RM AP-pruning (static + stock-level TC),0.008949033077242851,0.17421201886041765,0.3938144228194236,0.3938144228194236,0.000984536057048559,0.007964497020194292
20010430,2002-04-30,2002,4,AP-tree + RM AP-pruning (static + stock-level TC),-0.0018436408919809343,-0.03589040280367081,0.3568070216689736,0.3568070216689736,0.000892017554172434,-0.0027356584461533683
20010531,2002-05-31,2002,5,AP-tree + RM AP-pruning (static + stock-level TC),0.030618318484193833,0.5960508840678077,0.33954024043521397,0.33954024043521397,0.000848850601088035,0.029769467883105798
20010629,2002-06-30,2002,6,AP-tree + RM AP-pruning (static + stock-level TC),-0.0068714670101759365,-0.1337677635162262,0.3719300182699843,0.3719300182699843,0.0009298250456749608,-0.007801292055850897
20010731,2002-07-31,2002,7,AP-tree + RM AP-pruning (static + stock-level TC),0.027380940689243558,0.5330284193384737,1.0203923539031912,1.0203923539031912,0.002550980884757978,0.02482995980448558
20010831,2002-08-31,2002,8,AP-tree + RM AP-pruning (static + stock-level TC),0.021356650333806352,0.41575275659777866,0.34326165809488607,0.34326165809488607,0.0008581541452372152,0.020498496188569137
20010928,2002-09-30,2002,9,AP-tree + RM AP-pruning (static + stock-level TC),0.017986474738873787,0.3501450994084947,0.3352094307922028,0.3352094307922028,0.000838023576980507,0.01714845116189328
20011031,2002-10-31,2002,10,AP-tree + RM AP-pruning (static + stock-level TC),-0.025467178510166857,-0.4957729560992673,0.3700821007470278,0.3700821007470278,0.0009252052518675695,-0.026392383762034427
20011130,2002-11-30,2002,11,AP-tree + RM AP-pruning (static + stock-level TC),-0.012965243941688326,-0.25239613068848055,0.35942391864188117,0.35942391864188117,0.0008985597966047029,-0.013863803738293028
20011231,2002-12-31,2002,12,AP-tree + RM AP-pruning (static + stock-level TC),-0.01334839272184272,-0.25985493902436035,0.3551255957021529,0.3551255957021529,0.0008878139892553822,-0.014236206711098102
20020131,2003-01-31,2003,1,AP-tree + RM AP-pruning (static + stock-level TC),0.031937327091952177,0.6217282003173348,0.3223751179991493,0.3223751179991493,0.0008059377949978733,0.031131389296954304
20020228,2003-02-28,2003,2,AP-tree + RM AP-pruning (static + stock-level TC),0.029646349595617832,0.5771294362547533,0.3605228999085812,0.3605228999085812,0.000901307249771453,0.028745042345846378
20020328,2003-03-31,2003,3,AP-tree + RM AP-pruning (static + stock-level TC),0.0010187006476326248,0.01983118119093732,0.3330189850953433,0.3330189850953433,0.0008325474627383583,0.00018615318489426656
20020430,2003-04-30,2003,4,AP-tree + RM AP-pruning (static + stock-level TC),0.04463155810588718,0.8688484862443023,0.3191225457906769,0.3191225457906769,0.0007978063644766923,0.04383375174141049
20020531,2003-05-31,2003,5,AP-tree + RM AP-pruning (static + stock-level TC),0.019817731480987814,0.38579441831722827,0.33606071859359665,0.33606071859359665,0.0008401517964839916,0.018977579684503823
20020628,2003-06-30,2003,6,AP-tree + RM AP-pruning (static + stock-level TC),0.0029539721455366496,0.05750536920463916,0.32507416393801386,0.32507416393801386,0.0008126854098450347,0.002141286735691615
20020731,2003-07-31,2003,7,AP-tree + RM AP-pruning (static + stock-level TC),0.004003693783068185,0.07794044013770751,1.0892434041139678,1.0892434041139678,0.0027231085102849195,0.0012805852727832655
20020830,2003-08-31,2003,8,AP-tree + RM AP-pruning (static + stock-level TC),-0.0013043404681436707,-0.02539176962196009,0.33767231129600633,0.33767231129600633,0.0008441807782400159,-0.0021485212463836865
20020930,2003-09-30,2003,9,AP-tree + RM AP-pruning (static + stock-level TC),-0.001518893682186685,-0.029568505616653785,0.31731850442266074,0.31731850442266074,0.0007932962610566519,-0.002312189943243337
20021031,2003-10-31,2003,10,AP-tree + RM AP-pruning (static + stock-level TC),0.00020854289748995771,0.004059732361825198,0.36286625200003997,0.36286625200003997,0.0009071656300001,-0.0006986227325101423
20021129,2003-11-30,2003,11,AP-tree + RM AP-pruning (static + stock-level TC),0.001413052503728397,0.027508081298335808,0.3401801743856958,0.3401801743856958,0.0008504504359642395,0.0005626020677641575
20021231,2003-12-31,2003,12,AP-tree + RM AP-pruning (static + stock-level TC),0.007818427027991851,0.15220236031119466,0.3824874394993426,0.3824874394993426,0.0009562185987483566,0.006862208429243495
20030131,2004-01-31,2004,1,AP-tree + RM AP-pruning (static + stock-level TC),0.005162460206332653,0.10049830043860651,0.34810267584747345,0.34810267584747345,0.0008702566896186837,0.004292203516713969
20030228,2004-02-29,2004,2,AP-tree + RM AP-pruning (static + stock-level TC),0.0019415533610520044,0.037796477880301826,0.3298683352791354,0.3298683352791354,0.0008246708381978385,0.0011168825228541658
20030331,2004-03-31,2004,3,AP-tree + RM AP-pruning (static + stock-level TC),-0.0029449478551572374,-0.057329692141853746,0.29899387610535855,0.29899387610535855,0.0007474846902633964,-0.003692432545420634
20030430,2004-04-30,2004,4,AP-tree + RM AP-pruning (static + stock-level TC),-0.006239777429653964,-0.12147057831577443,0.3172844456590241,0.3172844456590241,0.0007932111141475603,-0.007032988543801524
20030530,2004-05-31,2004,5,AP-tree + RM AP-pruning (static + stock-level TC),0.011753242972462684,0.22880194639090323,0.3392052309660958,0.3392052309660958,0.0008480130774152395,0.010905229895047445
20030630,2004-06-30,2004,6,AP-tree + RM AP-pruning (static + stock-level TC),0.019780163799926902,0.3850630832662753,0.379988993290871,0.379988993290871,0.0009499724832271774,0.018830191316699725
20030731,2004-07-31,2004,7,AP-tree + RM AP-pruning (static + stock-level TC),0.0014502880300827975,0.028232950249376547,1.0198873878720065,1.0198873878720065,0.002549718469680016,-0.0010994304395972186
20030829,2004-08-31,2004,8,AP-tree + RM AP-pruning (static + stock-level TC),0.0011881290396463296,0.02312946626489028,0.33339651740677456,0.33339651740677456,0.0008334912935169365,0.0003546377461293932
20030930,2004-09-30,2004,9,AP-tree + RM AP-pruning (static + stock-level TC),-0.0034190941651445696,-0.06655996151119653,0.32800969228819743,0.32800969228819743,0.0008200242307204936,-0.004239118395865063
20031031,2004-10-31,2004,10,AP-tree + RM AP-pruning (static + stock-level TC),-0.0008015096608286891,-0.015603095322574714,0.33725787393726997,0.33725787393726997,0.0008431446848431749,-0.0016446543456718641
20031128,2004-11-30,2004,11,AP-tree + RM AP-pruning (static + stock-level TC),0.0038337483290919964,0.07463208934966209,0.3305127621857511,0.3305127621857511,0.0008262819054643777,0.0030074664236276185
20031231,2004-12-31,2004,12,AP-tree + RM AP-pruning (static + stock-level TC),0.020100382138475197,0.39129681631353486,0.324706833553453,0.324706833553453,0.0008117670838836325,0.019288615054591562
20040130,2005-01-31,2005,1,AP-tree + RM AP-pruning (static + stock-level TC),0.01737805956203532,0.3383010001245301,0.3101314034829574,0.3101314034829574,0.0007753285087073935,0.016602731053327924
20040227,2005-02-28,2005,2,AP-tree + RM AP-pruning (static + stock-level TC),0.008560936055285863,0.16665688244229715,0.33194989729979335,0.33194989729979335,0.0008298747432494834,0.007731061312036379
20040331,2005-03-31,2005,3,AP-tree + RM AP-pruning (static + stock-level TC),0.01459542779997594,0.2841311369863284,0.29313427320290986,0.29313427320290986,0.0007328356830072747,0.013862592116968666
20040430,2005-04-30,2005,4,AP-tree + RM AP-pruning (static + stock-level TC),0.009487805460299417,0.18470037260191935,0.31956105442649646,0.31956105442649646,0.0007989026360662411,0.008688902824233177
20040528,2005-05-31,2005,5,AP-tree + RM AP-pruning (static + stock-level TC),0.008837146830506609,0.1720339143927737,0.3350394588988281,0.3350394588988281,0.0008375986472470702,0.007999548183259538
20040630,2005-06-30,2005,6,AP-tree + RM AP-pruning (static + stock-level TC),0.019234314903702966,0.3744369701004045,0.28956691330849227,0.28956691330849227,0.0007239172832712307,0.018510397620431735
20040730,2005-07-31,2005,7,AP-tree + RM AP-pruning (static + stock-level TC),0.02541518228675583,0.4947607386926083,0.9491071427173203,0.9491071427173203,0.002372767856793301,0.023042414429962528
20040831,2005-08-31,2005,8,AP-tree + RM AP-pruning (static + stock-level TC),0.008782940433577018,0.17097867124384986,0.3168888190005329,0.3168888190005329,0.0007922220475013323,0.007990718386075686
20040930,2005-09-30,2005,9,AP-tree + RM AP-pruning (static + stock-level TC),0.004621315873080595,0.08996377162672282,0.2664682074411987,0.2664682074411987,0.0006661705186029968,0.003955145354477598
20041029,2005-10-31,2005,10,AP-tree + RM AP-pruning (static + stock-level TC),0.00537388362842026,0.10461410835643892,0.26136931297834753,0.26136931297834753,0.0006534232824458689,0.004720460345974391
20041130,2005-11-30,2005,11,AP-tree + RM AP-pruning (static + stock-level TC),0.019961763788664554,0.38859831443482135,0.28294445706653093,0.28294445706653093,0.0007073611426663273,0.019254402645998227
20041231,2005-12-31,2005,12,AP-tree + RM AP-pruning (static + stock-level TC),0.0002150612875373219,0.00418662672907904,0.30105345670831185,0.30105345670831185,0.0007526336417707797,-0.0005375723542334578
20050131,2006-01-31,2006,1,AP-tree + RM AP-pruning (static + stock-level TC),0.0076278724930854466,0.14849280979970178,0.2996384586537812,0.2996384586537812,0.000749096146634453,0.006878776346450993
20050228,2006-02-28,2006,2,AP-tree + RM AP-pruning (static + stock-level TC),0.014009545489924015,0.2727256880213104,0.3027214813059138,0.3027214813059138,0.0007568037032647845,0.01325274178665923
20050331,2006-03-31,2006,3,AP-tree + RM AP-pruning (static + stock-level TC),0.023615788164162467,0.45973169364195127,0.28684145286782886,0.28684145286782886,0.0007171036321695722,0.022898684531992893
20050429,2006-04-30,2006,4,AP-tree + RM AP-pruning (static + stock-level TC),-0.003082151699305223,-0.06000065765043089,0.2991471141297605,0.2991471141297605,0.0007478677853244014,-0.0038300194846296242
20050531,2006-05-31,2006,5,AP-tree + RM AP-pruning (static + stock-level TC),-0.0016746697298052867,-0.03260101868387495,0.2915853807003411,0.2915853807003411,0.0007289634517508528,-0.0024036331815561396
20050630,2006-06-30,2006,6,AP-tree + RM AP-pruning (static + stock-level TC),0.00878370552081672,0.1709935652990492,0.2888071947605948,0.2888071947605948,0.000722017986901487,0.008061687533915233
20050729,2006-07-31,2006,7,AP-tree + RM AP-pruning (static + stock-level TC),-0.003291995813960479,-0.06408572098012541,0.9378872399783664,0.9378872399783664,0.002344718099945916,-0.005636713913906395
20050831,2006-08-31,2006,8,AP-tree + RM AP-pruning (static + stock-level TC),0.014114285440264985,0.27476467458519305,0.3164269976289296,0.3164269976289296,0.0007910674940723241,0.01332321794619266
20050930,2006-09-30,2006,9,AP-tree + RM AP-pruning (static + stock-level TC),0.0024001930177119488,0.04672487716394765,0.2826798949567766,0.2826798949567766,0.0007066997373919415,0.0016934932803200071
20051031,2006-10-31,2006,10,AP-tree + RM AP-pruning (static + stock-level TC),-0.0030024761347999082,-0.05844960282400358,0.26541077378649724,0.26541077378649724,0.0006635269344662431,-0.003666003069266151
20051130,2006-11-30,2006,11,AP-tree + RM AP-pruning (static + stock-level TC),0.005286402777426001,0.10291110697832434,0.2835898361381517,0.2835898361381517,0.0007089745903453793,0.0045774281870806215
20051230,2006-12-31,2006,12,AP-tree + RM AP-pruning (static + stock-level TC),0.003765523523792822,0.07330394797785812,0.2915355303349907,0.2915355303349907,0.0007288388258374767,0.003036684697955345
20060131,2007-01-31,2007,1,AP-tree + RM AP-pruning (static + stock-level TC),0.0032643529636934,0.06354759393215081,0.27779303398960375,0.27779303398960375,0.0006944825849740094,0.0025698703787193906
20060228,2007-02-28,2007,2,AP-tree + RM AP-pruning (static + stock-level TC),-0.006857832653437279,-0.1335023416775981,0.3152286402195448,0.3152286402195448,0.0007880716005488619,-0.0076459042539861405
20060331,2007-03-31,2007,3,AP-tree + RM AP-pruning (static + stock-level TC),0.008863217882716464,0.17254144303861643,0.2720101308988339,0.2720101308988339,0.0006800253272470848,0.00818319255546938
20060428,2007-04-30,2007,4,AP-tree + RM AP-pruning (static + stock-level TC),0.01443877827996115,0.2810816199156305,0.286937213231145,0.286937213231145,0.0007173430330778626,0.013721435246883289
20060531,2007-05-31,2007,5,AP-tree + RM AP-pruning (static + stock-level TC),0.012163285163059907,0.2367842923298793,0.2857582968684771,0.2857582968684771,0.0007143957421711927,0.011448889420888715
20060630,2007-06-30,2007,6,AP-tree + RM AP-pruning (static + stock-level TC),0.02106146613585502,0.4100063664998845,0.2807839285107653,0.2807839285107653,0.0007019598212769132,0.020359506314578106
20060731,2007-07-31,2007,7,AP-tree + RM AP-pruning (static + stock-level TC),0.010729345708523822,0.20886960197818133,0.9497493930310499,0.9497493930310499,0.002374373482577625,0.008354972225946198
20060831,2007-08-31,2007,8,AP-tree + RM AP-pruning (static + stock-level TC),0.0031662131443368413,0.06163709299723073,0.2855798415785288,0.2855798415785288,0.000713949603946322,0.0024522635403905193
20060929,2007-09-30,2007,9,AP-tree + RM AP-pruning (static + stock-level TC),0.012934948455525315,0.2518063644242081,0.2580797280036815,0.2580797280036815,0.0006451993200092038,0.012289749135516111
20061031,2007-10-31,2007,10,AP-tree + RM AP-pruning (static + stock-level TC),0.010607397858631962,0.20649562694177498,0.2419724997923581,0.2419724997923581,0.0006049312494808953,0.010002466609151066
20061130,2007-11-30,2007,11,AP-tree + RM AP-pruning (static + stock-level TC),0.0030303400259873462,0.05899203290501594,0.26202619586020476,0.26202619586020476,0.0006550654896505119,0.0023752745363368345
20061229,2007-12-31,2007,12,AP-tree + RM AP-pruning (static + stock-level TC),0.0075704204871848,0.14737438394864702,0.29293821355517036,0.29293821355517036,0.0007323455338879259,0.006838074953296874
20070131,2008-01-31,2008,1,AP-tree + RM AP-pruning (static + stock-level TC),0.012872985804621722,0.25060012924609587,0.27059487295456863,0.27059487295456863,0.0006764871823864216,0.0121964986222353
20070228,2008-02-29,2008,2,AP-tree + RM AP-pruning (static + stock-level TC),-0.002235321008689866,-0.04351529180456941,0.29554443290569543,0.29554443290569543,0.0007388610822642386,-0.002974182090954104
20070330,2008-03-31,2008,3,AP-tree + RM AP-pruning (static + stock-level TC),0.005038213431107925,0.09807957191654536,0.26025049558529245,0.26025049558529245,0.0006506262389632311,0.004387587192144694
20070430,2008-04-30,2008,4,AP-tree + RM AP-pruning (static + stock-level TC),-0.0006915643972652702,-0.013462776232880941,0.25818865508880945,0.25818865508880945,0.0006454716377220236,-0.0013370360349872939
20070531,2008-05-31,2008,5,AP-tree + RM AP-pruning (static + stock-level TC),0.009333920951718427,0.1817046823770826,0.2577483503925044,0.2577483503925044,0.000644370875981261,0.008689550075737166
20070629,2008-06-30,2008,6,AP-tree + RM AP-pruning (static + stock-level TC),0.012417756293225278,0.24173811571450127,0.27661226011979656,0.27661226011979656,0.0006915306502994914,0.011726225642925785
20070731,2008-07-31,2008,7,AP-tree + RM AP-pruning (static + stock-level TC),0.00328322934597773,0.06391506298027592,0.946043374635053,0.946043374635053,0.0023651084365876322,0.0009181209093900976
20070831,2008-08-31,2008,8,AP-tree + RM AP-pruning (static + stock-level TC),-0.0008685790051975444,-0.01690874318254922,0.2668750722727326,0.2668750722727326,0.0006671876806818315,-0.001535766685879376
20070928,2008-09-30,2008,9,AP-tree + RM AP-pruning (static + stock-level TC),-0.007389523842776892,-0.14385284487784877,0.29718622952786367,0.29718622952786367,0.0007429655738196592,-0.00813248941659655
20071031,2008-10-31,2008,10,AP-tree + RM AP-pruning (static + stock-level TC),0.004308832124267092,0.0838806088680212,0.2826297008864314,0.2826297008864314,0.0007065742522160785,0.003602257872051013
20071130,2008-11-30,2008,11,AP-tree + RM AP-pruning (static + stock-level TC),-0.006951295073047737,-0.13532178704866538,0.3359191455587561,0.3359191455587561,0.0008397978638968903,-0.007791092936944627
20071231,2008-12-31,2008,12,AP-tree + RM AP-pruning (static + stock-level TC),0.0006490639997446376,0.012635415333604804,0.3184853526842216,0.3184853526842216,0.000796213381710554,-0.00014714938196591643
20080131,2009-01-31,2009,1,AP-tree + RM AP-pruning (static + stock-level TC),0.009483899865632518,0.18462434187034218,0.28636253488103214,0.28636253488103214,0.0007159063372025804,0.008767993528429937
20080229,2009-02-28,2009,2,AP-tree + RM AP-pruning (static + stock-level TC),-0.002021443983321574,-0.0393517192648699,0.3356472518359146,0.3356472518359146,0.0008391181295897865,-0.0028605621129113605
20080331,2009-03-31,2009,3,AP-tree + RM AP-pruning (static + stock-level TC),0.014768052098564929,0.2874916371992538,0.3141794550831163,0.3141794550831163,0.0007854486377077908,0.013982603460857139
20080430,2009-04-30,2009,4,AP-tree + RM AP-pruning (static + stock-level TC),-0.012240258936879193,-0.23828275103716287,0.30670024621808645,0.30670024621808645,0.0007667506155452161,-0.013007009552424408
20080530,2009-05-31,2009,5,AP-tree + RM AP-pruning (static + stock-level TC),0.015001269516072115,0.29203171172871983,0.32569842258998805,0.32569842258998805,0.0008142460564749701,0.014187023459597145
20080630,2009-06-30,2009,6,AP-tree + RM AP-pruning (static + stock-level TC),-0.0031321793929330027,-0.060974553425605565,0.2880695200253696,0.2880695200253696,0.0007201738000634241,-0.0038523531929964268
20080731,2009-07-31,2009,7,AP-tree + RM AP-pruning (static + stock-level TC),-0.004035110664733934,-0.07855203675759344,0.9587755176718402,0.9587755176718402,0.0023969387941796005,-0.006432049458913534
20080829,2009-08-31,2009,8,AP-tree + RM AP-pruning (static + stock-level TC),0.006495161210215845,0.12644216838722375,0.3406102194637204,0.3406102194637204,0.0008515255486593009,0.005643635661556544
20080930,2009-09-30,2009,9,AP-tree + RM AP-pruning (static + stock-level TC),-0.005970414688922398,-0.11622685796480685,0.3105469777717008,0.3105469777717008,0.0007763674444292521,-0.00674678213335165
20081031,2009-10-31,2009,10,AP-tree + RM AP-pruning (static + stock-level TC),-0.0035485954935080832,-0.06908098111907861,0.36827831470536954,0.36827831470536954,0.0009206957867634239,-0.004469291280271507
20081128,2009-11-30,2009,11,AP-tree + RM AP-pruning (static + stock-level TC),-0.011657371295367452,-0.2269355996834844,0.4277693988553644,0.4277693988553644,0.001069423497138411,-0.012726794792505863
20081231,2009-12-31,2009,12,AP-tree + RM AP-pruning (static + stock-level TC),0.008073368613542043,0.1571653421134542,0.36297271940940645,0.36297271940940645,0.0009074317985235162,0.007165936815018526
20090130,2010-01-31,2010,1,AP-tree + RM AP-pruning (static + stock-level TC),-0.013062633702536974,-0.254292030134525,0.399632981788722,0.399632981788722,0.000999082454471805,-0.01406171615700878
20090227,2010-02-28,2010,2,AP-tree + RM AP-pruning (static + stock-level TC),-0.002948985889220818,-0.05740830108880624,0.4038726859845092,0.4038726859845092,0.001009681714961273,-0.0039586676041820906
20090331,2010-03-31,2010,3,AP-tree + RM AP-pruning (static + stock-level TC),0.012991733379518543,0.25291180410292063,0.36221228184023535,0.36221228184023535,0.0009055307046005884,0.012086202674917956
20090430,2010-04-30,2010,4,AP-tree + RM AP-pruning (static + stock-level TC),0.03731855368467416,0.7264852551378644,0.37318443469625623,0.37318443469625623,0.0009329610867406405,0.03638559259793352
20090529,2010-05-31,2010,5,AP-tree + RM AP-pruning (static + stock-level TC),-0.01754057978898859,-0.3414648030291347,0.38915179055795857,0.38915179055795857,0.0009728794763948965,-0.018513459265383485
20090630,2010-06-30,2010,6,AP-tree + RM AP-pruning (static + stock-level TC),0.012578969251385764,0.24487646984339786,0.38879270180683734,0.38879270180683734,0.0009719817545170934,0.01160698749686867
20090731,2010-07-31,2010,7,AP-tree + RM AP-pruning (static + stock-level TC),0.01594793373015996,0.31046055007311507,1.0212595114136747,1.0212595114136747,0.0025531487785341866,0.013394784951625775
20090831,2010-08-31,2010,8,AP-tree + RM AP-pruning (static + stock-level TC),0.03537079318334892,0.6885679420311182,0.30597328522531697,0.30597328522531697,0.0007649332130632925,0.034605859970285625
20090930,2010-09-30,2010,9,AP-tree + RM AP-pruning (static + stock-level TC),0.026014383857293315,0.506425475475527,0.32987368757003693,0.32987368757003693,0.0008246842189250924,0.025189699638368222
20091030,2010-10-31,2010,10,AP-tree + RM AP-pruning (static + stock-level TC),0.01400506341551164,0.2726384348817453,0.3276782586328135,0.3276782586328135,0.0008191956465820338,0.013185867768929606
20091130,2010-11-30,2010,11,AP-tree + RM AP-pruning (static + stock-level TC),0.0023884863847430486,0.04649698258070421,0.32339075882585455,0.32339075882585455,0.0008084768970646364,0.0015800094876784123
20091231,2010-12-31,2010,12,AP-tree + RM AP-pruning (static + stock-level TC),0.013197873609479797,0.2569247634159468,0.3168989701598341,0.3168989701598341,0.0007922474253995853,0.012405626184080212
20100129,2011-01-31,2011,1,AP-tree + RM AP-pruning (static + stock-level TC),0.018032984735421465,0.35105051570607965,0.3228253881513825,0.3228253881513825,0.0008070634703784562,0.01722592126504301
20100226,2011-02-28,2011,2,AP-tree + RM AP-pruning (static + stock-level TC),0.007878893769513982,0.1533794744221335,0.30115726927892084,0.30115726927892084,0.0007528931731973021,0.00712600059631668
20100331,2011-03-31,2011,3,AP-tree + RM AP-pruning (static + stock-level TC),0.012495523754218332,0.24325202523570988,0.28459784485504874,0.28459784485504874,0.0007114946121376219,0.01178402914208071
20100430,2011-04-30,2011,4,AP-tree + RM AP-pruning (static + stock-level TC),0.024333933706306272,0.4737119285625963,0.322154781486675,0.322154781486675,0.0008053869537166875,0.023528546752589585
20100528,2011-05-31,2011,5,AP-tree + RM AP-pruning (static + stock-level TC),-0.00361035841399621,-0.07028332811859,0.3249233867921616,0.3249233867921616,0.000812308466980404,-0.004422666880976614
20100630,2011-06-30,2011,6,AP-tree + RM AP-pruning (static + stock-level TC),-0.005733789229297667,-0.11162043862551231,0.304030410983272,0.304030410983272,0.00076007602745818,-0.006493865256755847
20100730,2011-07-31,2011,7,AP-tree + RM AP-pruning (static + stock-level TC),0.013044378889474371,0.2539366612572275,1.0008606777370666,1.0008606777370666,0.0025021516943426665,0.010542227195131705
20100831,2011-08-31,2011,8,AP-tree + RM AP-pruning (static + stock-level TC),-0.014254960172642623,-0.2775032083372338,0.2541959823406792,0.2541959823406792,0.000635489955851698,-0.01489045012849432
20100930,2011-09-30,2011,9,AP-tree + RM AP-pruning (static + stock-level TC),0.002839506807709807,0.055277057227218485,0.3286297521249708,0.3286297521249708,0.000821574380312427,0.0020179324273973797
20101029,2011-10-31,2011,10,AP-tree + RM AP-pruning (static + stock-level TC),0.008547803093013784,0.16640122131653196,0.28638578508334467,0.28638578508334467,0.0007159644627083617,0.007831838630305421
20101130,2011-11-30,2011,11,AP-tree + RM AP-pruning (static + stock-level TC),-0.001653403109907543,-0.032187018561767394,0.3058309697111169,0.3058309697111169,0.0007645774242777923,-0.0024179805341853354
20101231,2011-12-31,2011,12,AP-tree + RM AP-pruning (static + stock-level TC),0.006396927317415356,0.12452983611204083,0.3325446032452295,0.3325446032452295,0.0008313615081130737,0.005565565809302283
20110131,2012-01-31,2012,1,AP-tree + RM AP-pruning (static + stock-level TC),0.014073140926387742,0.2739637088533965,0.29411344514145277,0.29411344514145277,0.000735283612853632,0.01333785731353411
20110228,2012-02-29,2012,2,AP-tree + RM AP-pruning (static + stock-level TC),0.014308084269707018,0.27853738221052726,0.3054625537007824,0.3054625537007824,0.000763656384251956,0.013544427885455061
20110331,2012-03-31,2012,3,AP-tree + RM AP-pruning (static + stock-level TC),-0.0020706378621818448,-0.040309383056907594,0.3033568721400951,0.3033568721400951,0.0007583921803502378,-0.0028290300425320826
20110429,2012-04-30,2012,4,AP-tree + RM AP-pruning (static + stock-level TC),-0.006585220087082866,-0.1281953565383776,0.3076985587134927,0.3076985587134927,0.0007692463967837319,-0.007354466483866598
20110531,2012-05-31,2012,5,AP-tree + RM AP-pruning (static + stock-level TC),0.0016466114276321574,0.03205480397831005,0.2780782387908739,0.2780782387908739,0.0006951955969771847,0.0009514158306549727
20110630,2012-06-30,2012,6,AP-tree + RM AP-pruning (static + stock-level TC),0.005804489120428488,0.11299676282286408,0.28300542559878056,0.28300542559878056,0.0007075135639969514,0.005096975556431536
20110729,2012-07-31,2012,7,AP-tree + RM AP-pruning (static + stock-level TC),0.0018163237904186302,0.03535861714911935,0.9650752922825898,0.9650752922825898,0.0024126882307064744,-0.0005963644402878442
20110831,2012-08-31,2012,8,AP-tree + RM AP-pruning (static + stock-level TC),0.003883351146532601,0.07559771400351062,0.2711907360159982,0.2711907360159982,0.0006779768400399955,0.003205374306492605
20110930,2012-09-30,2012,9,AP-tree + RM AP-pruning (static + stock-level TC),-0.002801111033824439,-0.054529601582955965,0.2938147277329014,0.2938147277329014,0.0007345368193322536,-0.0035356478531566927
20111031,2012-10-31,2012,10,AP-tree + RM AP-pruning (static + stock-level TC),0.00610911942097386,0.11892704145810812,0.3181506541891217,0.3181506541891217,0.0007953766354728042,0.0053137427855010555
20111130,2012-11-30,2012,11,AP-tree + RM AP-pruning (static + stock-level TC),0.0002776756460188883,0.005405548785414193,0.28372954666164374,0.28372954666164374,0.0007093238666541094,-0.00043164822063522106
20111230,2012-12-31,2012,12,AP-tree + RM AP-pruning (static + stock-level TC),0.0012478383703947136,0.024291835759415105,0.2946413601019369,0.2946413601019369,0.0007366034002548424,0.0005112349701398713
20120131,2013-01-31,2013,1,AP-tree + RM AP-pruning (static + stock-level TC),0.008456319895150962,0.16462030571884378,0.2619834681756286,0.2619834681756286,0.0006549586704390715,0.007801361224711891
20120229,2013-02-28,2013,2,AP-tree + RM AP-pruning (static + stock-level TC),0.0036781295543031256,0.07160263793356496,0.27897349733112625,0.27897349733112625,0.0006974337433278157,0.0029806958109753097
20120330,2013-03-31,2013,3,AP-tree + RM AP-pruning (static + stock-level TC),-0.000728292882691456,-0.01417777455063806,0.26158395816295044,0.26158395816295044,0.0006539598954073761,-0.0013822527780988322
20120430,2013-04-30,2013,4,AP-tree + RM AP-pruning (static + stock-level TC),0.01565050150129237,0.3046703972579528,0.2679383286385237,0.2679383286385237,0.0006698458215963092,0.01498065567969606
20120531,2013-05-31,2013,5,AP-tree + RM AP-pruning (static + stock-level TC),-0.0014751211856629553,-0.028716380596650187,0.24879504152622203,0.24879504152622203,0.0006219876038155551,-0.0020971087894785106
20120629,2013-06-30,2013,6,AP-tree + RM AP-pruning (static + stock-level TC),0.005507818418755801,0.10722143475903508,0.3105203187653755,0.3105203187653755,0.0007763007969134387,0.0047315176218423625
20120731,2013-07-31,2013,7,AP-tree + RM AP-pruning (static + stock-level TC),0.004155730398143624,0.0809001571735459,0.9436940358582717,0.9436940358582717,0.0023592350896456792,0.0017964953084979446
20120831,2013-08-31,2013,8,AP-tree + RM AP-pruning (static + stock-level TC),0.006760899942812667,0.13161533968914108,0.26957614600734003,0.26957614600734003,0.0006739403650183501,0.006086959577794317
20120928,2013-09-30,2013,9,AP-tree + RM AP-pruning (static + stock-level TC),-0.00367251666724411,-0.07149337111359151,0.29274204543087945,0.29274204543087945,0.0007318551135771986,-0.0044043717808213085
20121031,2013-10-31,2013,10,AP-tree + RM AP-pruning (static + stock-level TC),0.021301815927472358,0.4146852879061328,0.2838255965785307,0.2838255965785307,0.0007095639914463267,0.02059225193602603
20121130,2013-11-30,2013,11,AP-tree + RM AP-pruning (static + stock-level TC),0.006062233186461922,0.1180143008859609,0.2792198446294258,0.2792198446294258,0.0006980496115735644,0.005364183574888357
20121231,2013-12-31,2013,12,AP-tree + RM AP-pruning (static + stock-level TC),0.007397335767566442,0.14400492065821818,0.2769940390990087,0.2769940390990087,0.0006924850977475218,0.006704850669818921
20130131,2014-01-31,2014,1,AP-tree + RM AP-pruning (static + stock-level TC),0.02800642674197151,0.5452048396370949,0.26428029360409455,0.26428029360409455,0.0006607007340102363,0.027345726007961275
20130228,2014-02-28,2014,2,AP-tree + RM AP-pruning (static + stock-level TC),0.002333904164510442,0.04543442322948367,0.2945844954311956,0.2945844954311956,0.000736461238577989,0.0015974429259324532
20130328,2014-03-31,2014,3,AP-tree + RM AP-pruning (static + stock-level TC),-0.0003765441102583573,-0.007330234347319954,0.27105049498536554,0.27105049498536554,0.0006776262374634139,-0.0010541703477217712
20130430,2014-04-30,2014,4,AP-tree + RM AP-pruning (static + stock-level TC),-0.00698372036311048,-0.1359530144891283,0.26814988615830415,0.26814988615830415,0.0006703747153957604,-0.00765409507850624
20130531,2014-05-31,2014,5,AP-tree + RM AP-pruning (static + stock-level TC),0.009880032242227827,0.19233590360745742,0.27897877423699335,0.27897877423699335,0.0006974469355924834,0.009182585306635344
20130628,2014-06-30,2014,6,AP-tree + RM AP-pruning (static + stock-level TC),-8.487520914846579e-06,-0.00016522770012502436,0.33341667602625713,0.33341667602625713,0.0008335416900656428,-0.0008420292109804894
20130731,2014-07-31,2014,7,AP-tree + RM AP-pruning (static + stock-level TC),0.011017683598093042,0.21448271407892272,0.9603336170556228,0.9603336170556228,0.002400834042639057,0.008616849555453986
20130830,2014-08-31,2014,8,AP-tree + RM AP-pruning (static + stock-level TC),0.001775310942056341,0.03456021456743939,0.29165380383931494,0.29165380383931494,0.0007291345095982874,0.0010461764324580535
20130930,2014-09-30,2014,9,AP-tree + RM AP-pruning (static + stock-level TC),0.0023341671553845722,0.045439542907858795,0.28540591876698923,0.28540591876698923,0.000713514796917473,0.001620652358467099
20131031,2014-10-31,2014,10,AP-tree + RM AP-pruning (static + stock-level TC),0.02287369237186456,0.4452852160115578,0.31279150774010767,0.31279150774010767,0.0007819787693502692,0.02209171360251429
20131129,2014-11-30,2014,11,AP-tree + RM AP-pruning (static + stock-level TC),0.005748726429680952,0.11191122309489945,0.289199926522576,0.289199926522576,0.00072299981630644,0.005025726613374512
20131231,2014-12-31,2014,12,AP-tree + RM AP-pruning (static + stock-level TC),0.004633086514728303,0.09019291227544204,0.28816309392434303,0.28816309392434303,0.0007204077348108576,0.003912678779917446
20140131,2015-01-31,2015,1,AP-tree + RM AP-pruning (static + stock-level TC),-0.013588607255504927,-0.2645312273459811,0.2885319619405747,0.2885319619405747,0.0007213299048514367,-0.014309937160356364
20140228,2015-02-28,2015,2,AP-tree + RM AP-pruning (static + stock-level TC),0.0007530735550433573,0.014660183199916781,0.31806979899597504,0.31806979899597504,0.0007951744974899376,-4.21009424465803e-05
20140331,2015-03-31,2015,3,AP-tree + RM AP-pruning (static + stock-level TC),0.01577532854868362,0.3071004220155678,0.270857353184488,0.270857353184488,0.00067714338296122,0.015098185165722401
20140430,2015-04-30,2015,4,AP-tree + RM AP-pruning (static + stock-level TC),0.017826346265712573,0.34702785709352424,0.29002291841806505,0.29002291841806505,0.0007250572960451626,0.01710128896966741
20140530,2015-05-31,2015,5,AP-tree + RM AP-pruning (static + stock-level TC),-0.002376576807789175,-0.046265137259874675,0.30102754772918744,0.30102754772918744,0.0007525688693229687,-0.0031291456771121435
20140630,2015-06-30,2015,6,AP-tree + RM AP-pruning (static + stock-level TC),-0.0138960336203281,-0.270515937336936,0.27836664351910667,0.27836664351910667,0.0006959166087977667,-0.014591950229125867
20140731,2015-07-31,2015,7,AP-tree + RM AP-pruning (static + stock-level TC),0.013565055787332516,0.26407274777818535,0.9204593495277105,0.9204593495277105,0.002301148373819276,0.011263907413513241
20140829,2015-08-31,2015,8,AP-tree + RM AP-pruning (static + stock-level TC),-0.008966245344825687,-0.1745470923660008,0.271110110100788,0.271110110100788,0.00067777527525197,-0.009644020620077657
20140930,2015-09-30,2015,9,AP-tree + RM AP-pruning (static + stock-level TC),0.009438899829094955,0.1837483201653897,0.27350210829266725,0.27350210829266725,0.0006837552707316682,0.008755144558363287
20141031,2015-10-31,2015,10,AP-tree + RM AP-pruning (static + stock-level TC),0.008657081340533012,0.16852855551605178,0.2833486776619978,0.2833486776619978,0.0007083716941549945,0.007948709646378017
20141128,2015-11-30,2015,11,AP-tree + RM AP-pruning (static + stock-level TC),0.00475146192876452,0.09249734222722412,0.28894522403116146,0.28894522403116146,0.0007223630600779037,0.004029098868686617
20141231,2015-12-31,2015,12,AP-tree + RM AP-pruning (static + stock-level TC),-0.005039080575338316,-0.09809645272877551,0.2743122692734611,0.2743122692734611,0.0006857806731836527,-0.005724861248521968
20150130,2016-01-31,2016,1,AP-tree + RM AP-pruning (static + stock-level TC),-0.0028611146536998994,-0.0556977000431147,0.2850883281226736,0.2850883281226736,0.000712720820306684,-0.0035738354740065836
20150227,2016-02-29,2016,2,AP-tree + RM AP-pruning (static + stock-level TC),0.000868423791596767,0.016905721618709464,0.2954105964272425,0.2954105964272425,0.0007385264910681062,0.0001298973005286608
20150331,2016-03-31,2016,3,AP-tree + RM AP-pruning (static + stock-level TC),-0.0025909229945020634,-0.05043784302595827,0.2865913379170137,0.2865913379170137,0.0007164783447925343,-0.003307401339294598
20150430,2016-04-30,2016,4,AP-tree + RM AP-pruning (static + stock-level TC),0.013522478861539964,0.26324389709284673,0.2949104257121798,0.2949104257121798,0.0007372760642804495,0.012785202797259514
20150529,2016-05-31,2016,5,AP-tree + RM AP-pruning (static + stock-level TC),0.004552526326561009,0.08862463636236165,0.30436754182689063,0.30436754182689063,0.0007609188545672266,0.003791607471993782
20150630,2016-06-30,2016,6,AP-tree + RM AP-pruning (static + stock-level TC),-0.0066226888415750005,-0.1289247657726399,0.2911048723480447,0.2911048723480447,0.0007277621808701118,-0.007350451022445113
20150731,2016-07-31,2016,7,AP-tree + RM AP-pruning (static + stock-level TC),-1.4323726163156968e-05,-0.00027884188503368127,0.9486166919922691,0.9486166919922691,0.0023715417299806727,-0.0023858654561438298
20150831,2016-08-31,2016,8,AP-tree + RM AP-pruning (static + stock-level TC),0.006063123479146001,0.11803163233222227,0.2973260992273141,0.2973260992273141,0.0007433152480682853,0.005319808231077716
20150930,2016-09-30,2016,9,AP-tree + RM AP-pruning (static + stock-level TC),0.019800049629738293,0.3854502033638607,0.28229438823384956,0.28229438823384956,0.0007057359705846239,0.019094313659153667
20151030,2016-10-31,2016,10,AP-tree + RM AP-pruning (static + stock-level TC),0.009885601245100356,0.19244431612812724,0.29174081347897074,0.29174081347897074,0.0007293520336974269,0.009156249211402928
20151130,2016-11-30,2016,11,AP-tree + RM AP-pruning (static + stock-level TC),-0.0053264853362310904,-0.10369139948928656,0.2669708184043109,0.2669708184043109,0.0006674270460107773,-0.005993912382241868
20151231,2016-12-31,2016,12,AP-tree + RM AP-pruning (static + stock-level TC),0.0035970678823339384,0.070024599568519,0.2891764045657056,0.2891764045657056,0.000722941011414264,0.0028741268709196743
