date_dt,yy,mm,candidate,weight_trade
1974-01-31,1974,1,port_V9,0.8383859341628057
1974-01-31,1974,1,port_V13,0.1616140658371942
1974-02-28,1974,2,port_V9,0.8383859341628058
1974-02-28,1974,2,port_V13,0.16161406583719423
1974-03-31,1974,3,port_V9,0.8327798371417505
1974-03-31,1974,3,port_V13,0.16722016285824953
1974-04-30,1974,4,port_V9,0.8265822701371011
1974-04-30,1974,4,port_V13,0.17341772986289888
1974-05-31,1974,5,port_V9,0.8039714448757785
1974-05-31,1974,5,port_V13,0.19602855512422154
1974-06-30,1974,6,port_V9,0.7903907760463378
1974-06-30,1974,6,port_V13,0.20960922395366227
1974-07-31,1974,7,port_V9,0.6670493461489856
1974-07-31,1974,7,port_V13,0.239268622210835
1974-07-31,1974,7,port_V14,0.09368203164017942
1974-08-31,1974,8,port_V9,0.6758931836809282
1974-08-31,1974,8,port_V13,0.22783887232015437
1974-08-31,1974,8,port_V14,0.09626794399891755
1974-09-30,1974,9,port_V9,0.692935039016894
1974-09-30,1974,9,port_V13,0.21941327625602353
1974-09-30,1974,9,port_V14,0.08765168472708255
1974-10-31,1974,10,port_V9,0.6589725813238695
1974-10-31,1974,10,port_V13,0.2296148231032179
1974-10-31,1974,10,port_V14,0.1114125955729127
1974-11-30,1974,11,port_V9,0.6911193625525373
1974-11-30,1974,11,port_V13,0.22518587300351722
1974-11-30,1974,11,port_V14,0.08369476444394561
1974-12-31,1974,12,port_V9,0.6900974667468524
1974-12-31,1974,12,port_V13,0.2229297371022958
1974-12-31,1974,12,port_V14,0.08697279615085196
1975-01-31,1975,1,port_V9,0.7040481896877202
1975-01-31,1975,1,port_V13,0.2078068607822952
1975-01-31,1975,1,port_V14,0.08814494952998468
1975-02-28,1975,2,port_V9,0.6983891656179295
1975-02-28,1975,2,port_V13,0.20198183510420686
1975-02-28,1975,2,port_V14,0.09962899927786363
1975-03-31,1975,3,port_V9,0.7240319828621579
1975-03-31,1975,3,port_V13,0.1844600917733509
1975-03-31,1975,3,port_V14,0.09150792536449137
1975-04-30,1975,4,port_V9,0.7144781879451112
1975-04-30,1975,4,port_V13,0.1952989597555809
1975-04-30,1975,4,port_V14,0.09022285229930795
1975-05-31,1975,5,port_V9,0.7424061898130989
1975-05-31,1975,5,port_V13,0.17998132997224522
1975-05-31,1975,5,port_V14,0.07761248021465589
1975-06-30,1975,6,port_V9,0.7295645433681249
1975-06-30,1975,6,port_V13,0.1797361164516233
1975-06-30,1975,6,port_V14,0.09069934018025178
1975-07-31,1975,7,port_V9,0.5057403642531976
1975-07-31,1975,7,port_V13,0.14848992241788958
1975-07-31,1975,7,port_V14,0.1639764326152864
1975-07-31,1975,7,port_V17,0.18179328071362635
1975-08-31,1975,8,port_V9,0.4914764726739463
1975-08-31,1975,8,port_V13,0.13892168189551862
1975-08-31,1975,8,port_V14,0.16571967119194297
1975-08-31,1975,8,port_V17,0.2038821742385922
1975-09-30,1975,9,port_V9,0.5030733497508867
1975-09-30,1975,9,port_V13,0.13048687232600348
1975-09-30,1975,9,port_V14,0.15919295869398373
1975-09-30,1975,9,port_V17,0.2072468192291263
1975-10-31,1975,10,port_V9,0.504755441160267
1975-10-31,1975,10,port_V13,0.11479890235138196
1975-10-31,1975,10,port_V14,0.16821560006319533
1975-10-31,1975,10,port_V17,0.21223005642515566
1975-11-30,1975,11,port_V9,0.516464342326576
1975-11-30,1975,11,port_V13,0.10290287296430839
1975-11-30,1975,11,port_V14,0.15693848688538506
1975-11-30,1975,11,port_V17,0.22369429782373068
1975-12-31,1975,12,port_V9,0.5017957089066327
1975-12-31,1975,12,port_V13,0.09367432670740776
1975-12-31,1975,12,port_V14,0.15218064753424995
1975-12-31,1975,12,port_V17,0.25234931685170947
1976-01-31,1976,1,port_V9,0.5145833911112393
1976-01-31,1976,1,port_V13,0.07755587294021453
1976-01-31,1976,1,port_V14,0.14770018434145268
1976-01-31,1976,1,port_V17,0.2601605516070934
1976-02-29,1976,2,port_V9,0.5173344355051458
1976-02-29,1976,2,port_V13,0.06593971906462355
1976-02-29,1976,2,port_V14,0.1397432033163272
1976-02-29,1976,2,port_V17,0.2769826421139035
1976-03-31,1976,3,port_V9,0.521008342480182
1976-03-31,1976,3,port_V13,0.057388713666676326
1976-03-31,1976,3,port_V14,0.1402443489384788
1976-03-31,1976,3,port_V17,0.2813585949146628
1976-04-30,1976,4,port_V9,0.5237350151691249
1976-04-30,1976,4,port_V13,0.044314853947998445
1976-04-30,1976,4,port_V14,0.14883289608535835
1976-04-30,1976,4,port_V17,0.2831172347975183
1976-05-31,1976,5,port_V9,0.5358669929383045
1976-05-31,1976,5,port_V13,0.041702416737977616
1976-05-31,1976,5,port_V14,0.13950399484743709
1976-05-31,1976,5,port_V17,0.28292659547628074
1976-06-30,1976,6,port_V9,0.5353147598958057
1976-06-30,1976,6,port_V13,0.03357982452351548
1976-06-30,1976,6,port_V14,0.14607128437873507
1976-06-30,1976,6,port_V17,0.2850341312019437
1976-07-31,1976,7,port_V5,0.08369563424517373
1976-07-31,1976,7,port_V6,0.16012026185057404
1976-07-31,1976,7,port_V9,0.02803391006410472
1976-07-31,1976,7,port_V10,0.5631553112795485
1976-07-31,1976,7,port_V14,0.02676843591136507
1976-07-31,1976,7,port_V17,0.1382264466492339
1976-08-31,1976,8,port_V5,0.0831268542707365
1976-08-31,1976,8,port_V6,0.17365688010471023
1976-08-31,1976,8,port_V9,0.029690781356164965
1976-08-31,1976,8,port_V10,0.5492021393891394
1976-08-31,1976,8,port_V14,0.02761768409346897
1976-08-31,1976,8,port_V17,0.13670566078577995
1976-09-30,1976,9,port_V5,0.08433969197778708
1976-09-30,1976,9,port_V6,0.18515878419897203
1976-09-30,1976,9,port_V9,0.03096965102581053
1976-09-30,1976,9,port_V10,0.5368234657999866
1976-09-30,1976,9,port_V14,0.028044274233911478
1976-09-30,1976,9,port_V17,0.13466413276353226
1976-10-31,1976,10,port_V5,0.08366153228135015
1976-10-31,1976,10,port_V6,0.17943340395667087
1976-10-31,1976,10,port_V9,0.02972688073767163
1976-10-31,1976,10,port_V10,0.5484824980069705
1976-10-31,1976,10,port_V14,0.02963463856951857
1976-10-31,1976,10,port_V17,0.12906104644781827
1976-11-30,1976,11,port_V5,0.0755476256204497
1976-11-30,1976,11,port_V6,0.1823933599620635
1976-11-30,1976,11,port_V9,0.028677001850217796
1976-11-30,1976,11,port_V10,0.5602793532796161
1976-11-30,1976,11,port_V14,0.027288191918511347
1976-11-30,1976,11,port_V17,0.1258144673691417
1976-12-31,1976,12,port_V5,0.07537909766634937
1976-12-31,1976,12,port_V6,0.18321612780920166
1976-12-31,1976,12,port_V9,0.029850793495346317
1976-12-31,1976,12,port_V10,0.559527756746824
1976-12-31,1976,12,port_V14,0.029988946357682213
1976-12-31,1976,12,port_V17,0.12203727792459647
1977-01-31,1977,1,port_V5,0.07411487316065139
1977-01-31,1977,1,port_V6,0.18119949240543332
1977-01-31,1977,1,port_V9,0.031546723424754404
1977-01-31,1977,1,port_V10,0.5423676574084612
1977-01-31,1977,1,port_V14,0.03115925926554993
1977-01-31,1977,1,port_V17,0.13961199433514984
1977-02-28,1977,2,port_V5,0.06858697037694574
1977-02-28,1977,2,port_V6,0.18136665923448086
1977-02-28,1977,2,port_V9,0.03383795867913393
1977-02-28,1977,2,port_V10,0.559732638633837
1977-02-28,1977,2,port_V14,0.03103307153606459
1977-02-28,1977,2,port_V17,0.12544270153953796
1977-03-31,1977,3,port_V5,0.0676577754318903
1977-03-31,1977,3,port_V6,0.1708429934006433
1977-03-31,1977,3,port_V9,0.032114600001179106
1977-03-31,1977,3,port_V10,0.5953376612741929
1977-03-31,1977,3,port_V14,0.031267978006601214
1977-03-31,1977,3,port_V17,0.10277899188549329
1977-04-30,1977,4,port_V5,0.06862860234524977
1977-04-30,1977,4,port_V6,0.16322416300969536
1977-04-30,1977,4,port_V9,0.03349868683795366
1977-04-30,1977,4,port_V10,0.6024397626432393
1977-04-30,1977,4,port_V14,0.03088983449216332
1977-04-30,1977,4,port_V17,0.1013189506716986
1977-05-31,1977,5,port_V5,0.06501895002220026
1977-05-31,1977,5,port_V6,0.1621277766449372
1977-05-31,1977,5,port_V9,0.0307212994456335
1977-05-31,1977,5,port_V10,0.6121402032014677
1977-05-31,1977,5,port_V14,0.03349421921568051
1977-05-31,1977,5,port_V17,0.09649755147008089
1977-06-30,1977,6,port_V5,0.06531698130492031
1977-06-30,1977,6,port_V6,0.16533401316229046
1977-06-30,1977,6,port_V9,0.03321104308792003
1977-06-30,1977,6,port_V10,0.6134459820295664
1977-06-30,1977,6,port_V14,0.03454894422178544
1977-06-30,1977,6,port_V17,0.0881430361935175
1977-07-31,1977,7,port_V5,0.14366205796733209
1977-07-31,1977,7,port_V6,0.177743834480998
1977-07-31,1977,7,port_V9,0.04704132067463316
1977-07-31,1977,7,port_V10,0.4933193641774656
1977-07-31,1977,7,port_V14,0.13823342269957103
1977-08-31,1977,8,port_V5,0.14062367371737064
1977-08-31,1977,8,port_V6,0.16327032091542767
1977-08-31,1977,8,port_V9,0.04342261021008308
1977-08-31,1977,8,port_V10,0.5142579827133847
1977-08-31,1977,8,port_V14,0.13842541244373388
1977-09-30,1977,9,port_V5,0.13835130167663695
1977-09-30,1977,9,port_V6,0.16859855881732888
1977-09-30,1977,9,port_V9,0.0442062555004995
1977-09-30,1977,9,port_V10,0.5044537746002957
1977-09-30,1977,9,port_V14,0.14439010940523894
1977-10-31,1977,10,port_V5,0.13589136019243475
1977-10-31,1977,10,port_V6,0.16579664452311965
1977-10-31,1977,10,port_V9,0.04269728026010296
1977-10-31,1977,10,port_V10,0.5055714991469675
1977-10-31,1977,10,port_V14,0.15004321587737518
1977-11-30,1977,11,port_V5,0.14249179471375936
1977-11-30,1977,11,port_V6,0.16773904055062122
1977-11-30,1977,11,port_V9,0.04230153890960043
1977-11-30,1977,11,port_V10,0.48973614847468766
1977-11-30,1977,11,port_V14,0.15773147735133133
1977-12-31,1977,12,port_V5,0.15092630202235408
1977-12-31,1977,12,port_V6,0.16186313504331593
1977-12-31,1977,12,port_V9,0.03980591420164569
1977-12-31,1977,12,port_V10,0.47886808819464577
1977-12-31,1977,12,port_V14,0.16853656053803862
1978-01-31,1978,1,port_V5,0.14715396578436415
1978-01-31,1978,1,port_V6,0.15320683169232613
1978-01-31,1978,1,port_V9,0.03907999763873039
1978-01-31,1978,1,port_V10,0.4794169149091813
1978-01-31,1978,1,port_V14,0.18114228997539814
1978-02-28,1978,2,port_V5,0.15045232874908743
1978-02-28,1978,2,port_V6,0.1514102493502622
1978-02-28,1978,2,port_V9,0.041631740507545784
1978-02-28,1978,2,port_V10,0.4757736063311981
1978-02-28,1978,2,port_V14,0.1807320750619065
1978-03-31,1978,3,port_V5,0.15220815500314702
1978-03-31,1978,3,port_V6,0.14740741781863403
1978-03-31,1978,3,port_V9,0.04235378629104096
1978-03-31,1978,3,port_V10,0.4760683017443956
1978-03-31,1978,3,port_V14,0.18196233914278245
1978-04-30,1978,4,port_V5,0.14356108293896622
1978-04-30,1978,4,port_V6,0.1384899326015248
1978-04-30,1978,4,port_V9,0.04104869410690302
1978-04-30,1978,4,port_V10,0.5010136806891634
1978-04-30,1978,4,port_V14,0.17588660966344263
1978-05-31,1978,5,port_V5,0.15444921309206341
1978-05-31,1978,5,port_V6,0.1433399993999807
1978-05-31,1978,5,port_V9,0.04360617861674463
1978-05-31,1978,5,port_V10,0.4965518666753142
1978-05-31,1978,5,port_V14,0.16205274221589708
1978-06-30,1978,6,port_V5,0.15859060761806104
1978-06-30,1978,6,port_V6,0.14475209804068132
1978-06-30,1978,6,port_V9,0.04226205329674506
1978-06-30,1978,6,port_V10,0.4817056591888585
1978-06-30,1978,6,port_V14,0.17268958185565403
1978-07-31,1978,7,port_V5,0.11573562327123321
1978-07-31,1978,7,port_V6,0.1385405707075957
1978-07-31,1978,7,port_V9,0.12134298193239611
1978-07-31,1978,7,port_V10,0.49306162791898295
1978-07-31,1978,7,port_V14,0.13131919616979207
1978-08-31,1978,8,port_V5,0.11052523953822431
1978-08-31,1978,8,port_V6,0.12667177257912324
1978-08-31,1978,8,port_V9,0.12186133545993975
1978-08-31,1978,8,port_V10,0.5192738173419571
1978-08-31,1978,8,port_V14,0.12166783508075552
1978-09-30,1978,9,port_V5,0.10871771241574162
1978-09-30,1978,9,port_V6,0.12744330074253699
1978-09-30,1978,9,port_V9,0.11272853410904198
1978-09-30,1978,9,port_V10,0.5289628135776142
1978-09-30,1978,9,port_V14,0.1221476391550653
1978-10-31,1978,10,port_V5,0.10666711083020847
1978-10-31,1978,10,port_V6,0.12338974695419884
1978-10-31,1978,10,port_V9,0.1103462391340784
1978-10-31,1978,10,port_V10,0.5413236661648797
1978-10-31,1978,10,port_V14,0.1182732369166345
1978-11-30,1978,11,port_V5,0.10926800476654226
1978-11-30,1978,11,port_V6,0.12204968042949645
1978-11-30,1978,11,port_V9,0.1110039402890813
1978-11-30,1978,11,port_V10,0.5419913885860621
1978-11-30,1978,11,port_V14,0.11568698592881783
1978-12-31,1978,12,port_V5,0.11333394107326887
1978-12-31,1978,12,port_V6,0.11726777981683982
1978-12-31,1978,12,port_V9,0.10279763113270399
1978-12-31,1978,12,port_V10,0.5410942909439025
1978-12-31,1978,12,port_V14,0.12550635703328492
1979-01-31,1979,1,port_V5,0.1093296436159558
1979-01-31,1979,1,port_V6,0.11961730747783925
1979-01-31,1979,1,port_V9,0.092636618741982
1979-01-31,1979,1,port_V10,0.5548343422640055
1979-01-31,1979,1,port_V14,0.12358208790021752
1979-02-28,1979,2,port_V5,0.11101316534889133
1979-02-28,1979,2,port_V6,0.11770393109851361
1979-02-28,1979,2,port_V9,0.09776663541407285
1979-02-28,1979,2,port_V10,0.5446759286262306
1979-02-28,1979,2,port_V14,0.12884033951229176
1979-03-31,1979,3,port_V5,0.10667022385454128
1979-03-31,1979,3,port_V6,0.12047489922651881
1979-03-31,1979,3,port_V9,0.09606860832981926
1979-03-31,1979,3,port_V10,0.5275903930514617
1979-03-31,1979,3,port_V14,0.1491958755376591
1979-04-30,1979,4,port_V5,0.10511741525903001
1979-04-30,1979,4,port_V6,0.12505404486870653
1979-04-30,1979,4,port_V9,0.09404059673676865
1979-04-30,1979,4,port_V10,0.5194133796584831
1979-04-30,1979,4,port_V14,0.1563745634770117
1979-05-31,1979,5,port_V5,0.1072863406116584
1979-05-31,1979,5,port_V6,0.11762420345283921
1979-05-31,1979,5,port_V9,0.09003374626137747
1979-05-31,1979,5,port_V10,0.5207914113286864
1979-05-31,1979,5,port_V14,0.16426429834543854
1979-06-30,1979,6,port_V5,0.1002981975156422
1979-06-30,1979,6,port_V6,0.11586449213129518
1979-06-30,1979,6,port_V9,0.0881614237292871
1979-06-30,1979,6,port_V10,0.5347800373929936
1979-06-30,1979,6,port_V14,0.160895849230782
1979-07-31,1979,7,port_V5,0.11186764068910326
1979-07-31,1979,7,port_V6,0.1087329602129102
1979-07-31,1979,7,port_V9,0.008300076588014451
1979-07-31,1979,7,port_V10,0.33097788843061954
1979-07-31,1979,7,port_V14,0.10739279458748864
1979-07-31,1979,7,port_V29,0.332728639491864
1979-08-31,1979,8,port_V5,0.10737261811513299
1979-08-31,1979,8,port_V6,0.10718791081347512
1979-08-31,1979,8,port_V9,0.00789334722699533
1979-08-31,1979,8,port_V10,0.33885913409272606
1979-08-31,1979,8,port_V14,0.10415382000471024
1979-08-31,1979,8,port_V29,0.3345331697469604
1979-09-30,1979,9,port_V5,0.10492304279161502
1979-09-30,1979,9,port_V6,0.117735908024418
1979-09-30,1979,9,port_V9,0.007252663913872367
1979-09-30,1979,9,port_V10,0.33541526161287677
1979-09-30,1979,9,port_V14,0.09998351826786775
1979-09-30,1979,9,port_V29,0.33468960538935016
1979-10-31,1979,10,port_V5,0.10716230267557905
1979-10-31,1979,10,port_V6,0.12485030429312098
1979-10-31,1979,10,port_V9,0.007231875875673391
1979-10-31,1979,10,port_V10,0.32845892584782826
1979-10-31,1979,10,port_V14,0.10286117212531919
1979-10-31,1979,10,port_V29,0.3294354191824791
1979-11-30,1979,11,port_V5,0.11432839398593125
1979-11-30,1979,11,port_V6,0.1283704953766928
1979-11-30,1979,11,port_V9,0.006332750334864544
1979-11-30,1979,11,port_V10,0.31712100474046045
1979-11-30,1979,11,port_V14,0.10564477476855338
1979-11-30,1979,11,port_V29,0.3282025807934977
1979-12-31,1979,12,port_V5,0.10362482343409403
1979-12-31,1979,12,port_V6,0.1277883614801075
1979-12-31,1979,12,port_V9,0.005293948803100297
1979-12-31,1979,12,port_V10,0.3416863360712679
1979-12-31,1979,12,port_V14,0.10424827053311685
1979-12-31,1979,12,port_V29,0.31735825967831355
1980-01-31,1980,1,port_V5,0.10146522063531604
1980-01-31,1980,1,port_V6,0.1397428841765523
1980-01-31,1980,1,port_V9,0.005067325572125603
1980-01-31,1980,1,port_V10,0.32684315044016066
1980-01-31,1980,1,port_V14,0.10560513542495374
1980-01-31,1980,1,port_V29,0.32127628375089173
1980-02-29,1980,2,port_V5,0.10354298592853779
1980-02-29,1980,2,port_V6,0.13241077036862517
1980-02-29,1980,2,port_V9,0.0050392374507895205
1980-02-29,1980,2,port_V10,0.3153567750547834
1980-02-29,1980,2,port_V14,0.11063909695130346
1980-02-29,1980,2,port_V29,0.3330111342459606
1980-03-31,1980,3,port_V5,0.09920435435658922
1980-03-31,1980,3,port_V6,0.13219943128453993
1980-03-31,1980,3,port_V9,0.004670709032031427
1980-03-31,1980,3,port_V10,0.31707420993531993
1980-03-31,1980,3,port_V14,0.11286367724252254
1980-03-31,1980,3,port_V29,0.33398761814899697
1980-04-30,1980,4,port_V5,0.09663401596166016
1980-04-30,1980,4,port_V6,0.12653066394562337
1980-04-30,1980,4,port_V9,0.004151769366354474
1980-04-30,1980,4,port_V10,0.32560871850760376
1980-04-30,1980,4,port_V14,0.11260878714385951
1980-04-30,1980,4,port_V29,0.33446604507489874
1980-05-31,1980,5,port_V5,0.10508678899806427
1980-05-31,1980,5,port_V6,0.1200683401473108
1980-05-31,1980,5,port_V9,0.00449279400909453
1980-05-31,1980,5,port_V10,0.3123961311236731
1980-05-31,1980,5,port_V14,0.11778970447432632
1980-05-31,1980,5,port_V29,0.340166241247531
1980-06-30,1980,6,port_V5,0.10380068961965912
1980-06-30,1980,6,port_V6,0.12248318593948379
1980-06-30,1980,6,port_V9,0.004228200509434506
1980-06-30,1980,6,port_V10,0.3188818082815999
1980-06-30,1980,6,port_V14,0.11322846455821228
1980-06-30,1980,6,port_V29,0.3373776510916105
1980-07-31,1980,7,port_V5,0.14486037419949938
1980-07-31,1980,7,port_V6,0.10776471943903582
1980-07-31,1980,7,port_V9,0.07470769169642966
1980-07-31,1980,7,port_V10,0.32292794067753666
1980-07-31,1980,7,port_V14,0.09778410222059332
1980-07-31,1980,7,port_V29,0.25195517176690524
1980-08-31,1980,8,port_V5,0.14712933670081652
1980-08-31,1980,8,port_V6,0.10673801803394399
1980-08-31,1980,8,port_V9,0.07021888456658228
1980-08-31,1980,8,port_V10,0.3216954223987409
1980-08-31,1980,8,port_V14,0.10622359237757409
1980-08-31,1980,8,port_V29,0.24799474592234225
1980-09-30,1980,9,port_V5,0.15682940839835602
1980-09-30,1980,9,port_V6,0.10587284991437476
1980-09-30,1980,9,port_V9,0.07049472231623648
1980-09-30,1980,9,port_V10,0.3087917398441999
1980-09-30,1980,9,port_V14,0.10717359418252442
1980-09-30,1980,9,port_V29,0.2508376853443084
1980-10-31,1980,10,port_V5,0.15432146421068016
1980-10-31,1980,10,port_V6,0.10556668751048223
1980-10-31,1980,10,port_V9,0.07090882355547737
1980-10-31,1980,10,port_V10,0.31154413186338786
1980-10-31,1980,10,port_V14,0.0970780793395082
1980-10-31,1980,10,port_V29,0.2605808135204642
1980-11-30,1980,11,port_V5,0.15304573301586719
1980-11-30,1980,11,port_V6,0.10620567865027734
1980-11-30,1980,11,port_V9,0.06072056934951732
1980-11-30,1980,11,port_V10,0.310154146190912
1980-11-30,1980,11,port_V14,0.10258089948337408
1980-11-30,1980,11,port_V29,0.2672929733100522
1980-12-31,1980,12,port_V5,0.15248413286958926
1980-12-31,1980,12,port_V6,0.10619488645016252
1980-12-31,1980,12,port_V9,0.059843335559197394
1980-12-31,1980,12,port_V10,0.3235692013112595
1980-12-31,1980,12,port_V14,0.0939404575353231
1980-12-31,1980,12,port_V29,0.26396798627446827
1981-01-31,1981,1,port_V5,0.14836470601506063
1981-01-31,1981,1,port_V6,0.10939257254143576
1981-01-31,1981,1,port_V9,0.0591126758756043
1981-01-31,1981,1,port_V10,0.3123044388407214
1981-01-31,1981,1,port_V14,0.09591266324468366
1981-01-31,1981,1,port_V29,0.2749129434824943
1981-02-28,1981,2,port_V5,0.14437011587175014
1981-02-28,1981,2,port_V6,0.11482082869504975
1981-02-28,1981,2,port_V9,0.05596553570272091
1981-02-28,1981,2,port_V10,0.3164373321831657
1981-02-28,1981,2,port_V14,0.08800006867167583
1981-02-28,1981,2,port_V29,0.28040611887563777
1981-03-31,1981,3,port_V5,0.14934128380541206
1981-03-31,1981,3,port_V6,0.11437252863829422
1981-03-31,1981,3,port_V9,0.05204731003027206
1981-03-31,1981,3,port_V10,0.3160486926398531
1981-03-31,1981,3,port_V14,0.08833963703537198
1981-03-31,1981,3,port_V29,0.27985054785079655
1981-04-30,1981,4,port_V5,0.13251862116836874
1981-04-30,1981,4,port_V6,0.12113198776126725
1981-04-30,1981,4,port_V9,0.04952722960919
1981-04-30,1981,4,port_V10,0.30466516229395985
1981-04-30,1981,4,port_V14,0.08926937125043721
1981-04-30,1981,4,port_V29,0.302887627916777
1981-05-31,1981,5,port_V5,0.13461312916592197
1981-05-31,1981,5,port_V6,0.12879732147303524
1981-05-31,1981,5,port_V9,0.04619211819263854
1981-05-31,1981,5,port_V10,0.29924324522770407
1981-05-31,1981,5,port_V14,0.08438007893795502
1981-05-31,1981,5,port_V29,0.3067741070027453
1981-06-30,1981,6,port_V5,0.1354804793989901
1981-06-30,1981,6,port_V6,0.1326306824458023
1981-06-30,1981,6,port_V9,0.0450706554040902
1981-06-30,1981,6,port_V10,0.2979416099244951
1981-06-30,1981,6,port_V14,0.08141759859588354
1981-06-30,1981,6,port_V29,0.3074589742307388
1981-07-31,1981,7,port_V5,0.12677910139193407
1981-07-31,1981,7,port_V6,0.38412932697375723
1981-07-31,1981,7,port_V7,0.11806723808183436
1981-07-31,1981,7,port_V9,0.042062448220679
1981-07-31,1981,7,port_V10,0.13388939644052394
1981-07-31,1981,7,port_V11,0.16331049978942294
1981-07-31,1981,7,port_V29,0.031761989101848506
1981-08-31,1981,8,port_V5,0.1261613103333576
1981-08-31,1981,8,port_V6,0.3967950048674638
1981-08-31,1981,8,port_V7,0.11591500029681226
1981-08-31,1981,8,port_V9,0.03595659128229021
1981-08-31,1981,8,port_V10,0.12704269553782005
1981-08-31,1981,8,port_V11,0.16698762353317806
1981-08-31,1981,8,port_V29,0.03114177414907822
1981-09-30,1981,9,port_V5,0.1253849109732298
1981-09-30,1981,9,port_V6,0.40829457404189534
1981-09-30,1981,9,port_V7,0.11058661400479217
1981-09-30,1981,9,port_V9,0.03289075287279003
1981-09-30,1981,9,port_V10,0.1335705904894656
1981-09-30,1981,9,port_V11,0.15785476782412358
1981-09-30,1981,9,port_V29,0.03141778979370352
1981-10-31,1981,10,port_V5,0.1252195400806919
1981-10-31,1981,10,port_V6,0.42845113895748266
1981-10-31,1981,10,port_V7,0.11590442666814213
1981-10-31,1981,10,port_V9,0.030485228665873165
1981-10-31,1981,10,port_V10,0.12727248009583028
1981-10-31,1981,10,port_V11,0.1411743772779312
1981-10-31,1981,10,port_V29,0.031492808254048855
1981-11-30,1981,11,port_V5,0.12138350526698026
1981-11-30,1981,11,port_V6,0.43673242835406173
1981-11-30,1981,11,port_V7,0.11077079997338161
1981-11-30,1981,11,port_V9,0.028004969267215393
1981-11-30,1981,11,port_V10,0.12793077387484372
1981-11-30,1981,11,port_V11,0.142444056855935
1981-11-30,1981,11,port_V29,0.03273346640758235
1981-12-31,1981,12,port_V5,0.11459095318616207
1981-12-31,1981,12,port_V6,0.4293811660559438
1981-12-31,1981,12,port_V7,0.11676607658238193
1981-12-31,1981,12,port_V9,0.023212805389433263
1981-12-31,1981,12,port_V10,0.1317392700313174
1981-12-31,1981,12,port_V11,0.1506630860705511
1981-12-31,1981,12,port_V29,0.0336466426842106
1982-01-31,1982,1,port_V5,0.11505229635951324
1982-01-31,1982,1,port_V6,0.4279430692854654
1982-01-31,1982,1,port_V7,0.11911856577585808
1982-01-31,1982,1,port_V9,0.023940573033239744
1982-01-31,1982,1,port_V10,0.11976795305707938
1982-01-31,1982,1,port_V11,0.15567491780607012
1982-01-31,1982,1,port_V29,0.03850262468277406
1982-02-28,1982,2,port_V5,0.10499642449012522
1982-02-28,1982,2,port_V6,0.43673151781394387
1982-02-28,1982,2,port_V7,0.12121607339571565
1982-02-28,1982,2,port_V9,0.020533696819509593
1982-02-28,1982,2,port_V10,0.11582095840735789
1982-02-28,1982,2,port_V11,0.15762569137952967
1982-02-28,1982,2,port_V29,0.04307563769381808
1982-03-31,1982,3,port_V5,0.10083178829047325
1982-03-31,1982,3,port_V6,0.44894814584734927
1982-03-31,1982,3,port_V7,0.11386535437394679
1982-03-31,1982,3,port_V9,0.0207620842171302
1982-03-31,1982,3,port_V10,0.11394762079659775
1982-03-31,1982,3,port_V11,0.1554893316991731
1982-03-31,1982,3,port_V29,0.0461556747753296
1982-04-30,1982,4,port_V5,0.10429600362499253
1982-04-30,1982,4,port_V6,0.45929275544204573
1982-04-30,1982,4,port_V7,0.12106783800043906
1982-04-30,1982,4,port_V9,0.017709169175429914
1982-04-30,1982,4,port_V10,0.11246784338583272
1982-04-30,1982,4,port_V11,0.1350839881311286
1982-04-30,1982,4,port_V29,0.05008240224013145
1982-05-31,1982,5,port_V5,0.09429062775369883
1982-05-31,1982,5,port_V6,0.4817875684635265
1982-05-31,1982,5,port_V7,0.12003881581948565
1982-05-31,1982,5,port_V9,0.01604097343011877
1982-05-31,1982,5,port_V10,0.10872395076429035
1982-05-31,1982,5,port_V11,0.12255664122422823
1982-05-31,1982,5,port_V29,0.05656142254465154
1982-06-30,1982,6,port_V5,0.08787381772844174
1982-06-30,1982,6,port_V6,0.46866730113565214
1982-06-30,1982,6,port_V7,0.12580848942390627
1982-06-30,1982,6,port_V9,0.013820793988956128
1982-06-30,1982,6,port_V10,0.11125812352818262
1982-06-30,1982,6,port_V11,0.13207542788543444
1982-06-30,1982,6,port_V29,0.06049604630942657
1982-07-31,1982,7,port_V5,0.08041007681349846
1982-07-31,1982,7,port_V6,0.4066156389890714
1982-07-31,1982,7,port_V7,0.09781933989475013
1982-07-31,1982,7,port_V10,0.11684427543249265
1982-07-31,1982,7,port_V11,0.08058525656579556
1982-07-31,1982,7,port_V29,0.21772541230439185
1982-08-31,1982,8,port_V5,0.08002391701417745
1982-08-31,1982,8,port_V6,0.402053140551845
1982-08-31,1982,8,port_V7,0.0914511012231867
1982-08-31,1982,8,port_V10,0.11516672437336248
1982-08-31,1982,8,port_V11,0.0840036302391793
1982-08-31,1982,8,port_V29,0.22730148659824917
1982-09-30,1982,9,port_V5,0.07651488270735397
1982-09-30,1982,9,port_V6,0.4263410308008246
1982-09-30,1982,9,port_V7,0.09440419236055689
1982-09-30,1982,9,port_V10,0.09998273311775785
1982-09-30,1982,9,port_V11,0.07504745112429924
1982-09-30,1982,9,port_V29,0.22770970988920727
1982-10-31,1982,10,port_V5,0.07839022892457156
1982-10-31,1982,10,port_V6,0.4059729233100605
1982-10-31,1982,10,port_V7,0.09175047675151593
1982-10-31,1982,10,port_V10,0.09711410269936988
1982-10-31,1982,10,port_V11,0.07412501963790256
1982-10-31,1982,10,port_V29,0.2526472486765796
1982-11-30,1982,11,port_V5,0.0689698909085067
1982-11-30,1982,11,port_V6,0.4214022457913628
1982-11-30,1982,11,port_V7,0.08928712074161246
1982-11-30,1982,11,port_V10,0.09640609757294563
1982-11-30,1982,11,port_V11,0.07283442130543541
1982-11-30,1982,11,port_V29,0.25110022368013696
1982-12-31,1982,12,port_V5,0.06609147970335436
1982-12-31,1982,12,port_V6,0.4292021294338276
1982-12-31,1982,12,port_V7,0.09214284167650778
1982-12-31,1982,12,port_V10,0.0897953681853271
1982-12-31,1982,12,port_V11,0.07314126089542639
1982-12-31,1982,12,port_V29,0.24962692010555682
1983-01-31,1983,1,port_V5,0.06429756818894666
1983-01-31,1983,1,port_V6,0.44285864758877297
1983-01-31,1983,1,port_V7,0.09243775631049275
1983-01-31,1983,1,port_V10,0.08329961426801631
1983-01-31,1983,1,port_V11,0.07355964947089777
1983-01-31,1983,1,port_V29,0.24354676417287352
1983-02-28,1983,2,port_V5,0.06525693590939426
1983-02-28,1983,2,port_V6,0.4409101386782856
1983-02-28,1983,2,port_V7,0.08499329497687434
1983-02-28,1983,2,port_V10,0.08463493459542577
1983-02-28,1983,2,port_V11,0.06733797607949818
1983-02-28,1983,2,port_V29,0.25686671976052194
1983-03-31,1983,3,port_V5,0.059956421128048304
1983-03-31,1983,3,port_V6,0.4417214876291128
1983-03-31,1983,3,port_V7,0.08453367407228242
1983-03-31,1983,3,port_V10,0.08177280815572434
1983-03-31,1983,3,port_V11,0.06630049714812566
1983-03-31,1983,3,port_V29,0.2657151118667065
1983-04-30,1983,4,port_V5,0.055274281110377535
1983-04-30,1983,4,port_V6,0.42676349205018516
1983-04-30,1983,4,port_V7,0.08726711458303221
1983-04-30,1983,4,port_V10,0.07438759410566216
1983-04-30,1983,4,port_V11,0.06458135474205141
1983-04-30,1983,4,port_V29,0.2917261634086916
1983-05-31,1983,5,port_V5,0.052098128846913005
1983-05-31,1983,5,port_V6,0.4415542340733767
1983-05-31,1983,5,port_V7,0.07730224739741015
1983-05-31,1983,5,port_V10,0.07987689742083463
1983-05-31,1983,5,port_V11,0.06672385916553324
1983-05-31,1983,5,port_V29,0.2824446330959324
1983-06-30,1983,6,port_V5,0.052086570716519114
1983-06-30,1983,6,port_V6,0.4393157030626626
1983-06-30,1983,6,port_V7,0.08188381012249087
1983-06-30,1983,6,port_V10,0.08409651500928163
1983-06-30,1983,6,port_V11,0.06285056842687972
1983-06-30,1983,6,port_V29,0.27976683266216607
1983-07-31,1983,7,port_V5,0.04943916683458125
1983-07-31,1983,7,port_V6,0.3811588972048724
1983-07-31,1983,7,port_V7,0.22426057694680024
1983-07-31,1983,7,port_V9,0.018080512576619138
1983-07-31,1983,7,port_V10,0.06574561109889142
1983-07-31,1983,7,port_V11,0.08517120509691309
1983-07-31,1983,7,port_V14,0.10093360956618105
1983-07-31,1983,7,port_V25,0.07521042067514153
1983-08-31,1983,8,port_V5,0.04859817692336
1983-08-31,1983,8,port_V6,0.3853587330203409
1983-08-31,1983,8,port_V7,0.220878668319588
1983-08-31,1983,8,port_V9,0.0185205829729743
1983-08-31,1983,8,port_V10,0.06105824673516487
1983-08-31,1983,8,port_V11,0.08254820563713315
1983-08-31,1983,8,port_V14,0.10978936188249235
1983-08-31,1983,8,port_V25,0.07324802450894649
1983-09-30,1983,9,port_V5,0.04594092878203142
1983-09-30,1983,9,port_V6,0.38014212173960993
1983-09-30,1983,9,port_V7,0.21771772844722542
1983-09-30,1983,9,port_V9,0.016387339315129666
1983-09-30,1983,9,port_V10,0.06284080977375622
1983-09-30,1983,9,port_V11,0.0818095988908092
1983-09-30,1983,9,port_V14,0.11726949857850505
1983-09-30,1983,9,port_V25,0.07789197447293315
1983-10-31,1983,10,port_V5,0.04449133025859494
1983-10-31,1983,10,port_V6,0.3900830519886439
1983-10-31,1983,10,port_V7,0.21328825737399318
1983-10-31,1983,10,port_V9,0.016582189494216387
1983-10-31,1983,10,port_V10,0.06301825071982989
1983-10-31,1983,10,port_V11,0.0812465832246865
1983-10-31,1983,10,port_V14,0.11108196483146894
1983-10-31,1983,10,port_V25,0.08020837210856631
1983-11-30,1983,11,port_V5,0.0402796518492609
1983-11-30,1983,11,port_V6,0.3863354367310846
1983-11-30,1983,11,port_V7,0.2071610440137917
1983-11-30,1983,11,port_V9,0.014265548007096696
1983-11-30,1983,11,port_V10,0.06290633855468715
1983-11-30,1983,11,port_V11,0.09288423270686315
1983-11-30,1983,11,port_V14,0.11510999954381515
1983-11-30,1983,11,port_V25,0.08105774859340066
1983-12-31,1983,12,port_V5,0.03771928790689613
1983-12-31,1983,12,port_V6,0.3931654904845028
1983-12-31,1983,12,port_V7,0.20674978969171562
1983-12-31,1983,12,port_V9,0.012490847833959689
1983-12-31,1983,12,port_V10,0.06271606206754646
1983-12-31,1983,12,port_V11,0.08923544004609778
1983-12-31,1983,12,port_V14,0.11810443862662283
1983-12-31,1983,12,port_V25,0.07981864334265874
1984-01-31,1984,1,port_V5,0.03784101749638699
1984-01-31,1984,1,port_V6,0.3812898743531023
1984-01-31,1984,1,port_V7,0.20917209386331226
1984-01-31,1984,1,port_V9,0.012561231106061712
1984-01-31,1984,1,port_V10,0.06221631223100589
1984-01-31,1984,1,port_V11,0.09459926318158855
1984-01-31,1984,1,port_V14,0.12115777587894101
1984-01-31,1984,1,port_V25,0.08116243188960134
1984-02-29,1984,2,port_V5,0.03329501050380544
1984-02-29,1984,2,port_V6,0.4063105214891831
1984-02-29,1984,2,port_V7,0.20292271375471943
1984-02-29,1984,2,port_V9,0.011159840522918216
1984-02-29,1984,2,port_V10,0.058094397255328105
1984-02-29,1984,2,port_V11,0.08946767199025234
1984-02-29,1984,2,port_V14,0.12088506668684172
1984-02-29,1984,2,port_V25,0.07786477779695176
1984-03-31,1984,3,port_V5,0.03020556579585663
1984-03-31,1984,3,port_V6,0.4079644370070486
1984-03-31,1984,3,port_V7,0.21140661003451355
1984-03-31,1984,3,port_V9,0.010876474178811171
1984-03-31,1984,3,port_V10,0.054398188672256494
1984-03-31,1984,3,port_V11,0.08975421959761525
1984-03-31,1984,3,port_V14,0.11990121883890024
1984-03-31,1984,3,port_V25,0.07549328587499818
1984-04-30,1984,4,port_V5,0.028188281043404456
1984-04-30,1984,4,port_V6,0.39988124040070283
1984-04-30,1984,4,port_V7,0.21440812844533333
1984-04-30,1984,4,port_V9,0.009888899300455995
1984-04-30,1984,4,port_V10,0.053879496694340084
1984-04-30,1984,4,port_V11,0.10601926023894066
1984-04-30,1984,4,port_V14,0.1160744785160962
1984-04-30,1984,4,port_V25,0.07166021536072642
1984-05-31,1984,5,port_V5,0.026029357117476646
1984-05-31,1984,5,port_V6,0.38168358771243266
1984-05-31,1984,5,port_V7,0.22475148633271094
1984-05-31,1984,5,port_V9,0.008829564504857175
1984-05-31,1984,5,port_V10,0.04989648195244365
1984-05-31,1984,5,port_V11,0.10573519725929666
1984-05-31,1984,5,port_V14,0.1347777558532156
1984-05-31,1984,5,port_V25,0.0682965692675667
1984-06-30,1984,6,port_V5,0.026256653215513594
1984-06-30,1984,6,port_V6,0.37899772132276455
1984-06-30,1984,6,port_V7,0.20880174785248745
1984-06-30,1984,6,port_V9,0.010194691045398208
1984-06-30,1984,6,port_V10,0.048882017737685586
1984-06-30,1984,6,port_V11,0.11821311830170436
1984-06-30,1984,6,port_V14,0.14547044950375074
1984-06-30,1984,6,port_V25,0.06318360102069541
1984-07-31,1984,7,port_V5,0.020504125204284945
1984-07-31,1984,7,port_V6,0.4769707400348686
1984-07-31,1984,7,port_V7,0.017971756303441333
1984-07-31,1984,7,port_V9,0.023184745066182788
1984-07-31,1984,7,port_V10,0.060391802264559265
1984-07-31,1984,7,port_V11,0.22057608896762668
1984-07-31,1984,7,port_V13,0.012711591846314435
1984-07-31,1984,7,port_V14,0.1676891503127219
1984-08-31,1984,8,port_V5,0.01986827447518997
1984-08-31,1984,8,port_V6,0.4897159380629751
1984-08-31,1984,8,port_V7,0.01690059548325272
1984-08-31,1984,8,port_V9,0.022444315745038326
1984-08-31,1984,8,port_V10,0.05604230697987696
1984-08-31,1984,8,port_V11,0.21646621391582563
1984-08-31,1984,8,port_V13,0.012910823019664957
1984-08-31,1984,8,port_V14,0.16565153231817642
1984-09-30,1984,9,port_V5,0.01978461937881791
1984-09-30,1984,9,port_V6,0.4837800420358454
1984-09-30,1984,9,port_V7,0.015785640763382375
1984-09-30,1984,9,port_V9,0.02100131301539527
1984-09-30,1984,9,port_V10,0.05011745611284412
1984-09-30,1984,9,port_V11,0.21438278306167113
1984-09-30,1984,9,port_V13,0.013512769169951975
1984-09-30,1984,9,port_V14,0.1816353764620919
1984-10-31,1984,10,port_V5,0.018925582435936915
1984-10-31,1984,10,port_V6,0.5071258441306756
1984-10-31,1984,10,port_V7,0.014654816021898142
1984-10-31,1984,10,port_V9,0.02054064249093162
1984-10-31,1984,10,port_V10,0.04604739978672049
1984-10-31,1984,10,port_V11,0.20220370971113172
1984-10-31,1984,10,port_V13,0.013169611311202692
1984-10-31,1984,10,port_V14,0.17733239411150292
1984-11-30,1984,11,port_V5,0.01846284569483385
1984-11-30,1984,11,port_V6,0.5071321561502972
1984-11-30,1984,11,port_V7,0.01374213930069432
1984-11-30,1984,11,port_V9,0.019205442684478418
1984-11-30,1984,11,port_V10,0.040592245583162656
1984-11-30,1984,11,port_V11,0.19768563812398066
1984-11-30,1984,11,port_V13,0.013354420614704378
1984-11-30,1984,11,port_V14,0.18982511184784856
1984-12-31,1984,12,port_V5,0.016585328155298045
1984-12-31,1984,12,port_V6,0.5000491014298631
1984-12-31,1984,12,port_V7,0.012988109851296314
1984-12-31,1984,12,port_V9,0.01946887341105082
1984-12-31,1984,12,port_V10,0.03775951955903235
1984-12-31,1984,12,port_V11,0.202037970388044
1984-12-31,1984,12,port_V13,0.015177938026250623
1984-12-31,1984,12,port_V14,0.19593315917916482
1985-01-31,1985,1,port_V5,0.014644778960531938
1985-01-31,1985,1,port_V6,0.49650263042550635
1985-01-31,1985,1,port_V7,0.011495438078833463
1985-01-31,1985,1,port_V9,0.01845569685485103
1985-01-31,1985,1,port_V10,0.03329500587861713
1985-01-31,1985,1,port_V11,0.21231470134415378
1985-01-31,1985,1,port_V13,0.013803969393623352
1985-01-31,1985,1,port_V14,0.1994877790638828
1985-02-28,1985,2,port_V5,0.013607597768127347
1985-02-28,1985,2,port_V6,0.4975502495701153
1985-02-28,1985,2,port_V7,0.0101343020927664
1985-02-28,1985,2,port_V9,0.01804797591707962
1985-02-28,1985,2,port_V10,0.028602176609082285
1985-02-28,1985,2,port_V11,0.2091113867831814
1985-02-28,1985,2,port_V13,0.014539188246277025
1985-02-28,1985,2,port_V14,0.20840712301337058
1985-03-31,1985,3,port_V5,0.012614471884014745
1985-03-31,1985,3,port_V6,0.48721083348813804
1985-03-31,1985,3,port_V7,0.009135563671430359
1985-03-31,1985,3,port_V9,0.01827673654932696
1985-03-31,1985,3,port_V10,0.027136639973292572
1985-03-31,1985,3,port_V11,0.20762516629757785
1985-03-31,1985,3,port_V13,0.013997135609046798
1985-03-31,1985,3,port_V14,0.2240034525271727
1985-04-30,1985,4,port_V5,0.011682203680347905
1985-04-30,1985,4,port_V6,0.48088542768775777
1985-04-30,1985,4,port_V7,0.0083693046746943
1985-04-30,1985,4,port_V9,0.01784630649976866
1985-04-30,1985,4,port_V10,0.024668703982257623
1985-04-30,1985,4,port_V11,0.20998791949662682
1985-04-30,1985,4,port_V13,0.014291345870467452
1985-04-30,1985,4,port_V14,0.23226878810807958
1985-05-31,1985,5,port_V5,0.010438917659676219
1985-05-31,1985,5,port_V6,0.4829989636717932
1985-05-31,1985,5,port_V7,0.003782304149021466
1985-05-31,1985,5,port_V9,0.016192252363421547
1985-05-31,1985,5,port_V10,0.021173459437226864
1985-05-31,1985,5,port_V11,0.2186999657778294
1985-05-31,1985,5,port_V13,0.014138924919322456
1985-05-31,1985,5,port_V14,0.2325752120217089
1985-06-30,1985,6,port_V5,0.010651904945243167
1985-06-30,1985,6,port_V6,0.478593603088621
1985-06-30,1985,6,port_V7,0.003670931534713366
1985-06-30,1985,6,port_V9,0.015251730795334366
1985-06-30,1985,6,port_V10,0.021598347499060838
1985-06-30,1985,6,port_V11,0.21673142205975673
1985-06-30,1985,6,port_V13,0.013423088037565605
1985-06-30,1985,6,port_V14,0.2400789720397051
1985-07-31,1985,7,port_V5,0.00921668547890045
1985-07-31,1985,7,port_V6,0.4189676554956572
1985-07-31,1985,7,port_V9,0.010775360948356431
1985-07-31,1985,7,port_V10,0.11786753038924794
1985-07-31,1985,7,port_V11,0.35929665595427834
1985-07-31,1985,7,port_V13,0.014296590537538489
1985-07-31,1985,7,port_V14,0.05114114580246011
1985-07-31,1985,7,port_V15,0.01843837539356117
1985-08-31,1985,8,port_V5,0.008242316868306522
1985-08-31,1985,8,port_V6,0.41780167665237616
1985-08-31,1985,8,port_V9,0.010329287299771414
1985-08-31,1985,8,port_V10,0.11597446038357098
1985-08-31,1985,8,port_V11,0.3644462297509876
1985-08-31,1985,8,port_V13,0.015427693771773313
1985-08-31,1985,8,port_V14,0.04977408300786267
1985-08-31,1985,8,port_V15,0.018004252265351423
1985-09-30,1985,9,port_V5,0.00681598488067484
1985-09-30,1985,9,port_V6,0.42052401639778203
1985-09-30,1985,9,port_V9,0.01001874036750657
1985-09-30,1985,9,port_V10,0.11908792306995054
1985-09-30,1985,9,port_V11,0.3641671186783435
1985-09-30,1985,9,port_V13,0.013221495562948203
1985-09-30,1985,9,port_V14,0.04915947832780761
1985-09-30,1985,9,port_V15,0.017005242714986796
1985-10-31,1985,10,port_V5,0.006611506335979323
1985-10-31,1985,10,port_V6,0.42530438767687806
1985-10-31,1985,10,port_V9,0.010356678186430976
1985-10-31,1985,10,port_V10,0.10841650757930649
1985-10-31,1985,10,port_V11,0.3658993990159229
1985-10-31,1985,10,port_V13,0.012336426160136853
1985-10-31,1985,10,port_V14,0.05357760751096546
1985-10-31,1985,10,port_V15,0.01749748753437999
1985-11-30,1985,11,port_V5,0.005793153416275308
1985-11-30,1985,11,port_V6,0.4124273827317996
1985-11-30,1985,11,port_V9,0.010110040655657099
1985-11-30,1985,11,port_V10,0.11100112146514572
1985-11-30,1985,11,port_V11,0.37662806822957795
1985-11-30,1985,11,port_V13,0.012012925952587515
1985-11-30,1985,11,port_V14,0.055197151525899275
1985-11-30,1985,11,port_V15,0.016830156023057666
1985-12-31,1985,12,port_V5,0.005453782666831385
1985-12-31,1985,12,port_V6,0.3975105163110889
1985-12-31,1985,12,port_V9,0.010376600639672372
1985-12-31,1985,12,port_V10,0.1047365682122044
1985-12-31,1985,12,port_V11,0.3971652221044027
1985-12-31,1985,12,port_V13,0.011093892978557222
1985-12-31,1985,12,port_V14,0.05657100634548035
1985-12-31,1985,12,port_V15,0.017092410741762588
1986-01-31,1986,1,port_V5,0.005126655647146908
1986-01-31,1986,1,port_V6,0.39305013793526056
1986-01-31,1986,1,port_V9,0.010536759923271981
1986-01-31,1986,1,port_V10,0.1022699386388245
1986-01-31,1986,1,port_V11,0.40007860240222687
1986-01-31,1986,1,port_V13,0.010498026243718166
1986-01-31,1986,1,port_V14,0.06083458101360492
1986-01-31,1986,1,port_V15,0.01760529819594599
1986-02-28,1986,2,port_V5,0.0009080056196214446
1986-02-28,1986,2,port_V6,0.3905962611686343
1986-02-28,1986,2,port_V9,0.009676675089272847
1986-02-28,1986,2,port_V10,0.10007906150638926
1986-02-28,1986,2,port_V11,0.4046245507377265
1986-02-28,1986,2,port_V13,0.008097347906383686
1986-02-28,1986,2,port_V14,0.06671894334890213
1986-02-28,1986,2,port_V15,0.01929915462306991
1986-03-31,1986,3,port_V6,0.3792594248242604
1986-03-31,1986,3,port_V9,0.008795138139225446
1986-03-31,1986,3,port_V10,0.10554276609155744
1986-03-31,1986,3,port_V11,0.4140434457060272
1986-03-31,1986,3,port_V13,0.006198174567464579
1986-03-31,1986,3,port_V14,0.06684494516594136
1986-03-31,1986,3,port_V15,0.01931610550552355
1986-04-30,1986,4,port_V6,0.3616346527355834
1986-04-30,1986,4,port_V9,0.008777644842388065
1986-04-30,1986,4,port_V10,0.10589200008633229
1986-04-30,1986,4,port_V11,0.42652296611545004
1986-04-30,1986,4,port_V13,0.005332846959630291
1986-04-30,1986,4,port_V14,0.07277604802099022
1986-04-30,1986,4,port_V15,0.01906384123962577
1986-05-31,1986,5,port_V6,0.3591743503293995
1986-05-31,1986,5,port_V9,0.009676045186874123
1986-05-31,1986,5,port_V10,0.10456938268677075
1986-05-31,1986,5,port_V11,0.4138509312858243
1986-05-31,1986,5,port_V13,0.004928322154183237
1986-05-31,1986,5,port_V14,0.08816017577174816
1986-05-31,1986,5,port_V15,0.019640792585200042
1986-06-30,1986,6,port_V6,0.3401890437130988
1986-06-30,1986,6,port_V9,0.00977713073332898
1986-06-30,1986,6,port_V10,0.1013861420317257
1986-06-30,1986,6,port_V11,0.42943853795164605
1986-06-30,1986,6,port_V13,0.004097667615453253
1986-06-30,1986,6,port_V14,0.09659784765004271
1986-06-30,1986,6,port_V15,0.018513630304704428
1986-07-31,1986,7,port_V6,0.028127972857222214
1986-07-31,1986,7,port_V10,0.09556240227512654
1986-07-31,1986,7,port_V11,0.42648250125274084
1986-07-31,1986,7,port_V14,0.3733672358822976
1986-07-31,1986,7,port_V15,0.07645988773261295
1986-08-31,1986,8,port_V6,0.028889546142907417
1986-08-31,1986,8,port_V10,0.08636541637354882
1986-08-31,1986,8,port_V11,0.4241704879479404
1986-08-31,1986,8,port_V14,0.388987848493532
1986-08-31,1986,8,port_V15,0.07158670104207139
1986-09-30,1986,9,port_V6,0.028288657316181187
1986-09-30,1986,9,port_V10,0.08772359117372007
1986-09-30,1986,9,port_V11,0.4372312311275186
1986-09-30,1986,9,port_V14,0.37712202721796695
1986-09-30,1986,9,port_V15,0.06963449316461323
1986-10-31,1986,10,port_V6,0.027313463117026635
1986-10-31,1986,10,port_V10,0.08019823730039805
1986-10-31,1986,10,port_V11,0.4368747307481422
1986-10-31,1986,10,port_V14,0.38207248219599643
1986-10-31,1986,10,port_V15,0.07354108663843681
1986-11-30,1986,11,port_V6,0.025033024891053995
1986-11-30,1986,11,port_V10,0.07656792643617245
1986-11-30,1986,11,port_V11,0.4240051894453454
1986-11-30,1986,11,port_V14,0.4034105946104392
1986-11-30,1986,11,port_V15,0.07098326461698902
1986-12-31,1986,12,port_V6,0.02372352854213314
1986-12-31,1986,12,port_V10,0.07300824597714357
1986-12-31,1986,12,port_V11,0.4060572621294526
1986-12-31,1986,12,port_V14,0.42822018896291225
1986-12-31,1986,12,port_V15,0.06899077438835852
1987-01-31,1987,1,port_V6,0.021855601694018213
1987-01-31,1987,1,port_V10,0.07579448523243938
1987-01-31,1987,1,port_V11,0.41026567586479973
1987-01-31,1987,1,port_V14,0.4218431287832552
1987-01-31,1987,1,port_V15,0.07024110842548745
1987-02-28,1987,2,port_V6,0.02174082172168769
1987-02-28,1987,2,port_V10,0.07474411526496368
1987-02-28,1987,2,port_V11,0.41046389615844286
1987-02-28,1987,2,port_V14,0.4245364302731308
1987-02-28,1987,2,port_V15,0.06851473658177507
1987-03-31,1987,3,port_V6,0.020135943989384626
1987-03-31,1987,3,port_V10,0.0728502767553679
1987-03-31,1987,3,port_V11,0.4309748574755642
1987-03-31,1987,3,port_V14,0.4093977207217355
1987-03-31,1987,3,port_V15,0.06664120105794785
1987-04-30,1987,4,port_V6,0.0173386447888736
1987-04-30,1987,4,port_V10,0.07312557285705
1987-04-30,1987,4,port_V11,0.43698401536545195
1987-04-30,1987,4,port_V14,0.40490623283913973
1987-04-30,1987,4,port_V15,0.06764553414948463
1987-05-31,1987,5,port_V6,0.012902816107946155
1987-05-31,1987,5,port_V10,0.07429690584472412
1987-05-31,1987,5,port_V11,0.43585454355156894
1987-05-31,1987,5,port_V14,0.4040935175615282
1987-05-31,1987,5,port_V15,0.07285221693423262
1987-06-30,1987,6,port_V6,0.0115468382839601
1987-06-30,1987,6,port_V10,0.0752411363736373
1987-06-30,1987,6,port_V11,0.45293538951548484
1987-06-30,1987,6,port_V14,0.38583545373223244
1987-06-30,1987,6,port_V15,0.07444118209468528
1987-07-31,1987,7,port_V10,0.28919497087571233
1987-07-31,1987,7,port_V11,0.38603686736560955
1987-07-31,1987,7,port_V14,0.1983816362432337
1987-07-31,1987,7,port_V15,0.12638652551544452
1987-08-31,1987,8,port_V10,0.28992850625902994
1987-08-31,1987,8,port_V11,0.40298808315035806
1987-08-31,1987,8,port_V14,0.19119991159919575
1987-08-31,1987,8,port_V15,0.11588349899141631
1987-09-30,1987,9,port_V10,0.2826950197129081
1987-09-30,1987,9,port_V11,0.39781338339854144
1987-09-30,1987,9,port_V14,0.19667470949280935
1987-09-30,1987,9,port_V15,0.12281688739574102
1987-10-31,1987,10,port_V10,0.286409827639027
1987-10-31,1987,10,port_V11,0.4088041149845451
1987-10-31,1987,10,port_V14,0.19111926156306985
1987-10-31,1987,10,port_V15,0.11366679581335794
1987-11-30,1987,11,port_V10,0.2756461687511162
1987-11-30,1987,11,port_V11,0.4443356425131671
1987-11-30,1987,11,port_V14,0.16748490115123668
1987-11-30,1987,11,port_V15,0.11253328758448013
1987-12-31,1987,12,port_V10,0.2902970004895894
1987-12-31,1987,12,port_V11,0.4448138823500684
1987-12-31,1987,12,port_V14,0.1657193454962405
1987-12-31,1987,12,port_V15,0.09916977166410162
1988-01-31,1988,1,port_V10,0.29294454891918514
1988-01-31,1988,1,port_V11,0.4296409113547534
1988-01-31,1988,1,port_V14,0.1881888590741034
1988-01-31,1988,1,port_V15,0.08922568065195793
1988-02-29,1988,2,port_V10,0.2948476169960623
1988-02-29,1988,2,port_V11,0.4266470976279545
1988-02-29,1988,2,port_V14,0.19111218965957946
1988-02-29,1988,2,port_V15,0.08739309571640366
1988-03-31,1988,3,port_V10,0.28303279357822186
1988-03-31,1988,3,port_V11,0.42336719705376025
1988-03-31,1988,3,port_V14,0.20774461975586545
1988-03-31,1988,3,port_V15,0.08585538961215258
1988-04-30,1988,4,port_V10,0.2822647361912017
1988-04-30,1988,4,port_V11,0.43171590880584126
1988-04-30,1988,4,port_V14,0.20713776482937585
1988-04-30,1988,4,port_V15,0.07888159017358125
1988-05-31,1988,5,port_V10,0.28532613873545704
1988-05-31,1988,5,port_V11,0.4207845625359044
1988-05-31,1988,5,port_V14,0.21147834354566453
1988-05-31,1988,5,port_V15,0.08241095518297406
1988-06-30,1988,6,port_V10,0.2668784076718899
1988-06-30,1988,6,port_V11,0.42562160845904823
1988-06-30,1988,6,port_V14,0.22920396661004544
1988-06-30,1988,6,port_V15,0.07829601725901646
1988-07-31,1988,7,port_V10,0.03623418506914737
1988-07-31,1988,7,port_V11,0.29854110635489345
1988-07-31,1988,7,port_V14,0.05738884321698815
1988-07-31,1988,7,port_V29,0.607835865358971
1988-08-31,1988,8,port_V10,0.029514462010997035
1988-08-31,1988,8,port_V11,0.2942621523118663
1988-08-31,1988,8,port_V14,0.054995114292581054
1988-08-31,1988,8,port_V29,0.6212282713845556
1988-09-30,1988,9,port_V10,0.028020221408088596
1988-09-30,1988,9,port_V11,0.26308905957880896
1988-09-30,1988,9,port_V14,0.052738806570956406
1988-09-30,1988,9,port_V29,0.6561519124421461
1988-10-31,1988,10,port_V10,0.024876858925962368
1988-10-31,1988,10,port_V11,0.24484087198111423
1988-10-31,1988,10,port_V14,0.04878680181938448
1988-10-31,1988,10,port_V29,0.681495467273539
1988-11-30,1988,11,port_V10,0.018689550089214163
1988-11-30,1988,11,port_V11,0.19704166756662064
1988-11-30,1988,11,port_V14,0.03839144730102235
1988-11-30,1988,11,port_V29,0.7458773350431428
1988-12-31,1988,12,port_V10,0.01634335531272898
1988-12-31,1988,12,port_V11,0.18295660099488628
1988-12-31,1988,12,port_V14,0.03457623897719316
1988-12-31,1988,12,port_V29,0.7661238047151916
1989-01-31,1989,1,port_V10,0.013308510778569508
1989-01-31,1989,1,port_V11,0.16624980634863232
1989-01-31,1989,1,port_V14,0.011301651569495162
1989-01-31,1989,1,port_V29,0.809140031303303
1989-02-28,1989,2,port_V11,0.1493251944826645
1989-02-28,1989,2,port_V14,0.003371263516002383
1989-02-28,1989,2,port_V29,0.8473035420013332
1989-03-31,1989,3,port_V11,0.13855924657672455
1989-03-31,1989,3,port_V29,0.8614407534232755
1989-04-30,1989,4,port_V11,0.094876099012577
1989-04-30,1989,4,port_V29,0.905123900987423
1989-05-31,1989,5,port_V11,0.08307613054195918
1989-05-31,1989,5,port_V29,0.9169238694580408
1989-06-30,1989,6,port_V11,0.07299751297633614
1989-06-30,1989,6,port_V29,0.9270024870236638
1989-07-31,1989,7,port_V29,0.652530487120875
1989-07-31,1989,7,port_V30,0.34746951287912503
1989-08-31,1989,8,port_V29,0.6525724888906062
1989-08-31,1989,8,port_V30,0.3474275111093939
1989-09-30,1989,9,port_V29,0.6512301879316771
1989-09-30,1989,9,port_V30,0.34876981206832286
1989-10-31,1989,10,port_V29,0.6530832723561875
1989-10-31,1989,10,port_V30,0.3469167276438125
1989-11-30,1989,11,port_V29,0.6480446313738282
1989-11-30,1989,11,port_V30,0.35195536862617177
1989-12-31,1989,12,port_V29,0.640865463033427
1989-12-31,1989,12,port_V30,0.35913453696657305
1990-01-31,1990,1,port_V29,0.6425544449549055
1990-01-31,1990,1,port_V30,0.3574455550450945
1990-02-28,1990,2,port_V29,0.6357104663736468
1990-02-28,1990,2,port_V30,0.36428953362635325
1990-03-31,1990,3,port_V29,0.6308645954648243
1990-03-31,1990,3,port_V30,0.3691354045351756
1990-04-30,1990,4,port_V29,0.6283086556302593
1990-04-30,1990,4,port_V30,0.3716913443697406
1990-05-31,1990,5,port_V29,0.6421193749266005
1990-05-31,1990,5,port_V30,0.3578806250733994
1990-06-30,1990,6,port_V29,0.6359010184768565
1990-06-30,1990,6,port_V30,0.3640989815231433
1990-07-31,1990,7,port_V29,0.12634186163184774
1990-07-31,1990,7,port_V30,0.8736581383681522
1990-08-31,1990,8,port_V29,0.12966606032983724
1990-08-31,1990,8,port_V30,0.8703339396701628
1990-09-30,1990,9,port_V29,0.12966606032983724
1990-09-30,1990,9,port_V30,0.8703339396701628
1990-10-31,1990,10,port_V29,0.1349696553883563
1990-10-31,1990,10,port_V30,0.8650303446116436
1990-11-30,1990,11,port_V29,0.13263407101648636
1990-11-30,1990,11,port_V30,0.8673659289835136
1990-12-31,1990,12,port_V29,0.1552364892319252
1990-12-31,1990,12,port_V30,0.8447635107680749
1991-01-31,1991,1,port_V29,0.1575761815438192
1991-01-31,1991,1,port_V30,0.8424238184561809
1991-02-28,1991,2,port_V29,0.1615659418217329
1991-02-28,1991,2,port_V30,0.8384340581782672
1991-03-31,1991,3,port_V29,0.16232083592838176
1991-03-31,1991,3,port_V30,0.8376791640716184
1991-04-30,1991,4,port_V29,0.16760637080644272
1991-04-30,1991,4,port_V30,0.8323936291935572
1991-05-31,1991,5,port_V29,0.1749635333789709
1991-05-31,1991,5,port_V30,0.825036466621029
1991-06-30,1991,6,port_V29,0.18615152798091386
1991-06-30,1991,6,port_V30,0.8138484720190862
1991-07-31,1991,7,port_V29,0.5381067101878376
1991-07-31,1991,7,port_V30,0.4618932898121623
1991-08-31,1991,8,port_V29,0.532082306590408
1991-08-31,1991,8,port_V30,0.46791769340959205
1991-09-30,1991,9,port_V29,0.5409293477159204
1991-09-30,1991,9,port_V30,0.45907065228407956
1991-10-31,1991,10,port_V29,0.5451352266699176
1991-10-31,1991,10,port_V30,0.4548647733300823
1991-11-30,1991,11,port_V29,0.5545168854864975
1991-11-30,1991,11,port_V30,0.44548311451350264
1991-12-31,1991,12,port_V29,0.5636470202321713
1991-12-31,1991,12,port_V30,0.4363529797678287
1992-01-31,1992,1,port_V29,0.5785964298765232
1992-01-31,1992,1,port_V30,0.4214035701234769
1992-02-29,1992,2,port_V29,0.5847172727060093
1992-02-29,1992,2,port_V30,0.41528272729399074
1992-03-31,1992,3,port_V29,0.5959342258499755
1992-03-31,1992,3,port_V30,0.4040657741500245
1992-04-30,1992,4,port_V29,0.6004736167562231
1992-04-30,1992,4,port_V30,0.399526383243777
1992-05-31,1992,5,port_V29,0.5970534763402756
1992-05-31,1992,5,port_V30,0.4029465236597244
1992-06-30,1992,6,port_V29,0.5917310401750663
1992-06-30,1992,6,port_V30,0.4082689598249338
1992-07-31,1992,7,port_V29,0.5395801331370952
1992-07-31,1992,7,port_V30,0.46041986686290487
1992-08-31,1992,8,port_V29,0.5426537153473029
1992-08-31,1992,8,port_V30,0.45734628465269717
1992-09-30,1992,9,port_V29,0.5588184954257417
1992-09-30,1992,9,port_V30,0.44118150457425837
1992-10-31,1992,10,port_V29,0.5603041606869109
1992-10-31,1992,10,port_V30,0.4396958393130891
1992-11-30,1992,11,port_V29,0.5610328529835079
1992-11-30,1992,11,port_V30,0.43896714701649203
1992-12-31,1992,12,port_V29,0.5684103378895851
1992-12-31,1992,12,port_V30,0.4315896621104149
1993-01-31,1993,1,port_V29,0.5805378713234808
1993-01-31,1993,1,port_V30,0.41946212867651916
1993-02-28,1993,2,port_V29,0.6239738333616922
1993-02-28,1993,2,port_V30,0.3760261666383079
1993-03-31,1993,3,port_V29,0.6462945453363177
1993-03-31,1993,3,port_V30,0.35370545466368236
1993-04-30,1993,4,port_V29,0.6635840574480445
1993-04-30,1993,4,port_V30,0.33641594255195556
1993-05-31,1993,5,port_V29,0.6876906270188885
1993-05-31,1993,5,port_V30,0.31230937298111144
1993-06-30,1993,6,port_V29,0.706132573121808
1993-06-30,1993,6,port_V30,0.29386742687819195
1993-07-31,1993,7,port_V29,1.0
1993-08-31,1993,8,port_V29,1.0
1993-09-30,1993,9,port_V29,1.0
1993-10-31,1993,10,port_V29,1.0
1993-11-30,1993,11,port_V29,1.0
1993-12-31,1993,12,port_V29,1.0
1994-01-31,1994,1,port_V29,1.0
1994-02-28,1994,2,port_V29,1.0
1994-03-31,1994,3,port_V29,1.0
1994-04-30,1994,4,port_V29,1.0
1994-05-31,1994,5,port_V29,1.0
1994-06-30,1994,6,port_V29,1.0
1994-07-31,1994,7,port_V29,1.0
1994-08-31,1994,8,port_V29,1.0
1994-09-30,1994,9,port_V29,1.0
1994-10-31,1994,10,port_V29,1.0
1994-11-30,1994,11,port_V29,1.0
1994-12-31,1994,12,port_V29,1.0
1995-01-31,1995,1,port_V29,1.0
1995-02-28,1995,2,port_V29,1.0
1995-03-31,1995,3,port_V29,1.0
1995-04-30,1995,4,port_V29,1.0
1995-05-31,1995,5,port_V29,1.0
1995-06-30,1995,6,port_V29,1.0
1995-07-31,1995,7,port_V29,1.0
1995-08-31,1995,8,port_V29,1.0
1995-09-30,1995,9,port_V29,1.0
1995-10-31,1995,10,port_V29,1.0
1995-11-30,1995,11,port_V29,1.0
1995-12-31,1995,12,port_V29,1.0
1996-01-31,1996,1,port_V29,1.0
1996-02-29,1996,2,port_V29,1.0
1996-03-31,1996,3,port_V29,1.0
1996-04-30,1996,4,port_V29,1.0
1996-05-31,1996,5,port_V29,1.0
1996-06-30,1996,6,port_V29,1.0
1996-07-31,1996,7,port_V29,1.0
1996-08-31,1996,8,port_V29,1.0
1996-09-30,1996,9,port_V29,1.0
1996-10-31,1996,10,port_V29,1.0
1996-11-30,1996,11,port_V29,1.0
1996-12-31,1996,12,port_V29,1.0
1997-01-31,1997,1,port_V29,1.0
1997-02-28,1997,2,port_V29,1.0
1997-03-31,1997,3,port_V29,1.0
1997-04-30,1997,4,port_V29,1.0
1997-05-31,1997,5,port_V29,1.0
1997-06-30,1997,6,port_V29,1.0
1997-07-31,1997,7,port_V29,1.0
1997-08-31,1997,8,port_V29,1.0
1997-09-30,1997,9,port_V29,1.0
1997-10-31,1997,10,port_V29,1.0
1997-11-30,1997,11,port_V29,1.0
1997-12-31,1997,12,port_V29,1.0
1998-01-31,1998,1,port_V29,1.0
1998-02-28,1998,2,port_V29,1.0
1998-03-31,1998,3,port_V29,1.0
1998-04-30,1998,4,port_V29,1.0
1998-05-31,1998,5,port_V29,1.0
1998-06-30,1998,6,port_V29,1.0
1998-07-31,1998,7,port_V9,0.12048452050255609
1998-07-31,1998,7,port_V18,0.07105466536062442
1998-07-31,1998,7,port_V29,0.8084608141368194
1998-08-31,1998,8,port_V9,0.12971160178685284
1998-08-31,1998,8,port_V18,0.07219936144217202
1998-08-31,1998,8,port_V29,0.7980890367709752
1998-09-30,1998,9,port_V9,0.13003317754666066
1998-09-30,1998,9,port_V18,0.07234750825976702
1998-09-30,1998,9,port_V29,0.7976193141935723
1998-10-31,1998,10,port_V9,0.14032269710074433
1998-10-31,1998,10,port_V18,0.07513971165933098
1998-10-31,1998,10,port_V29,0.7845375912399247
1998-11-30,1998,11,port_V9,0.15047171694024655
1998-11-30,1998,11,port_V18,0.0782335298044969
1998-11-30,1998,11,port_V29,0.7712947532552564
1998-12-31,1998,12,port_V9,0.16555656196159568
1998-12-31,1998,12,port_V18,0.07915279815405143
1998-12-31,1998,12,port_V29,0.755290639884353
1999-01-31,1999,1,port_V9,0.16557783233304785
1999-01-31,1999,1,port_V18,0.08513214665082187
1999-01-31,1999,1,port_V29,0.7492900210161303
1999-02-28,1999,2,port_V9,0.16825790844177607
1999-02-28,1999,2,port_V18,0.08650271307576503
1999-02-28,1999,2,port_V29,0.745239378482459
1999-03-31,1999,3,port_V9,0.1856607250451231
1999-03-31,1999,3,port_V18,0.0883621096881898
1999-03-31,1999,3,port_V29,0.7259771652666871
1999-04-30,1999,4,port_V9,0.18442310833256353
1999-04-30,1999,4,port_V18,0.09285801112401111
1999-04-30,1999,4,port_V29,0.7227188805434255
1999-05-31,1999,5,port_V9,0.19076124031554764
1999-05-31,1999,5,port_V18,0.09689158960321356
1999-05-31,1999,5,port_V29,0.7123471700812388
1999-06-30,1999,6,port_V9,0.20005178124471315
1999-06-30,1999,6,port_V18,0.10065999804542942
1999-06-30,1999,6,port_V29,0.6992882207098575
1999-07-31,1999,7,port_V9,0.15300901274468795
1999-07-31,1999,7,port_V18,0.242713222888979
1999-07-31,1999,7,port_V25,0.028936675225728053
1999-07-31,1999,7,port_V29,0.5753410891406051
1999-08-31,1999,8,port_V9,0.14292092311448668
1999-08-31,1999,8,port_V18,0.23981093609726833
1999-08-31,1999,8,port_V25,0.02956182771854335
1999-08-31,1999,8,port_V29,0.5877063130697017
1999-09-30,1999,9,port_V9,0.13599073093547265
1999-09-30,1999,9,port_V18,0.2488216481804396
1999-09-30,1999,9,port_V25,0.029738126798145026
1999-09-30,1999,9,port_V29,0.5854494940859428
1999-10-31,1999,10,port_V9,0.12693982321765482
1999-10-31,1999,10,port_V18,0.1676579651933264
1999-10-31,1999,10,port_V25,0.0338780939079675
1999-10-31,1999,10,port_V29,0.6715241176810514
1999-11-30,1999,11,port_V9,0.11381583686853092
1999-11-30,1999,11,port_V18,0.15987240068418704
1999-11-30,1999,11,port_V25,0.0352614276270147
1999-11-30,1999,11,port_V29,0.6910503348202673
1999-12-31,1999,12,port_V9,0.10009420222918651
1999-12-31,1999,12,port_V18,0.15947428169910863
1999-12-31,1999,12,port_V25,0.03513559202076275
1999-12-31,1999,12,port_V29,0.7052959240509421
2000-01-31,2000,1,port_V9,0.05230118489151371
2000-01-31,2000,1,port_V18,0.14636930458195332
2000-01-31,2000,1,port_V25,0.03621738651712631
2000-01-31,2000,1,port_V29,0.7651121240094065
2000-02-29,2000,2,port_V9,0.05301007546547645
2000-02-29,2000,2,port_V18,0.14704369379410437
2000-02-29,2000,2,port_V25,0.03425339555360985
2000-02-29,2000,2,port_V29,0.7656928351868094
2000-03-31,2000,3,port_V9,0.03570220701060334
2000-03-31,2000,3,port_V18,0.1447874550945977
2000-03-31,2000,3,port_V25,0.030096675305887607
2000-03-31,2000,3,port_V29,0.7894136625889114
2000-04-30,2000,4,port_V18,0.1407114462807459
2000-04-30,2000,4,port_V21,0.08300564388527606
2000-04-30,2000,4,port_V25,0.02703088720551129
2000-04-30,2000,4,port_V29,0.7492520226284668
2000-05-31,2000,5,port_V18,0.1334420854552033
2000-05-31,2000,5,port_V21,0.13297427616576113
2000-05-31,2000,5,port_V25,0.025281463945402764
2000-05-31,2000,5,port_V29,0.7083021744336329
2000-06-30,2000,6,port_V18,0.11501815218129047
2000-06-30,2000,6,port_V21,0.16830067693721673
2000-06-30,2000,6,port_V25,0.024508890921777614
2000-06-30,2000,6,port_V29,0.6921722799597153
2000-07-31,2000,7,port_V18,0.0928137469084561
2000-07-31,2000,7,port_V21,0.6060278157580479
2000-07-31,2000,7,port_V29,0.3011584373334961
2000-08-31,2000,8,port_V18,0.0579313262498108
2000-08-31,2000,8,port_V21,0.6589427044332417
2000-08-31,2000,8,port_V29,0.28312596931694767
2000-09-30,2000,9,port_V18,0.0393582637334152
2000-09-30,2000,9,port_V21,0.7106382233721608
2000-09-30,2000,9,port_V29,0.2500035128944242
2000-10-31,2000,10,port_V21,0.7743968976073674
2000-10-31,2000,10,port_V29,0.22560310239263262
2000-11-30,2000,11,port_V21,0.8023665734304519
2000-11-30,2000,11,port_V29,0.19763342656954813
2000-12-31,2000,12,port_V21,0.8732925629762582
2000-12-31,2000,12,port_V29,0.12670743702374185
2001-01-31,2001,1,port_V21,1.0
2001-02-28,2001,2,port_V21,1.0
2001-03-31,2001,3,port_V21,1.0
2001-04-30,2001,4,port_V21,1.0
2001-05-31,2001,5,port_V21,1.0
2001-06-30,2001,6,port_V21,1.0
2001-07-31,2001,7,port_V21,1.0
2001-08-31,2001,8,port_V21,1.0
2001-09-30,2001,9,port_V21,1.0
2001-10-31,2001,10,port_V21,1.0
2001-11-30,2001,11,port_V21,1.0
2001-12-31,2001,12,port_V21,1.0
2002-01-31,2002,1,port_V21,1.0
2002-02-28,2002,2,port_V21,1.0
2002-03-31,2002,3,port_V21,1.0
2002-04-30,2002,4,port_V21,1.0
2002-05-31,2002,5,port_V21,1.0
2002-06-30,2002,6,port_V21,1.0
2002-07-31,2002,7,port_V21,1.0
2002-08-31,2002,8,port_V21,1.0
2002-09-30,2002,9,port_V21,1.0
2002-10-31,2002,10,port_V21,1.0
2002-11-30,2002,11,port_V21,1.0
2002-12-31,2002,12,port_V21,1.0
2003-01-31,2003,1,port_V21,1.0
2003-02-28,2003,2,port_V21,1.0
2003-03-31,2003,3,port_V21,1.0
2003-04-30,2003,4,port_V21,1.0
2003-05-31,2003,5,port_V21,1.0
2003-06-30,2003,6,port_V21,1.0
2003-07-31,2003,7,port_V21,1.0
2003-08-31,2003,8,port_V21,1.0
2003-09-30,2003,9,port_V21,1.0
2003-10-31,2003,10,port_V21,1.0
2003-11-30,2003,11,port_V21,1.0
2003-12-31,2003,12,port_V21,1.0
2004-01-31,2004,1,port_V21,1.0
2004-02-29,2004,2,port_V21,1.0
2004-03-31,2004,3,port_V21,1.0
2004-04-30,2004,4,port_V21,1.0
2004-05-31,2004,5,port_V21,1.0
2004-06-30,2004,6,port_V21,1.0
2004-07-31,2004,7,port_V6,0.19195848255894876
2004-07-31,2004,7,port_V21,0.8080415174410513
2004-08-31,2004,8,port_V6,0.1978737040912287
2004-08-31,2004,8,port_V21,0.8021262959087712
2004-09-30,2004,9,port_V6,0.20863390286689948
2004-09-30,2004,9,port_V21,0.7913660971331005
2004-10-31,2004,10,port_V6,0.22088405634164374
2004-10-31,2004,10,port_V21,0.7791159436583561
2004-11-30,2004,11,port_V6,0.22579103482497284
2004-11-30,2004,11,port_V21,0.7742089651750271
2004-12-31,2004,12,port_V6,0.23323187279394808
2004-12-31,2004,12,port_V21,0.7667681272060518
2005-01-31,2005,1,port_V6,0.2413136239898804
2005-01-31,2005,1,port_V21,0.7586863760101196
2005-02-28,2005,2,port_V6,0.24384901704444448
2005-02-28,2005,2,port_V21,0.7561509829555554
2005-03-31,2005,3,port_V6,0.24249215931584034
2005-03-31,2005,3,port_V21,0.7575078406841597
2005-04-30,2005,4,port_V6,0.2505003110892845
2005-04-30,2005,4,port_V21,0.7494996889107155
2005-05-31,2005,5,port_V6,0.28055101911589964
2005-05-31,2005,5,port_V21,0.7194489808841005
2005-06-30,2005,6,port_V6,0.28055101911589964
2005-06-30,2005,6,port_V21,0.7194489808841005
2005-07-31,2005,7,port_V5,0.12879533395000164
2005-07-31,2005,7,port_V6,0.3204816823941361
2005-07-31,2005,7,port_V21,0.5507229836558623
2005-08-31,2005,8,port_V5,0.12959952991930193
2005-08-31,2005,8,port_V6,0.3282324192831174
2005-08-31,2005,8,port_V21,0.5421680507975807
2005-09-30,2005,9,port_V5,0.12369676065409801
2005-09-30,2005,9,port_V6,0.3412962229182587
2005-09-30,2005,9,port_V21,0.5350070164276435
2005-10-31,2005,10,port_V5,0.12751408816113646
2005-10-31,2005,10,port_V6,0.348615334144715
2005-10-31,2005,10,port_V21,0.5238705776941485
2005-11-30,2005,11,port_V5,0.12228020850453206
2005-11-30,2005,11,port_V6,0.3603444479483032
2005-11-30,2005,11,port_V21,0.5173753435471646
2005-12-31,2005,12,port_V5,0.11897694391538677
2005-12-31,2005,12,port_V6,0.36931069301212566
2005-12-31,2005,12,port_V21,0.5117123630724876
2006-01-31,2006,1,port_V5,0.1193294936673505
2006-01-31,2006,1,port_V6,0.3897391735546463
2006-01-31,2006,1,port_V21,0.49093133277800305
2006-02-28,2006,2,port_V5,0.12772643706700526
2006-02-28,2006,2,port_V6,0.3906652608930324
2006-02-28,2006,2,port_V21,0.48160830203996224
2006-03-31,2006,3,port_V5,0.11865955641212733
2006-03-31,2006,3,port_V6,0.406554421314131
2006-03-31,2006,3,port_V21,0.4747860222737417
2006-04-30,2006,4,port_V5,0.119143308292307
2006-04-30,2006,4,port_V6,0.41678399575089486
2006-04-30,2006,4,port_V21,0.4640726959567982
2006-05-31,2006,5,port_V5,0.1224095666548062
2006-05-31,2006,5,port_V6,0.4330752997753902
2006-05-31,2006,5,port_V21,0.44451513356980366
2006-06-30,2006,6,port_V5,0.11575584292361517
2006-06-30,2006,6,port_V6,0.45436701741674673
2006-06-30,2006,6,port_V21,0.42987713965963814
2006-07-31,2006,7,port_V5,0.09158592597835515
2006-07-31,2006,7,port_V6,0.47514562024640017
2006-07-31,2006,7,port_V13,0.13591504880553168
2006-07-31,2006,7,port_V21,0.29735340496971296
2006-08-31,2006,8,port_V5,0.08570179866401376
2006-08-31,2006,8,port_V6,0.47922964109399646
2006-08-31,2006,8,port_V13,0.13648882423398262
2006-08-31,2006,8,port_V21,0.29857973600800725
2006-09-30,2006,9,port_V5,0.08574597297154092
2006-09-30,2006,9,port_V6,0.4886439948445417
2006-09-30,2006,9,port_V13,0.13186468746083482
2006-09-30,2006,9,port_V21,0.2937453447230826
2006-10-31,2006,10,port_V5,0.08407516360276289
2006-10-31,2006,10,port_V6,0.48729318874975147
2006-10-31,2006,10,port_V13,0.13294724268375754
2006-10-31,2006,10,port_V21,0.2956844049637281
2006-11-30,2006,11,port_V5,0.08101171202484332
2006-11-30,2006,11,port_V6,0.4920927396601422
2006-11-30,2006,11,port_V13,0.13687356259982683
2006-11-30,2006,11,port_V21,0.29002198571518767
2006-12-31,2006,12,port_V5,0.07781276188582455
2006-12-31,2006,12,port_V6,0.5001056276126258
2006-12-31,2006,12,port_V13,0.14851682619361753
2006-12-31,2006,12,port_V21,0.2735647843079322
2007-01-31,2007,1,port_V5,0.07552177618719791
2007-01-31,2007,1,port_V6,0.5167655865445805
2007-01-31,2007,1,port_V13,0.14787235533528004
2007-01-31,2007,1,port_V21,0.2598402819329417
2007-02-28,2007,2,port_V5,0.07259898599878464
2007-02-28,2007,2,port_V6,0.5439025883921548
2007-02-28,2007,2,port_V13,0.1601909628643231
2007-02-28,2007,2,port_V21,0.22330746274473745
2007-03-31,2007,3,port_V5,0.07346834971783935
2007-03-31,2007,3,port_V6,0.5600897757321948
2007-03-31,2007,3,port_V13,0.15508308937330254
2007-03-31,2007,3,port_V21,0.21135878517666346
2007-04-30,2007,4,port_V5,0.0689419755928148
2007-04-30,2007,4,port_V6,0.5664895304290084
2007-04-30,2007,4,port_V13,0.1546507595083317
2007-04-30,2007,4,port_V21,0.2099177344698452
2007-05-31,2007,5,port_V5,0.06784038710851803
2007-05-31,2007,5,port_V6,0.5575957248740387
2007-05-31,2007,5,port_V13,0.16565206643901476
2007-05-31,2007,5,port_V21,0.20891182157842858
2007-06-30,2007,6,port_V5,0.06354683180294068
2007-06-30,2007,6,port_V6,0.558861051417744
2007-06-30,2007,6,port_V13,0.16603951208441778
2007-06-30,2007,6,port_V21,0.21155260469489764
2007-07-31,2007,7,port_V6,0.5492449795680179
2007-07-31,2007,7,port_V13,0.27679611801186343
2007-07-31,2007,7,port_V21,0.1739589024201187
2007-08-31,2007,8,port_V6,0.5351981372202664
2007-08-31,2007,8,port_V13,0.2893217067891176
2007-08-31,2007,8,port_V21,0.175480155990616
2007-09-30,2007,9,port_V6,0.5372388285500685
2007-09-30,2007,9,port_V13,0.29575098744557915
2007-09-30,2007,9,port_V21,0.1670101840043524
2007-10-31,2007,10,port_V6,0.5256237682157536
2007-10-31,2007,10,port_V13,0.3079209876746358
2007-10-31,2007,10,port_V21,0.16645524410961057
2007-11-30,2007,11,port_V6,0.5187856411636964
2007-11-30,2007,11,port_V13,0.32047645740748437
2007-11-30,2007,11,port_V21,0.16073790142881933
2007-12-31,2007,12,port_V6,0.5359357896272181
2007-12-31,2007,12,port_V13,0.3154425477040719
2007-12-31,2007,12,port_V21,0.14862166266871
2008-01-31,2008,1,port_V6,0.5432663522315269
2008-01-31,2008,1,port_V13,0.3127875546765397
2008-01-31,2008,1,port_V21,0.14394609309193343
2008-02-29,2008,2,port_V6,0.5272413853720093
2008-02-29,2008,2,port_V13,0.3290417324035192
2008-02-29,2008,2,port_V21,0.14371688222447154
2008-03-31,2008,3,port_V6,0.5388393931764146
2008-03-31,2008,3,port_V13,0.31860508874253074
2008-03-31,2008,3,port_V21,0.14255551808105468
2008-04-30,2008,4,port_V6,0.5144351019797587
2008-04-30,2008,4,port_V13,0.34965366766316797
2008-04-30,2008,4,port_V21,0.1359112303570733
2008-05-31,2008,5,port_V6,0.516597370205329
2008-05-31,2008,5,port_V13,0.3599959260489874
2008-05-31,2008,5,port_V21,0.12340670374568363
2008-06-30,2008,6,port_V6,0.514722624139971
2008-06-30,2008,6,port_V13,0.36640461164494315
2008-06-30,2008,6,port_V21,0.11887276421508589
2008-07-31,2008,7,port_V6,0.5010935237695299
2008-07-31,2008,7,port_V13,0.4989064762304702
2008-08-31,2008,8,port_V6,0.4893367437369957
2008-08-31,2008,8,port_V13,0.5106632562630042
2008-09-30,2008,9,port_V6,0.4923564899209083
2008-09-30,2008,9,port_V13,0.5076435100790917
2008-10-31,2008,10,port_V6,0.4815278718635802
2008-10-31,2008,10,port_V13,0.5184721281364197
2008-11-30,2008,11,port_V6,0.5040112062965629
2008-11-30,2008,11,port_V13,0.495988793703437
2008-12-31,2008,12,port_V6,0.4863383482930338
2008-12-31,2008,12,port_V13,0.5136616517069663
2009-01-31,2009,1,port_V6,0.5170076164630483
2009-01-31,2009,1,port_V13,0.4829923835369517
2009-02-28,2009,2,port_V6,0.4802531910488296
2009-02-28,2009,2,port_V13,0.5197468089511705
2009-03-31,2009,3,port_V6,0.5028340491412217
2009-03-31,2009,3,port_V13,0.49716595085877835
2009-04-30,2009,4,port_V6,0.4816801555028663
2009-04-30,2009,4,port_V13,0.5183198444971338
2009-05-31,2009,5,port_V6,0.4894050942341122
2009-05-31,2009,5,port_V13,0.5105949057658877
2009-06-30,2009,6,port_V6,0.499804181247374
2009-06-30,2009,6,port_V13,0.5001958187526261
2009-07-31,2009,7,port_V6,0.607939942530608
2009-07-31,2009,7,port_V13,0.39206005746939193
2009-08-31,2009,8,port_V6,0.5783701113305609
2009-08-31,2009,8,port_V13,0.4216298886694392
2009-09-30,2009,9,port_V6,0.5696411971554362
2009-09-30,2009,9,port_V13,0.43035880284456385
2009-10-31,2009,10,port_V6,0.5848243780728373
2009-10-31,2009,10,port_V13,0.4151756219271628
2009-11-30,2009,11,port_V6,0.5972817350208663
2009-11-30,2009,11,port_V13,0.4027182649791336
2009-12-31,2009,12,port_V6,0.6426252432806558
2009-12-31,2009,12,port_V13,0.3573747567193442
2010-01-31,2010,1,port_V6,0.6551394508039219
2010-01-31,2010,1,port_V13,0.34486054919607817
2010-02-28,2010,2,port_V6,0.6963388892140151
2010-02-28,2010,2,port_V13,0.3036611107859849
2010-03-31,2010,3,port_V6,0.7073010439671028
2010-03-31,2010,3,port_V13,0.2926989560328972
2010-04-30,2010,4,port_V6,0.7299843488062198
2010-04-30,2010,4,port_V13,0.2700156511937801
2010-05-31,2010,5,port_V6,0.7266937380670491
2010-05-31,2010,5,port_V13,0.273306261932951
2010-06-30,2010,6,port_V6,0.7154342675625703
2010-06-30,2010,6,port_V13,0.2845657324374298
2010-07-31,2010,7,port_V6,0.5488081862073801
2010-07-31,2010,7,port_V13,0.4511918137926198
2010-08-31,2010,8,port_V6,0.5364826352777387
2010-08-31,2010,8,port_V13,0.46351736472226135
2010-09-30,2010,9,port_V6,0.5188376315122585
2010-09-30,2010,9,port_V13,0.48116236848774147
2010-10-31,2010,10,port_V6,0.48344960965264744
2010-10-31,2010,10,port_V13,0.5165503903473525
2010-11-30,2010,11,port_V6,0.452559117778891
2010-11-30,2010,11,port_V13,0.5474408822211091
2010-12-31,2010,12,port_V6,0.38143428485298775
2010-12-31,2010,12,port_V13,0.6185657151470122
2011-01-31,2011,1,port_V6,0.3461747145197305
2011-01-31,2011,1,port_V13,0.6538252854802696
2011-02-28,2011,2,port_V6,0.3362438340112091
2011-02-28,2011,2,port_V13,0.663756165988791
2011-03-31,2011,3,port_V6,0.3021269542659649
2011-03-31,2011,3,port_V13,0.6978730457340351
2011-04-30,2011,4,port_V6,0.3077888652233408
2011-04-30,2011,4,port_V13,0.6922111347766593
2011-05-31,2011,5,port_V6,0.2800846646524997
2011-05-31,2011,5,port_V13,0.7199153353475004
2011-06-30,2011,6,port_V6,0.26159451117564203
2011-06-30,2011,6,port_V13,0.738405488824358
2011-07-31,2011,7,port_V13,0.6889607869609977
2011-07-31,2011,7,port_V15,0.3110392130390023
2011-08-31,2011,8,port_V13,0.6877358516751045
2011-08-31,2011,8,port_V15,0.3122641483248954
2011-09-30,2011,9,port_V13,0.7101462002892645
2011-09-30,2011,9,port_V15,0.2898537997107356
2011-10-31,2011,10,port_V13,0.7095698030220303
2011-10-31,2011,10,port_V15,0.2904301969779697
2011-11-30,2011,11,port_V13,0.691343730332571
2011-11-30,2011,11,port_V15,0.30865626966742904
2011-12-31,2011,12,port_V13,0.6458517177978936
2011-12-31,2011,12,port_V15,0.35414828220210637
2012-01-31,2012,1,port_V13,0.6329930886254684
2012-01-31,2012,1,port_V15,0.3670069113745316
2012-02-29,2012,2,port_V13,0.6179395592692047
2012-02-29,2012,2,port_V15,0.38206044073079537
2012-03-31,2012,3,port_V13,0.60533570267463
2012-03-31,2012,3,port_V15,0.39466429732537
2012-04-30,2012,4,port_V13,0.6217396462571742
2012-04-30,2012,4,port_V15,0.37826035374282596
2012-05-31,2012,5,port_V13,0.6028593165847251
2012-05-31,2012,5,port_V15,0.39714068341527486
2012-06-30,2012,6,port_V13,0.6059683200276682
2012-06-30,2012,6,port_V15,0.3940316799723319
2012-07-31,2012,7,port_V13,0.5357381147415295
2012-07-31,2012,7,port_V15,0.46426188525847056
2012-08-31,2012,8,port_V13,0.5306231089091412
2012-08-31,2012,8,port_V15,0.4693768910908589
2012-09-30,2012,9,port_V13,0.502874020135062
2012-09-30,2012,9,port_V15,0.4971259798649381
2012-10-31,2012,10,port_V13,0.49304254059617336
2012-10-31,2012,10,port_V15,0.5069574594038267
2012-11-30,2012,11,port_V13,0.46356397544381284
2012-11-30,2012,11,port_V15,0.5364360245561871
2012-12-31,2012,12,port_V13,0.48681312170461405
2012-12-31,2012,12,port_V15,0.513186878295386
2013-01-31,2013,1,port_V13,0.4456955728187659
2013-01-31,2013,1,port_V15,0.5543044271812341
2013-02-28,2013,2,port_V13,0.4467417295852305
2013-02-28,2013,2,port_V15,0.5532582704147696
2013-03-31,2013,3,port_V13,0.42067556791785016
2013-03-31,2013,3,port_V15,0.5793244320821498
2013-04-30,2013,4,port_V13,0.39918009760635703
2013-04-30,2013,4,port_V15,0.600819902393643
2013-05-31,2013,5,port_V13,0.38327643365899117
2013-05-31,2013,5,port_V15,0.6167235663410088
2013-06-30,2013,6,port_V13,0.4027981481093338
2013-06-30,2013,6,port_V15,0.5972018518906663
2013-07-31,2013,7,port_V13,0.4730667611636392
2013-07-31,2013,7,port_V15,0.5269332388363609
2013-08-31,2013,8,port_V13,0.4454152370660967
2013-08-31,2013,8,port_V15,0.5545847629339034
2013-09-30,2013,9,port_V13,0.46549883436726436
2013-09-30,2013,9,port_V15,0.5345011656327358
2013-10-31,2013,10,port_V13,0.485035036051996
2013-10-31,2013,10,port_V15,0.5149649639480041
2013-11-30,2013,11,port_V13,0.4656246798337927
2013-11-30,2013,11,port_V15,0.5343753201662074
2013-12-31,2013,12,port_V13,0.4785603486643491
2013-12-31,2013,12,port_V15,0.5214396513356508
2014-01-31,2014,1,port_V13,0.458831392748161
2014-01-31,2014,1,port_V15,0.541168607251839
2014-02-28,2014,2,port_V13,0.4326003356568952
2014-02-28,2014,2,port_V15,0.5673996643431047
2014-03-31,2014,3,port_V13,0.417090512311331
2014-03-31,2014,3,port_V15,0.582909487688669
2014-04-30,2014,4,port_V13,0.42544435657816443
2014-04-30,2014,4,port_V15,0.5745556434218355
2014-05-31,2014,5,port_V13,0.37450686249970233
2014-05-31,2014,5,port_V15,0.6254931375002977
2014-06-30,2014,6,port_V13,0.37249514415699797
2014-06-30,2014,6,port_V15,0.6275048558430021
2014-07-31,2014,7,port_V10,0.005416055345884924
2014-07-31,2014,7,port_V13,0.3445841147868504
2014-07-31,2014,7,port_V15,0.6499998298672647
2014-08-31,2014,8,port_V10,0.005650175377462754
2014-08-31,2014,8,port_V13,0.3357778771723416
2014-08-31,2014,8,port_V15,0.6585719474501956
2014-09-30,2014,9,port_V10,0.006661033499802598
2014-09-30,2014,9,port_V13,0.3277822832590852
2014-09-30,2014,9,port_V15,0.6655566832411123
2014-10-31,2014,10,port_V10,0.006611286879865952
2014-10-31,2014,10,port_V13,0.33224701653456296
2014-10-31,2014,10,port_V15,0.6611416965855711
2014-11-30,2014,11,port_V10,0.007117592554012835
2014-11-30,2014,11,port_V13,0.34772912687996027
2014-11-30,2014,11,port_V15,0.6451532805660269
2014-12-31,2014,12,port_V10,0.0071026345710071565
2014-12-31,2014,12,port_V13,0.3614363843568391
2014-12-31,2014,12,port_V15,0.6314609810721539
2015-01-31,2015,1,port_V10,0.007408036761263791
2015-01-31,2015,1,port_V13,0.35323371590156644
2015-01-31,2015,1,port_V15,0.6393582473371697
2015-02-28,2015,2,port_V10,0.00862475383180094
2015-02-28,2015,2,port_V13,0.34604652907207767
2015-02-28,2015,2,port_V15,0.6453287170961214
2015-03-31,2015,3,port_V10,0.008843933643265764
2015-03-31,2015,3,port_V13,0.36218702620220194
2015-03-31,2015,3,port_V15,0.6289690401545323
2015-04-30,2015,4,port_V10,0.008115355525612876
2015-04-30,2015,4,port_V13,0.35247576846346534
2015-04-30,2015,4,port_V15,0.6394088760109219
2015-05-31,2015,5,port_V10,0.00892673859760131
2015-05-31,2015,5,port_V13,0.3616066214564578
2015-05-31,2015,5,port_V15,0.6294666399459409
2015-06-30,2015,6,port_V10,0.008244906959723011
2015-06-30,2015,6,port_V13,0.3270057319549365
2015-06-30,2015,6,port_V15,0.6647493610853406
2015-07-31,2015,7,port_V13,0.3593508529236011
2015-07-31,2015,7,port_V15,0.640649147076399
2015-08-31,2015,8,port_V13,0.3608957168108978
2015-08-31,2015,8,port_V15,0.6391042831891022
2015-09-30,2015,9,port_V13,0.32955026333508236
2015-09-30,2015,9,port_V15,0.6704497366649177
2015-10-31,2015,10,port_V13,0.33544283388001905
2015-10-31,2015,10,port_V15,0.664557166119981
2015-11-30,2015,11,port_V13,0.3521470239620705
2015-11-30,2015,11,port_V15,0.6478529760379296
2015-12-31,2015,12,port_V13,0.349881769767698
2015-12-31,2015,12,port_V15,0.650118230232302
2016-01-31,2016,1,port_V13,0.32707676562355414
2016-01-31,2016,1,port_V15,0.6729232343764459
2016-02-29,2016,2,port_V13,0.3347697041447514
2016-02-29,2016,2,port_V15,0.6652302958552486
2016-03-31,2016,3,port_V13,0.3482787262799949
2016-03-31,2016,3,port_V15,0.6517212737200052
2016-04-30,2016,4,port_V13,0.36653770153219956
2016-04-30,2016,4,port_V15,0.6334622984678006
2016-05-31,2016,5,port_V13,0.3757072532857477
2016-05-31,2016,5,port_V15,0.6242927467142524
2016-06-30,2016,6,port_V13,0.410526298854345
2016-06-30,2016,6,port_V15,0.5894737011456551
2016-07-31,2016,7,port_V13,0.6629701124344907
2016-07-31,2016,7,port_V15,0.3370298875655094
2016-08-31,2016,8,port_V13,0.6725672865096461
2016-08-31,2016,8,port_V15,0.3274327134903539
2016-09-30,2016,9,port_V10,9.208545601586005e-05
2016-09-30,2016,9,port_V13,0.6705160502852648
2016-09-30,2016,9,port_V15,0.3293918642587194
2016-10-31,2016,10,port_V10,9.575160719748924e-05
2016-10-31,2016,10,port_V13,0.6654062133568936
2016-10-31,2016,10,port_V15,0.3344980350359088
2016-11-30,2016,11,port_V10,0.00010247294252820334
2016-11-30,2016,11,port_V13,0.6625833764777888
2016-11-30,2016,11,port_V15,0.33731415057968306
2016-12-31,2016,12,port_V10,0.00011370500822802908
2016-12-31,2016,12,port_V13,0.6708428721901153
2016-12-31,2016,12,port_V15,0.32904342280165677
